{
  "crs": {
    "properties": {
      "name": "EPSG:4326"
    },
    "type": "name"
  },
  "features": [
    {
      "geometry": {
        "coordinates": [
          [
            -95.8231074309214,
            30.2689021577922
          ],
          [
            -95.8232274759242,
            30.2687139555678
          ],
          [
            -95.82336769259,
            30.2685609402076
          ],
          [
            -95.8235652614775,
            30.2684567688628
          ],
          [
            -95.8237007067323,
            30.2683850970528
          ],
          [
            -95.8239176829399,
            30.2683354059203
          ],
          [
            -95.8241145858522,
            30.2683384467604
          ],
          [
            -95.8242677978325,
            30.268381174634
          ],
          [
            -95.8248340706966,
            30.2686304291026
          ],
          [
            -95.8252420325665,
            30.2688636714806
          ]
        ],
        "type": "LineString"
      },
      "id": 4168,
      "properties": {
        "COMM_PCT": null,
        "Country_L": null,
        "Country_R": null,
        "County_L": null,
        "County_R": null,
        "DiscrpAgID": null,
        "FromAddr_L": null,
        "FromAddr_R": null,
        "IncMuni_L": null,
        "IncMuni_R": null,
        "LSt_Name": null,
        "LSt_PosDir": null,
        "LSt_PreDir": null,
        "LSt_Type": null,
        "MAP_NAME": null,
        "MSAGComm_L": null,
        "MSAGComm_R": null,
        "OBJECTID": null,
        "OBJECTID_1": 4168,
        "PostCode_L": null,
        "PostCode_R": null,
        "RD_CLASS": null,
        "RD_NAME": null,
        "ROAD_NAME": null,
        "RoadClass": null,
        "STREET": "JULIE",
        "SUBDIVISIO": null,
        "SURFACE_TY": null,
        "Shape_Leng": null,
        "Shape__Length": 810.8623744384663,
        "St_Name": null,
        "St_PosDir": null,
        "St_PosMod": null,
        "St_PosTyp": null,
        "St_PreDir": null,
        "St_PreMod": null,
        "St_PreSep": null,
        "St_PreTyp": null,
        "State_L": null,
        "State_R": null,
        "ToAddr_L": null,
        "ToAddr_R": null
      },
      "type": "Feature"
    },
    {
      "geometry": {
        "coordinates": [
          [
            -95.8551571202917,
            30.2496755779676
          ],
          [
            -95.8550267390143,
            30.2497359869562
          ],
          [
            -95.8549904064723,
            30.2497504960192
          ],
          [
            -95.8549468472363,
            30.2497670753258
          ],
          [
            -95.8548984506214,
            30.2497854193067
          ],
          [
            -95.8548468109011,
            30.2498053688375
          ],
          [
            -95.8547911357134,
            30.249826855577
          ],
          [
            -95.8547306182573,
            30.2498502792447
          ],
          [
            -95.8546676188328,
            30.2498759372528
          ],
          [
            -95.8546014209549,
            30.2499022155641
          ],
          [
            -95.8545343633173,
            30.249929966981
          ],
          [
            -95.854465672455,
            30.2499587383165
          ],
          [
            -95.8543970015023,
            30.2499870796644
          ],
          [
            -95.8543266487119,
            30.2500175108833
          ],
          [
            -95.854255466856,
            30.2500487310296
          ],
          [
            -95.8541851279045,
            30.2500788620166
          ],
          [
            -95.8541156477549,
            30.2501075613273
          ],
          [
            -95.8540503035136,
            30.2501325357465
          ],
          [
            -95.8539907251877,
            30.2501527670268
          ],
          [
            -95.8539384263532,
            30.2501698131315
          ],
          [
            -95.8538924814852,
            30.2501865650509
          ],
          [
            -95.8538553106604,
            30.2502020773172
          ],
          [
            -95.85382533469,
            30.2502162062221
          ]
        ],
        "type": "LineString"
      },
      "id": 564,
      "properties": {
        "COMM_PCT": null,
        "Country_L": null,
        "Country_R": null,
        "County_L": null,
        "County_R": null,
        "DiscrpAgID": null,
        "FromAddr_L": null,
        "FromAddr_R": null,
        "IncMuni_L": null,
        "IncMuni_R": null,
        "LSt_Name": null,
        "LSt_PosDir": null,
        "LSt_PreDir": null,
        "LSt_Type": null,
        "MAP_NAME": null,
        "MSAGComm_L": null,
        "MSAGComm_R": null,
        "OBJECTID": null,
        "OBJECTID_1": 564,
        "PostCode_L": null,
        "PostCode_R": null,
        "RD_CLASS": null,
        "RD_NAME": null,
        "ROAD_NAME": null,
        "RoadClass": null,
        "STREET": "LEEWARD COVE",
        "SUBDIVISIO": null,
        "SURFACE_TY": null,
        "Shape_Leng": null,
        "Shape__Length": 464.45577264955955,
        "St_Name": null,
        "St_PosDir": null,
        "St_PosMod": null,
        "St_PosTyp": null,
        "St_PreDir": null,
        "St_PreMod": null,
        "St_PreSep": null,
        "St_PreTyp": null,
        "State_L": null,
        "State_R": null,
        "ToAddr_L": null,
        "ToAddr_R": null
      },
      "type": "Feature"
    },
    {
      "geometry": {
        "coordinates": [
          [
            -95.8231074309214,
            30.2689021577922
          ],
          [
            -95.8228981502102,
            30.2688107033418
          ],
          [
            -95.8226906223218,
            30.2687288659105
          ],
          [
            -95.8225546148035,
            30.2687183432025
          ]
        ],
        "type": "LineString"
      },
      "id": 4169,
      "properties": {
        "COMM_PCT": null,
        "Country_L": null,
        "Country_R": null,
        "County_L": null,
        "County_R": null,
        "DiscrpAgID": null,
        "FromAddr_L": null,
        "FromAddr_R": null,
        "IncMuni_L": null,
        "IncMuni_R": null,
        "LSt_Name": null,
        "LSt_PosDir": null,
        "LSt_PreDir": null,
        "LSt_Type": null,
        "MAP_NAME": null,
        "MSAGComm_L": null,
        "MSAGComm_R": null,
        "OBJECTID": null,
        "OBJECTID_1": 4169,
        "PostCode_L": null,
        "PostCode_R": null,
        "RD_CLASS": null,
        "RD_NAME": null,
        "ROAD_NAME": null,
        "RoadClass": null,
        "STREET": "OAKWOOD",
        "SUBDIVISIO": null,
        "SURFACE_TY": null,
        "Shape_Leng": null,
        "Shape__Length": 189.0312417815353,
        "St_Name": null,
        "St_PosDir": null,
        "St_PosMod": null,
        "St_PosTyp": null,
        "St_PreDir": null,
        "St_PreMod": null,
        "St_PreSep": null,
        "St_PreTyp": null,
        "State_L": null,
        "State_R": null,
        "ToAddr_L": null,
        "ToAddr_R": null
      },
      "type": "Feature"
    },
    {
      "geometry": {
        "coordinates": [
          [
            -95.8275375554456,
            30.2723133661196
          ],
          [
            -95.8273110648277,
            30.2720036848694
          ],
          [
            -95.8272188750411,
            30.2719071361808
          ],
          [
            -95.827060017943,
            30.2717446064381
          ],
          [
            -95.8268469696079,
            30.2715205311719
          ],
          [
            -95.8267788441566,
            30.2714517893144
          ],
          [
            -95.8267121551739,
            30.2713862786549
          ],
          [
            -95.8266241900863,
            30.2713011446526
          ],
          [
            -95.8265395046494,
            30.2712136738714
          ],
          [
            -95.8264767513329,
            30.2711487322081
          ],
          [
            -95.8264131456736,
            30.2710850940125
          ],
          [
            -95.826363933118,
            30.2710357205685
          ],
          [
            -95.8261516270357,
            30.2708127454423
          ],
          [
            -95.8260701870961,
            30.2707406537099
          ],
          [
            -95.8259904501718,
            30.2706660415389
          ]
        ],
        "type": "LineString"
      },
      "id": 2183,
      "properties": {
        "COMM_PCT": null,
        "Country_L": null,
        "Country_R": null,
        "County_L": null,
        "County_R": null,
        "DiscrpAgID": null,
        "FromAddr_L": null,
        "FromAddr_R": null,
        "IncMuni_L": null,
        "IncMuni_R": null,
        "LSt_Name": null,
        "LSt_PosDir": null,
        "LSt_PreDir": null,
        "LSt_Type": null,
        "MAP_NAME": null,
        "MSAGComm_L": null,
        "MSAGComm_R": null,
        "OBJECTID": null,
        "OBJECTID_1": 2183,
        "PostCode_L": null,
        "PostCode_R": null,
        "RD_CLASS": null,
        "RD_NAME": null,
        "ROAD_NAME": null,
        "RoadClass": null,
        "STREET": "MISTY VALLEY",
        "SUBDIVISIO": null,
        "SURFACE_TY": null,
        "Shape_Leng": null,
        "Shape__Length": 774.2541821727684,
        "St_Name": null,
        "St_PosDir": null,
        "St_PosMod": null,
        "St_PosTyp": null,
        "St_PreDir": null,
        "St_PreMod": null,
        "St_PreSep": null,
        "St_PreTyp": null,
        "State_L": null,
        "State_R": null,
        "ToAddr_L": null,
        "ToAddr_R": null
      },
      "type": "Feature"
    },
    {
      "geometry": {
        "coordinates": [
          [
            -95.8351219372568,
            30.2594390694382
          ],
          [
            -95.835289294159,
            30.2592187574731
          ],
          [
            -95.8354110954172,
            30.2590235792415
          ],
          [
            -95.8354441734061,
            30.2589152461127
          ],
          [
            -95.8354765661259,
            30.2587681004517
          ],
          [
            -95.8354937488292,
            30.25870858869
          ],
          [
            -95.8355314722043,
            30.2585476570687
          ],
          [
            -95.8355839288035,
            30.2583667602599
          ],
          [
            -95.8357478041518,
            30.2578996505463
          ],
          [
            -95.8357866965162,
            30.2577801250792
          ],
          [
            -95.8358683245088,
            30.2575191853563
          ],
          [
            -95.8359658216339,
            30.2572574576431
          ],
          [
            -95.8361585517119,
            30.2567530319375
          ],
          [
            -95.8362463608277,
            30.2565220177536
          ],
          [
            -95.8362843822514,
            30.2564146643059
          ],
          [
            -95.8363309232545,
            30.2563016386626
          ],
          [
            -95.8363683888923,
            30.2562062101712
          ],
          [
            -95.8364172672384,
            30.2561204238122
          ],
          [
            -95.836460620797,
            30.2560279033214
          ],
          [
            -95.8364531413631,
            30.255952744332
          ],
          [
            -95.8364035005645,
            30.2558702780395
          ]
        ],
        "type": "LineString"
      },
      "id": 3910,
      "properties": {
        "COMM_PCT": null,
        "Country_L": null,
        "Country_R": null,
        "County_L": null,
        "County_R": null,
        "DiscrpAgID": null,
        "FromAddr_L": null,
        "FromAddr_R": null,
        "IncMuni_L": null,
        "IncMuni_R": null,
        "LSt_Name": null,
        "LSt_PosDir": null,
        "LSt_PreDir": null,
        "LSt_Type": null,
        "MAP_NAME": null,
        "MSAGComm_L": null,
        "MSAGComm_R": null,
        "OBJECTID": null,
        "OBJECTID_1": 3910,
        "PostCode_L": null,
        "PostCode_R": null,
        "RD_CLASS": null,
        "RD_NAME": null,
        "ROAD_NAME": null,
        "RoadClass": null,
        "STREET": "FESTIVAL",
        "SUBDIVISIO": null,
        "SURFACE_TY": null,
        "Shape_Leng": null,
        "Shape__Length": 1378.3117965555753,
        "St_Name": null,
        "St_PosDir": null,
        "St_PosMod": null,
        "St_PosTyp": null,
        "St_PreDir": null,
        "St_PreMod": null,
        "St_PreSep": null,
        "St_PreTyp": null,
        "State_L": null,
        "State_R": null,
        "ToAddr_L": null,
        "ToAddr_R": null
      },
      "type": "Feature"
    },
    {
      "geometry": {
        "coordinates": [
          [
            -95.8311406497977,
            30.255921414814
          ],
          [
            -95.8310909816859,
            30.2559597997854
          ],
          [
            -95.8310463912713,
            30.2559954976465
          ],
          [
            -95.8309999518557,
            30.2560354288901
          ],
          [
            -95.8309501490939,
            30.25607667558
          ],
          [
            -95.8308796335943,
            30.2561372595877
          ],
          [
            -95.8308007883174,
            30.2562348161474
          ],
          [
            -95.8307386269723,
            30.2563286581204
          ],
          [
            -95.8306824567291,
            30.2564356113186
          ],
          [
            -95.8306394058863,
            30.2565444576475
          ],
          [
            -95.8306138856831,
            30.2566668209304
          ],
          [
            -95.8306150049713,
            30.2567843869007
          ],
          [
            -95.8306212031386,
            30.2568992649326
          ],
          [
            -95.8306441300852,
            30.2570448298454
          ],
          [
            -95.8306623787324,
            30.2571844972695
          ],
          [
            -95.8306828103115,
            30.2573127745222
          ],
          [
            -95.8307001465954,
            30.2574366445488
          ],
          [
            -95.8307467408213,
            30.2575894372002
          ],
          [
            -95.830772306162,
            30.2577161289755
          ],
          [
            -95.8307974511985,
            30.2578368282938
          ],
          [
            -95.8308220941399,
            30.2579453740387
          ],
          [
            -95.8308589206359,
            30.258098176253
          ],
          [
            -95.8309300864617,
            30.2585193500528
          ],
          [
            -95.8309874625314,
            30.2588242982217
          ],
          [
            -95.8310375117441,
            30.2590903040924
          ],
          [
            -95.8310481311048,
            30.2591485654158
          ],
          [
            -95.8310192368824,
            30.2591961754893
          ],
          [
            -95.8309622359278,
            30.259217327586
          ],
          [
            -95.8308818068226,
            30.2592260771729
          ],
          [
            -95.8307429007468,
            30.2592304560211
          ],
          [
            -95.8305721463426,
            30.2592313992388
          ],
          [
            -95.8303719911687,
            30.2592336243
          ],
          [
            -95.8302697620901,
            30.2592420638695
          ],
          [
            -95.8300648642213,
            30.2592602075262
          ]
        ],
        "type": "LineString"
      },
      "id": 3901,
      "properties": {
        "COMM_PCT": null,
        "Country_L": null,
        "Country_R": null,
        "County_L": null,
        "County_R": null,
        "DiscrpAgID": null,
        "FromAddr_L": null,
        "FromAddr_R": null,
        "IncMuni_L": null,
        "IncMuni_R": null,
        "LSt_Name": null,
        "LSt_PosDir": null,
        "LSt_PreDir": null,
        "LSt_Type": null,
        "MAP_NAME": null,
        "MSAGComm_L": null,
        "MSAGComm_R": null,
        "OBJECTID": null,
        "OBJECTID_1": 3901,
        "PostCode_L": null,
        "PostCode_R": null,
        "RD_CLASS": null,
        "RD_NAME": null,
        "ROAD_NAME": null,
        "RoadClass": null,
        "STREET": "INWOOD",
        "SUBDIVISIO": null,
        "SURFACE_TY": null,
        "Shape_Leng": null,
        "Shape__Length": 1563.7276762250726,
        "St_Name": null,
        "St_PosDir": null,
        "St_PosMod": null,
        "St_PosTyp": null,
        "St_PreDir": null,
        "St_PreMod": null,
        "St_PreSep": null,
        "St_PreTyp": null,
        "State_L": null,
        "State_R": null,
        "ToAddr_L": null,
        "ToAddr_R": null
      },
      "type": "Feature"
    },
    {
      "geometry": {
        "coordinates": [
          [
            -95.8372794113572,
            30.2630510339642
          ],
          [
            -95.8371072367485,
            30.2630527912543
          ],
          [
            -95.8368870619668,
            30.2630534220415
          ],
          [
            -95.8354003037406,
            30.2631586370923
          ]
        ],
        "type": "LineString"
      },
      "id": 3904,
      "properties": {
        "COMM_PCT": null,
        "Country_L": null,
        "Country_R": null,
        "County_L": null,
        "County_R": null,
        "DiscrpAgID": null,
        "FromAddr_L": null,
        "FromAddr_R": null,
        "IncMuni_L": null,
        "IncMuni_R": null,
        "LSt_Name": null,
        "LSt_PosDir": null,
        "LSt_PreDir": null,
        "LSt_Type": null,
        "MAP_NAME": null,
        "MSAGComm_L": null,
        "MSAGComm_R": null,
        "OBJECTID": null,
        "OBJECTID_1": 3904,
        "PostCode_L": null,
        "PostCode_R": null,
        "RD_CLASS": null,
        "RD_NAME": null,
        "ROAD_NAME": null,
        "RoadClass": null,
        "STREET": "DEERWOOD",
        "SUBDIVISIO": null,
        "SURFACE_TY": null,
        "Shape_Leng": null,
        "Shape__Length": 594.8062849226352,
        "St_Name": null,
        "St_PosDir": null,
        "St_PosMod": null,
        "St_PosTyp": null,
        "St_PreDir": null,
        "St_PreMod": null,
        "St_PreSep": null,
        "St_PreTyp": null,
        "State_L": null,
        "State_R": null,
        "ToAddr_L": null,
        "ToAddr_R": null
      },
      "type": "Feature"
    },
    {
      "geometry": {
        "coordinates": [
          [
            -95.8423179371832,
            30.2608235903578
          ],
          [
            -95.8421279038993,
            30.2608281308052
          ],
          [
            -95.8419556584418,
            30.2608320181522
          ],
          [
            -95.8417375139044,
            30.2608322281218
          ],
          [
            -95.8416064216278,
            30.260823929973
          ],
          [
            -95.8414562177661,
            30.2608193193813
          ],
          [
            -95.8412994757738,
            30.2608115243302
          ],
          [
            -95.8411239583577,
            30.260807165796
          ],
          [
            -95.8409372102735,
            30.2607969401241
          ],
          [
            -95.8407479461505,
            30.2607856246811
          ],
          [
            -95.8405627059566,
            30.2607736384658
          ],
          [
            -95.8403857647204,
            30.2607678963899
          ],
          [
            -95.8402102476401,
            30.2607619458206
          ],
          [
            -95.8400515783914,
            30.2607584666833
          ],
          [
            -95.8399092530596,
            30.2607546109812
          ],
          [
            -95.8397593005099,
            30.260751886909
          ],
          [
            -95.8396134559705,
            30.2607474451549
          ],
          [
            -95.8394616596851,
            30.2607417453103
          ],
          [
            -95.8393011455463,
            30.2607339084412
          ],
          [
            -95.8391382852493,
            30.2607271184873
          ],
          [
            -95.8389677140724,
            30.2607220060538
          ],
          [
            -95.8387882568143,
            30.2607168505994
          ],
          [
            -95.8386129916686,
            30.2607173953389
          ],
          [
            -95.8384275837258,
            30.2607086367935
          ],
          [
            -95.8382467021532,
            30.2607033141261
          ],
          [
            -95.8380644800682,
            30.2606987043384
          ],
          [
            -95.837884436424,
            30.2606922504273
          ],
          [
            -95.8377074100323,
            30.260691621622
          ],
          [
            -95.8375359163391,
            30.2606830721167
          ],
          [
            -95.8373644233154,
            30.260675066813
          ],
          [
            -95.8372086033061,
            30.2606663077924
          ],
          [
            -95.8370565554223,
            30.260660943848
          ],
          [
            -95.8358292191398,
            30.2605274398933
          ]
        ],
        "type": "LineString"
      },
      "id": 3907,
      "properties": {
        "COMM_PCT": null,
        "Country_L": null,
        "Country_R": null,
        "County_L": null,
        "County_R": null,
        "DiscrpAgID": null,
        "FromAddr_L": null,
        "FromAddr_R": null,
        "IncMuni_L": null,
        "IncMuni_R": null,
        "LSt_Name": null,
        "LSt_PosDir": null,
        "LSt_PreDir": null,
        "LSt_Type": null,
        "MAP_NAME": null,
        "MSAGComm_L": null,
        "MSAGComm_R": null,
        "OBJECTID": null,
        "OBJECTID_1": 3907,
        "PostCode_L": null,
        "PostCode_R": null,
        "RD_CLASS": null,
        "RD_NAME": null,
        "ROAD_NAME": null,
        "RoadClass": null,
        "STREET": "GREENBRIAR",
        "SUBDIVISIO": null,
        "SURFACE_TY": null,
        "Shape_Leng": null,
        "Shape__Length": 2053.219369787631,
        "St_Name": null,
        "St_PosDir": null,
        "St_PosMod": null,
        "St_PosTyp": null,
        "St_PreDir": null,
        "St_PreMod": null,
        "St_PreSep": null,
        "St_PreTyp": null,
        "State_L": null,
        "State_R": null,
        "ToAddr_L": null,
        "ToAddr_R": null
      },
      "type": "Feature"
    },
    {
      "geometry": {
        "coordinates": [
          [
            -95.8354003037406,
            30.2631586370923
          ],
          [
            -95.8352980747301,
            30.2631674681244
          ],
          [
            -95.8352119581655,
            30.2631730432459
          ],
          [
            -95.8350691384781,
            30.2631730444038
          ],
          [
            -95.8349187340589,
            30.2631763614578
          ],
          [
            -95.8347353951354,
            30.26317780471
          ],
          [
            -95.8345502749326,
            30.2631820516325
          ],
          [
            -95.8343783074538,
            30.2631874771478
          ],
          [
            -95.8341752878395,
            30.2631860786364
          ],
          [
            -95.8339670233731,
            30.2631909454058
          ],
          [
            -95.8337802541998,
            30.2631951332904
          ],
          [
            -95.8335913915417,
            30.2631999642049
          ],
          [
            -95.8334032069229,
            30.2631990856614
          ],
          [
            -95.8332013691472,
            30.2632077603368
          ],
          [
            -95.8330098220689,
            30.2632081958734
          ],
          [
            -95.8328446481809,
            30.2632095587407
          ],
          [
            -95.8326564645887,
            30.2632086791371
          ],
          [
            -95.8325031907256,
            30.2632166721394
          ],
          [
            -95.83231853721,
            30.2632165029335
          ],
          [
            -95.8321673383931,
            30.2632172888955
          ],
          [
            -95.8319821846221,
            30.2632222477866
          ],
          [
            -95.8318319135013,
            30.263222699406
          ],
          [
            -95.8316897513709,
            30.2632263023626
          ],
          [
            -95.8315360499695,
            30.2632294995731
          ],
          [
            -95.8313742406139,
            30.2632295451027
          ],
          [
            -95.8312171089148,
            30.2632354878601
          ],
          [
            -95.8310733645627,
            30.2632376017171
          ],
          [
            -95.8309224258739,
            30.2632523613239
          ],
          [
            -95.8308103352488,
            30.2632484209079
          ],
          [
            -95.8306978569854,
            30.2632719391609
          ]
        ],
        "type": "LineString"
      },
      "id": 3903,
      "properties": {
        "COMM_PCT": null,
        "Country_L": null,
        "Country_R": null,
        "County_L": null,
        "County_R": null,
        "DiscrpAgID": null,
        "FromAddr_L": null,
        "FromAddr_R": null,
        "IncMuni_L": null,
        "IncMuni_R": null,
        "LSt_Name": null,
        "LSt_PosDir": null,
        "LSt_PreDir": null,
        "LSt_Type": null,
        "MAP_NAME": null,
        "MSAGComm_L": null,
        "MSAGComm_R": null,
        "OBJECTID": null,
        "OBJECTID_1": 3903,
        "PostCode_L": null,
        "PostCode_R": null,
        "RD_CLASS": null,
        "RD_NAME": null,
        "ROAD_NAME": null,
        "RoadClass": null,
        "STREET": "DEERWOOD",
        "SUBDIVISIO": null,
        "SURFACE_TY": null,
        "Shape_Leng": null,
        "Shape__Length": 1486.5988814802824,
        "St_Name": null,
        "St_PosDir": null,
        "St_PosMod": null,
        "St_PosTyp": null,
        "St_PreDir": null,
        "St_PreMod": null,
        "St_PreSep": null,
        "St_PreTyp": null,
        "State_L": null,
        "State_R": null,
        "ToAddr_L": null,
        "ToAddr_R": null
      },
      "type": "Feature"
    },
    {
      "geometry": {
        "coordinates": [
          [
            -95.8328040436499,
            30.2557553372754
          ],
          [
            -95.8328326099339,
            30.2558056954967
          ],
          [
            -95.8328925685024,
            30.2558770761039
          ],
          [
            -95.8329485173929,
            30.2559459277814
          ],
          [
            -95.8329910656095,
            30.2560071418331
          ],
          [
            -95.8330765886389,
            30.2561498887292
          ],
          [
            -95.833134063025,
            30.2562450700224
          ],
          [
            -95.8332327103425,
            30.2564014169232
          ],
          [
            -95.8333990438076,
            30.2566700242057
          ],
          [
            -95.8334903909938,
            30.2568232090606
          ],
          [
            -95.833585442,
            30.2569794473534
          ],
          [
            -95.8336944355272,
            30.2571509873272
          ],
          [
            -95.8337915452736,
            30.2573108630731
          ],
          [
            -95.8339937229937,
            30.2576134087041
          ],
          [
            -95.8340889414487,
            30.257773629445
          ],
          [
            -95.8341696594551,
            30.2579317535238
          ],
          [
            -95.834263956265,
            30.2580861906843
          ],
          [
            -95.8343567437919,
            30.2582366456126
          ],
          [
            -95.8344445026774,
            30.2583803954253
          ],
          [
            -95.8345331824434,
            30.2585204145043
          ],
          [
            -95.8346157443615,
            30.2586515920353
          ],
          [
            -95.8346916841679,
            30.2587729199098
          ],
          [
            -95.8347686300733,
            30.258895001729
          ],
          [
            -95.8348321652246,
            30.2590050561733
          ],
          [
            -95.8348973762346,
            30.2591069383041
          ],
          [
            -95.8349681196313,
            30.2592000197752
          ],
          [
            -95.8350236075815,
            30.2592915081713
          ],
          [
            -95.8350795992878,
            30.259374153818
          ],
          [
            -95.8351219372568,
            30.2594390694382
          ]
        ],
        "type": "LineString"
      },
      "id": 3912,
      "properties": {
        "COMM_PCT": null,
        "Country_L": null,
        "Country_R": null,
        "County_L": null,
        "County_R": null,
        "DiscrpAgID": null,
        "FromAddr_L": null,
        "FromAddr_R": null,
        "IncMuni_L": null,
        "IncMuni_R": null,
        "LSt_Name": null,
        "LSt_PosDir": null,
        "LSt_PreDir": null,
        "LSt_Type": null,
        "MAP_NAME": null,
        "MSAGComm_L": null,
        "MSAGComm_R": null,
        "OBJECTID": null,
        "OBJECTID_1": 3912,
        "PostCode_L": null,
        "PostCode_R": null,
        "RD_CLASS": null,
        "RD_NAME": null,
        "ROAD_NAME": null,
        "RoadClass": null,
        "STREET": "KINGS",
        "SUBDIVISIO": null,
        "SURFACE_TY": null,
        "Shape_Leng": null,
        "Shape__Length": 1527.6268568215485,
        "St_Name": null,
        "St_PosDir": null,
        "St_PosMod": null,
        "St_PosTyp": null,
        "St_PreDir": null,
        "St_PreMod": null,
        "St_PreSep": null,
        "St_PreTyp": null,
        "State_L": null,
        "State_R": null,
        "ToAddr_L": null,
        "ToAddr_R": null
      },
      "type": "Feature"
    },
    {
      "geometry": {
        "coordinates": [
          [
            -95.8358292191398,
            30.2605274398933
          ],
          [
            -95.8356913029005,
            30.2605382220977
          ],
          [
            -95.8354550071754,
            30.2605896427283
          ],
          [
            -95.8353591559338,
            30.2606388286744
          ],
          [
            -95.8351250200936,
            30.2607619879438
          ],
          [
            -95.8349339827252,
            30.2608460501639
          ],
          [
            -95.8347787706638,
            30.260928982451
          ],
          [
            -95.8346015799154,
            30.2610111425504
          ],
          [
            -95.834370761421,
            30.2610926130831
          ],
          [
            -95.8342212417307,
            30.2611487923613
          ]
        ],
        "type": "LineString"
      },
      "id": 3906,
      "properties": {
        "COMM_PCT": null,
        "Country_L": null,
        "Country_R": null,
        "County_L": null,
        "County_R": null,
        "DiscrpAgID": null,
        "FromAddr_L": null,
        "FromAddr_R": null,
        "IncMuni_L": null,
        "IncMuni_R": null,
        "LSt_Name": null,
        "LSt_PosDir": null,
        "LSt_PreDir": null,
        "LSt_Type": null,
        "MAP_NAME": null,
        "MSAGComm_L": null,
        "MSAGComm_R": null,
        "OBJECTID": null,
        "OBJECTID_1": 3906,
        "PostCode_L": null,
        "PostCode_R": null,
        "RD_CLASS": null,
        "RD_NAME": null,
        "ROAD_NAME": null,
        "RoadClass": null,
        "STREET": "GREENBRIAR",
        "SUBDIVISIO": null,
        "SURFACE_TY": null,
        "Shape_Leng": null,
        "Shape__Length": 560.8982256628796,
        "St_Name": null,
        "St_PosDir": null,
        "St_PosMod": null,
        "St_PosTyp": null,
        "St_PreDir": null,
        "St_PreMod": null,
        "St_PreSep": null,
        "St_PreTyp": null,
        "State_L": null,
        "State_R": null,
        "ToAddr_L": null,
        "ToAddr_R": null
      },
      "type": "Feature"
    },
    {
      "geometry": {
        "coordinates": [
          [
            -95.8358292191398,
            30.2605274398933
          ],
          [
            -95.8358861059024,
            30.2606215067309
          ],
          [
            -95.8359581906999,
            30.2607426252612
          ],
          [
            -95.8360296884986,
            30.2608707426683
          ],
          [
            -95.8361105737191,
            30.2610104687624
          ],
          [
            -95.8361947277378,
            30.2611597089808
          ],
          [
            -95.8362819840621,
            30.2613091582798
          ],
          [
            -95.8363695749799,
            30.2614611643485
          ],
          [
            -95.8364581708452,
            30.2616076793871
          ],
          [
            -95.8365482763957,
            30.2617546563453
          ],
          [
            -95.8366303351219,
            30.2618998312446
          ],
          [
            -95.8367098801723,
            30.262047687727
          ],
          [
            -95.8367924421285,
            30.2621728300412
          ],
          [
            -95.8368700584188,
            30.2623107958634
          ],
          [
            -95.8369362747244,
            30.2624387877668
          ],
          [
            -95.8370052587769,
            30.2625582294535
          ],
          [
            -95.8370693795487,
            30.2626731875327
          ],
          [
            -95.8371352611824,
            30.2627785479717
          ],
          [
            -95.8371876484581,
            30.2628822745182
          ],
          [
            -95.8372421309329,
            30.2629861260518
          ],
          [
            -95.8372794113572,
            30.2630510339642
          ]
        ],
        "type": "LineString"
      },
      "id": 3909,
      "properties": {
        "COMM_PCT": null,
        "Country_L": null,
        "Country_R": null,
        "County_L": null,
        "County_R": null,
        "DiscrpAgID": null,
        "FromAddr_L": null,
        "FromAddr_R": null,
        "IncMuni_L": null,
        "IncMuni_R": null,
        "LSt_Name": null,
        "LSt_PosDir": null,
        "LSt_PreDir": null,
        "LSt_Type": null,
        "MAP_NAME": null,
        "MSAGComm_L": null,
        "MSAGComm_R": null,
        "OBJECTID": null,
        "OBJECTID_1": 3909,
        "PostCode_L": null,
        "PostCode_R": null,
        "RD_CLASS": null,
        "RD_NAME": null,
        "ROAD_NAME": null,
        "RoadClass": null,
        "STREET": "KINGS",
        "SUBDIVISIO": null,
        "SURFACE_TY": null,
        "Shape_Leng": null,
        "Shape__Length": 1025.9742821965078,
        "St_Name": null,
        "St_PosDir": null,
        "St_PosMod": null,
        "St_PosTyp": null,
        "St_PreDir": null,
        "St_PreMod": null,
        "St_PreSep": null,
        "St_PreTyp": null,
        "State_L": null,
        "State_R": null,
        "ToAddr_L": null,
        "ToAddr_R": null
      },
      "type": "Feature"
    },
    {
      "geometry": {
        "coordinates": [
          [
            -95.8372794113572,
            30.2630510339642
          ],
          [
            -95.8373189927116,
            30.2631392218513
          ],
          [
            -95.8373518500532,
            30.2632220762907
          ],
          [
            -95.8373909937972,
            30.2633142357042
          ],
          [
            -95.8374335733491,
            30.2634160758154
          ],
          [
            -95.8374853738513,
            30.2635263398086
          ],
          [
            -95.8375474837226,
            30.2636414229422
          ],
          [
            -95.8376121917266,
            30.2637578476629
          ],
          [
            -95.8376803372284,
            30.2638783374843
          ],
          [
            -95.837752756275,
            30.2639984084796
          ],
          [
            -95.8378267690676,
            30.2641144563654
          ],
          [
            -95.8379004455178,
            30.2642238403198
          ],
          [
            -95.8379752965905,
            30.2643264761447
          ],
          [
            -95.8380435247489,
            30.2644237062381
          ],
          [
            -95.8381054677778,
            30.2645093273603
          ],
          [
            -95.8381593627785,
            30.2645874469357
          ],
          [
            -95.8382129228386,
            30.264651233082
          ],
          [
            -95.8382694175072,
            30.2647094036474
          ],
          [
            -95.838298418762,
            30.2647389500933
          ],
          [
            -95.8383413344875,
            30.2647937676398
          ],
          [
            -95.8384376277677,
            30.2648769267878
          ],
          [
            -95.8384845404679,
            30.2649036547542
          ],
          [
            -95.8385318985011,
            30.2649208436442
          ],
          [
            -95.838585193834,
            30.2649286861868
          ],
          [
            -95.8386483287816,
            30.2649320962085
          ],
          [
            -95.838708007771,
            30.2649210524421
          ],
          [
            -95.8387806616035,
            30.2648973250199
          ],
          [
            -95.838900312704,
            30.2648394159749
          ],
          [
            -95.8389907833274,
            30.264787649581
          ],
          [
            -95.8392545340441,
            30.2646786610995
          ],
          [
            -95.8394220556486,
            30.2645973496404
          ],
          [
            -95.8397214799759,
            30.2644609469427
          ],
          [
            -95.8399265345631,
            30.2643713969808
          ],
          [
            -95.840125983751,
            30.2642840380544
          ],
          [
            -95.8403961695481,
            30.2641549683598
          ],
          [
            -95.8406013073566,
            30.2640045070619
          ],
          [
            -95.840734346048,
            30.2638658489646
          ],
          [
            -95.8408225391457,
            30.2637447271103
          ],
          [
            -95.8409892123243,
            30.2635929160625
          ],
          [
            -95.8411103728824,
            30.2634729503499
          ],
          [
            -95.8412148281637,
            30.2633571764222
          ],
          [
            -95.84127218552,
            30.26323643719
          ]
        ],
        "type": "LineString"
      },
      "id": 3908,
      "properties": {
        "COMM_PCT": null,
        "Country_L": null,
        "Country_R": null,
        "County_L": null,
        "County_R": null,
        "DiscrpAgID": null,
        "FromAddr_L": null,
        "FromAddr_R": null,
        "IncMuni_L": null,
        "IncMuni_R": null,
        "LSt_Name": null,
        "LSt_PosDir": null,
        "LSt_PreDir": null,
        "LSt_Type": null,
        "MAP_NAME": null,
        "MSAGComm_L": null,
        "MSAGComm_R": null,
        "OBJECTID": null,
        "OBJECTID_1": 3908,
        "PostCode_L": null,
        "PostCode_R": null,
        "RD_CLASS": null,
        "RD_NAME": null,
        "ROAD_NAME": null,
        "RoadClass": null,
        "STREET": "KINGS",
        "SUBDIVISIO": null,
        "SURFACE_TY": null,
        "Shape_Leng": null,
        "Shape__Length": 1893.2516401516305,
        "St_Name": null,
        "St_PosDir": null,
        "St_PosMod": null,
        "St_PosTyp": null,
        "St_PreDir": null,
        "St_PreMod": null,
        "St_PreSep": null,
        "St_PreTyp": null,
        "State_L": null,
        "State_R": null,
        "ToAddr_L": null,
        "ToAddr_R": null
      },
      "type": "Feature"
    },
    {
      "geometry": {
        "coordinates": [
          [
            -95.8351219372568,
            30.2594390694382
          ],
          [
            -95.8351324892323,
            30.2594552486715
          ],
          [
            -95.8351904923625,
            30.259533367677
          ],
          [
            -95.8352537748664,
            30.259626658215
          ],
          [
            -95.8353271172279,
            30.2597349532164
          ],
          [
            -95.8354026376552,
            30.2598532215321
          ],
          [
            -95.8354764822891,
            30.2599850691586
          ],
          [
            -95.8355649113608,
            30.2601196399582
          ],
          [
            -95.8356488978014,
            30.2602535833959
          ],
          [
            -95.8357365730059,
            30.2603798142921
          ],
          [
            -95.8358146083168,
            30.2605032797878
          ],
          [
            -95.8358292191398,
            30.2605274398933
          ]
        ],
        "type": "LineString"
      },
      "id": 3911,
      "properties": {
        "COMM_PCT": null,
        "Country_L": null,
        "Country_R": null,
        "County_L": null,
        "County_R": null,
        "DiscrpAgID": null,
        "FromAddr_L": null,
        "FromAddr_R": null,
        "IncMuni_L": null,
        "IncMuni_R": null,
        "LSt_Name": null,
        "LSt_PosDir": null,
        "LSt_PreDir": null,
        "LSt_Type": null,
        "MAP_NAME": null,
        "MSAGComm_L": null,
        "MSAGComm_R": null,
        "OBJECTID": null,
        "OBJECTID_1": 3911,
        "PostCode_L": null,
        "PostCode_R": null,
        "RD_CLASS": null,
        "RD_NAME": null,
        "ROAD_NAME": null,
        "RoadClass": null,
        "STREET": "KINGS",
        "SUBDIVISIO": null,
        "SURFACE_TY": null,
        "Shape_Leng": null,
        "Shape__Length": 454.6820504236467,
        "St_Name": null,
        "St_PosDir": null,
        "St_PosMod": null,
        "St_PosTyp": null,
        "St_PreDir": null,
        "St_PreMod": null,
        "St_PreSep": null,
        "St_PreTyp": null,
        "State_L": null,
        "State_R": null,
        "ToAddr_L": null,
        "ToAddr_R": null
      },
      "type": "Feature"
    },
    {
      "geometry": {
        "coordinates": [
          [
            -95.8605378729054,
            30.2655888249449
          ],
          [
            -95.860562637988,
            30.265481981685
          ],
          [
            -95.8605577584848,
            30.2654162832524
          ],
          [
            -95.8605549444405,
            30.2653230963693
          ],
          [
            -95.860553148627,
            30.2651908607915
          ],
          [
            -95.860551253929,
            30.2650436583188
          ],
          [
            -95.8605479040639,
            30.2648936532167
          ],
          [
            -95.8605460437084,
            30.2647286093904
          ],
          [
            -95.8605420211517,
            30.2645418177145
          ],
          [
            -95.8605375932714,
            30.264346671577
          ],
          [
            -95.8605358807737,
            30.2641613373857
          ],
          [
            -95.8605371994484,
            30.2636370337098
          ],
          [
            -95.8605377935823,
            30.2634361295872
          ],
          [
            -95.8605285820065,
            30.2632587022957
          ]
        ],
        "type": "LineString"
      },
      "id": 3129,
      "properties": {
        "COMM_PCT": null,
        "Country_L": null,
        "Country_R": null,
        "County_L": null,
        "County_R": null,
        "DiscrpAgID": null,
        "FromAddr_L": null,
        "FromAddr_R": null,
        "IncMuni_L": null,
        "IncMuni_R": null,
        "LSt_Name": null,
        "LSt_PosDir": null,
        "LSt_PreDir": null,
        "LSt_Type": null,
        "MAP_NAME": null,
        "MSAGComm_L": null,
        "MSAGComm_R": null,
        "OBJECTID": null,
        "OBJECTID_1": 3129,
        "PostCode_L": null,
        "PostCode_R": null,
        "RD_CLASS": null,
        "RD_NAME": null,
        "ROAD_NAME": null,
        "RoadClass": null,
        "STREET": "WILLOW OAK",
        "SUBDIVISIO": null,
        "SURFACE_TY": null,
        "Shape_Leng": null,
        "Shape__Length": 848.3956671673664,
        "St_Name": null,
        "St_PosDir": null,
        "St_PosMod": null,
        "St_PosTyp": null,
        "St_PreDir": null,
        "St_PreMod": null,
        "St_PreSep": null,
        "St_PreTyp": null,
        "State_L": null,
        "State_R": null,
        "ToAddr_L": null,
        "ToAddr_R": null
      },
      "type": "Feature"
    },
    {
      "geometry": {
        "coordinates": [
          [
            -95.8418972098539,
            30.2566043473497
          ],
          [
            -95.8419123933615,
            30.2564672882635
          ],
          [
            -95.8419229144176,
            30.2563357977457
          ],
          [
            -95.8419316597484,
            30.2562424663395
          ],
          [
            -95.8419567223683,
            30.2559308074857
          ],
          [
            -95.8419710249671,
            30.2557712622808
          ],
          [
            -95.8419870905517,
            30.2556034195861
          ],
          [
            -95.841993735519,
            30.2554901865352
          ],
          [
            -95.8420036406184,
            30.2553364602518
          ],
          [
            -95.8420185784555,
            30.25525840074
          ],
          [
            -95.8420259551942,
            30.2552060983823
          ],
          [
            -95.8420307631913,
            30.2551379506241
          ],
          [
            -95.8420450804228,
            30.2550667904557
          ],
          [
            -95.842076961451,
            30.254913834858
          ],
          [
            -95.8421356207262,
            30.254717625636
          ],
          [
            -95.8421814452082,
            30.2545902405712
          ],
          [
            -95.8421938062943,
            30.2544724311026
          ],
          [
            -95.8422290573899,
            30.2541583524663
          ],
          [
            -95.8422339954321,
            30.2540522262462
          ],
          [
            -95.842234142221,
            30.2539311959892
          ],
          [
            -95.8422326326675,
            30.2538165737275
          ],
          [
            -95.842238333306,
            30.2536932753129
          ],
          [
            -95.8422349798209,
            30.2535712348266
          ],
          [
            -95.842229615713,
            30.2534547683341
          ],
          [
            -95.8422302019607,
            30.2533395587001
          ],
          [
            -95.8422193891839,
            30.253219278971
          ],
          [
            -95.8422131870608,
            30.2531052008741
          ],
          [
            -95.8422025422756,
            30.2529948112345
          ],
          [
            -95.8421923996809,
            30.2528843796185
          ],
          [
            -95.8421827611901,
            30.2527755411213
          ],
          [
            -95.8421670025614,
            30.2526700126487
          ],
          [
            -95.8421442043341,
            30.2525644007109
          ],
          [
            -95.8421186396579,
            30.2524570287337
          ],
          [
            -95.8420884646055,
            30.2523538891451
          ],
          [
            -95.842066922886,
            30.2522563654849
          ],
          [
            -95.8420382561883,
            30.2521647510603
          ],
          [
            -95.8419632378043,
            30.2518880818479
          ],
          [
            -95.8419367804029,
            30.2518357954786
          ],
          [
            -95.8418601827494,
            30.2517375596963
          ],
          [
            -95.8417294217935,
            30.2516207019525
          ],
          [
            -95.8416114526197,
            30.2515245974087
          ],
          [
            -95.8415355495593,
            30.2514705775787
          ],
          [
            -95.841481177922,
            30.2514268675879
          ],
          [
            -95.841379122529,
            30.251373123904
          ],
          [
            -95.8412927722763,
            30.2513366523656
          ],
          [
            -95.8412100988495,
            30.2513098653108
          ],
          [
            -95.8411091227044,
            30.2512844422701
          ],
          [
            -95.840964015633,
            30.2512550334303
          ],
          [
            -95.8407627656564,
            30.2512152675878
          ],
          [
            -95.8405906569183,
            30.2511812600217
          ],
          [
            -95.8404452168772,
            30.2511614459372
          ],
          [
            -95.8402801729211,
            30.2511427558747
          ],
          [
            -95.8400241934431,
            30.2510974663775
          ],
          [
            -95.8398778430195,
            30.2510732211002
          ],
          [
            -95.8397424802474,
            30.2510493611978
          ],
          [
            -95.8396240771387,
            30.2510394735274
          ],
          [
            -95.8394840531802,
            30.2510211827729
          ],
          [
            -95.839331021416,
            30.2509986137038
          ],
          [
            -95.8391577672946,
            30.2509848903563
          ],
          [
            -95.8389621817393,
            30.2509780264326
          ],
          [
            -95.8388078175922,
            30.2509840749034
          ],
          [
            -95.8386077484308,
            30.2509789634738
          ],
          [
            -95.8384734290356,
            30.25097998208
          ],
          [
            -95.8382309845327,
            30.2509867609044
          ],
          [
            -95.8379889832577,
            30.2509839992479
          ],
          [
            -95.8378133797215,
            30.250987230768
          ],
          [
            -95.8376800847114,
            30.2509958159349
          ],
          [
            -95.8374462796484,
            30.2509933536211
          ],
          [
            -95.8371869308228,
            30.2510095566562
          ],
          [
            -95.8370122204992,
            30.2510093939948
          ],
          [
            -95.8368839298187,
            30.2510168331951
          ],
          [
            -95.8368201939969,
            30.251026539819
          ],
          [
            -95.8367427224508,
            30.2510357632163
          ],
          [
            -95.8366910145056,
            30.2510530569871
          ],
          [
            -95.8366007373458,
            30.251071386246
          ],
          [
            -95.8365405111612,
            30.2510943530947
          ],
          [
            -95.8364988059522,
            30.2511036386917
          ],
          [
            -95.8364591823325,
            30.2511273289446
          ],
          [
            -95.8363949301538,
            30.2511776248651
          ]
        ],
        "type": "LineString"
      },
      "id": 3902,
      "properties": {
        "COMM_PCT": null,
        "Country_L": null,
        "Country_R": null,
        "County_L": null,
        "County_R": null,
        "DiscrpAgID": null,
        "FromAddr_L": null,
        "FromAddr_R": null,
        "IncMuni_L": null,
        "IncMuni_R": null,
        "LSt_Name": null,
        "LSt_PosDir": null,
        "LSt_PreDir": null,
        "LSt_Type": null,
        "MAP_NAME": null,
        "MSAGComm_L": null,
        "MSAGComm_R": null,
        "OBJECTID": null,
        "OBJECTID_1": 3902,
        "PostCode_L": null,
        "PostCode_R": null,
        "RD_CLASS": null,
        "RD_NAME": null,
        "ROAD_NAME": null,
        "RoadClass": null,
        "STREET": "PARTICIPANTS",
        "SUBDIVISIO": null,
        "SURFACE_TY": null,
        "Shape_Leng": null,
        "Shape__Length": 3603.3352982528327,
        "St_Name": null,
        "St_PosDir": null,
        "St_PosMod": null,
        "St_PosTyp": null,
        "St_PreDir": null,
        "St_PreMod": null,
        "St_PreSep": null,
        "St_PreTyp": null,
        "State_L": null,
        "State_R": null,
        "ToAddr_L": null,
        "ToAddr_R": null
      },
      "type": "Feature"
    },
    {
      "geometry": {
        "coordinates": [
          [
            -95.8422465080126,
            30.2687334587375
          ],
          [
            -95.842248763991,
            30.2683143445915
          ],
          [
            -95.8422557346143,
            30.2680906432165
          ],
          [
            -95.8422515355186,
            30.2679591149022
          ],
          [
            -95.8422647788449,
            30.2672310106453
          ],
          [
            -95.8422601263264,
            30.2668874651449
          ],
          [
            -95.8422712916939,
            30.2664996847699
          ],
          [
            -95.8422751055909,
            30.2662699014089
          ],
          [
            -95.8422768002393,
            30.2658638740741
          ],
          [
            -95.8422782899703,
            30.2656101211907
          ],
          [
            -95.842288416761,
            30.2653925036706
          ],
          [
            -95.8423035332837,
            30.2647719591564
          ],
          [
            -95.8423079763681,
            30.2643054129886
          ],
          [
            -95.8423154007272,
            30.2641458656984
          ],
          [
            -95.8423111935073,
            30.2638874278205
          ],
          [
            -95.8423121998614,
            30.2636698751386
          ],
          [
            -95.8423116216668,
            30.2634494283947
          ],
          [
            -95.8423140482442,
            30.2632832704851
          ]
        ],
        "type": "LineString"
      },
      "id": 3905,
      "properties": {
        "COMM_PCT": null,
        "Country_L": null,
        "Country_R": null,
        "County_L": null,
        "County_R": null,
        "DiscrpAgID": null,
        "FromAddr_L": null,
        "FromAddr_R": null,
        "IncMuni_L": null,
        "IncMuni_R": null,
        "LSt_Name": null,
        "LSt_PosDir": null,
        "LSt_PreDir": null,
        "LSt_Type": null,
        "MAP_NAME": null,
        "MSAGComm_L": null,
        "MSAGComm_R": null,
        "OBJECTID": null,
        "OBJECTID_1": 3905,
        "PostCode_L": null,
        "PostCode_R": null,
        "RD_CLASS": null,
        "RD_NAME": null,
        "ROAD_NAME": null,
        "RoadClass": null,
        "STREET": "MAIN",
        "SUBDIVISIO": null,
        "SURFACE_TY": null,
        "Shape_Leng": null,
        "Shape__Length": 1982.5072818915182,
        "St_Name": null,
        "St_PosDir": null,
        "St_PosMod": null,
        "St_PosTyp": null,
        "St_PreDir": null,
        "St_PreMod": null,
        "St_PreSep": null,
        "St_PreTyp": null,
        "State_L": null,
        "State_R": null,
        "ToAddr_L": null,
        "ToAddr_R": null
      },
      "type": "Feature"
    },
    {
      "geometry": {
        "coordinates": [
          [
            -95.8678363605711,
            30.2863127541868
          ],
          [
            -95.867785474609,
            30.2861447965301
          ],
          [
            -95.8677679431518,
            30.2860782710699
          ],
          [
            -95.8677391788372,
            30.2860146638153
          ],
          [
            -95.8677077377955,
            30.285923231167
          ],
          [
            -95.8676631121997,
            30.2858084216064
          ],
          [
            -95.8676340791146,
            30.2857334970695
          ],
          [
            -95.8676041632504,
            30.2856605198424
          ],
          [
            -95.8675705227727,
            30.2855823822289
          ],
          [
            -95.8675401056447,
            30.2855031101669
          ],
          [
            -95.8675105044668,
            30.285440464079
          ],
          [
            -95.8674808785425,
            30.2853783759693
          ],
          [
            -95.8674196684285,
            30.2852622135522
          ],
          [
            -95.8673606061808,
            30.2851510283189
          ],
          [
            -95.8673324212265,
            30.2850920419523
          ],
          [
            -95.8673043336384,
            30.2850309526814
          ],
          [
            -95.8672676908738,
            30.2849491847793
          ],
          [
            -95.8670173413372,
            30.2842782580479
          ],
          [
            -95.8669243585551,
            30.2842149061749
          ],
          [
            -95.8668341501223,
            30.2841943473764
          ],
          [
            -95.8667504583272,
            30.2841871301634
          ],
          [
            -95.8666513105037,
            30.2841884455866
          ],
          [
            -95.8665481420795,
            30.2841909957484
          ],
          [
            -95.8664260552581,
            30.2841912538661
          ],
          [
            -95.8662680013044,
            30.2841979100618
          ],
          [
            -95.8661005655551,
            30.2842017028746
          ],
          [
            -95.8659300477753,
            30.2842036238705
          ],
          [
            -95.8657499961845,
            30.2842059876885
          ],
          [
            -95.8655708294818,
            30.2842063597846
          ],
          [
            -95.8653988171843,
            30.2842062950028
          ],
          [
            -95.8652553524321,
            30.2842060194859
          ],
          [
            -95.8651252212288,
            30.2842087909461
          ],
          [
            -95.8649944408979,
            30.28420848447
          ],
          [
            -95.8648625271243,
            30.2842155360818
          ],
          [
            -95.8647315618208,
            30.2842192233081
          ],
          [
            -95.8645999313381,
            30.284220134481
          ],
          [
            -95.8644665599796,
            30.2842244254611
          ],
          [
            -95.8643420174339,
            30.2842263573447
          ],
          [
            -95.8642189383444,
            30.2842309213412
          ],
          [
            -95.864106973758,
            30.2842350983416
          ],
          [
            -95.8640022481994,
            30.2842370341886
          ],
          [
            -95.8638983597634,
            30.2842380105611
          ],
          [
            -95.8638000251363,
            30.2842388790717
          ],
          [
            -95.8636865304743,
            30.2842418837212
          ],
          [
            -95.8635683160809,
            30.2842440798806
          ],
          [
            -95.8634472631723,
            30.284256237989
          ],
          [
            -95.8633322273746,
            30.2842582866294
          ],
          [
            -95.8632123953867,
            30.2842611997418
          ],
          [
            -95.8630965462872,
            30.2842636928733
          ],
          [
            -95.8629885715624,
            30.2842673192667
          ],
          [
            -95.8628876896137,
            30.2842718395031
          ],
          [
            -95.8627939800782,
            30.2842755346879
          ],
          [
            -95.8627019528319,
            30.2842771379788
          ],
          [
            -95.8625880512384,
            30.2842889002252
          ]
        ],
        "type": "LineString"
      },
      "id": 3132,
      "properties": {
        "COMM_PCT": null,
        "Country_L": null,
        "Country_R": null,
        "County_L": null,
        "County_R": null,
        "DiscrpAgID": null,
        "FromAddr_L": null,
        "FromAddr_R": null,
        "IncMuni_L": null,
        "IncMuni_R": null,
        "LSt_Name": null,
        "LSt_PosDir": null,
        "LSt_PreDir": null,
        "LSt_Type": null,
        "MAP_NAME": null,
        "MSAGComm_L": null,
        "MSAGComm_R": null,
        "OBJECTID": null,
        "OBJECTID_1": 3132,
        "PostCode_L": null,
        "PostCode_R": null,
        "RD_CLASS": null,
        "RD_NAME": null,
        "ROAD_NAME": null,
        "RoadClass": null,
        "STREET": "SHADOWS END",
        "SUBDIVISIO": null,
        "SURFACE_TY": null,
        "Shape_Leng": null,
        "Shape__Length": 2192.939033663121,
        "St_Name": null,
        "St_PosDir": null,
        "St_PosMod": null,
        "St_PosTyp": null,
        "St_PreDir": null,
        "St_PreMod": null,
        "St_PreSep": null,
        "St_PreTyp": null,
        "State_L": null,
        "State_R": null,
        "ToAddr_L": null,
        "ToAddr_R": null
      },
      "type": "Feature"
    },
    {
      "geometry": {
        "coordinates": [
          [
            -95.8317543912396,
            30.2557829425341
          ],
          [
            -95.8316643075057,
            30.2557560450733
          ],
          [
            -95.8315834752879,
            30.2557546374722
          ],
          [
            -95.8313920097063,
            30.2557536401361
          ],
          [
            -95.8310223303941,
            30.2557506767766
          ],
          [
            -95.8305515734864,
            30.2557556255148
          ],
          [
            -95.8302693517506,
            30.2557535852233
          ],
          [
            -95.8300442199135,
            30.2557664514896
          ],
          [
            -95.8298012236619,
            30.2557729561569
          ],
          [
            -95.8295419330539,
            30.2558105272258
          ]
        ],
        "type": "LineString"
      },
      "id": 3913,
      "properties": {
        "COMM_PCT": null,
        "Country_L": null,
        "Country_R": null,
        "County_L": null,
        "County_R": null,
        "DiscrpAgID": null,
        "FromAddr_L": null,
        "FromAddr_R": null,
        "IncMuni_L": null,
        "IncMuni_R": null,
        "LSt_Name": null,
        "LSt_PosDir": null,
        "LSt_PreDir": null,
        "LSt_Type": null,
        "MAP_NAME": null,
        "MSAGComm_L": null,
        "MSAGComm_R": null,
        "OBJECTID": null,
        "OBJECTID_1": 3913,
        "PostCode_L": null,
        "PostCode_R": null,
        "RD_CLASS": null,
        "RD_NAME": null,
        "ROAD_NAME": null,
        "RoadClass": null,
        "STREET": "RENFEST",
        "SUBDIVISIO": null,
        "SURFACE_TY": null,
        "Shape_Leng": null,
        "Shape__Length": 701.5219345902188,
        "St_Name": null,
        "St_PosDir": null,
        "St_PosMod": null,
        "St_PosTyp": null,
        "St_PreDir": null,
        "St_PreMod": null,
        "St_PreSep": null,
        "St_PreTyp": null,
        "State_L": null,
        "State_R": null,
        "ToAddr_L": null,
        "ToAddr_R": null
      },
      "type": "Feature"
    },
    {
      "geometry": {
        "coordinates": [
          [
            -95.8321539189709,
            30.2729035507757
          ],
          [
            -95.8320402418033,
            30.2721801203131
          ]
        ],
        "type": "LineString"
      },
      "id": 3197,
      "properties": {
        "COMM_PCT": null,
        "Country_L": null,
        "Country_R": null,
        "County_L": null,
        "County_R": null,
        "DiscrpAgID": null,
        "FromAddr_L": null,
        "FromAddr_R": null,
        "IncMuni_L": null,
        "IncMuni_R": null,
        "LSt_Name": null,
        "LSt_PosDir": null,
        "LSt_PreDir": null,
        "LSt_Type": null,
        "MAP_NAME": null,
        "MSAGComm_L": null,
        "MSAGComm_R": null,
        "OBJECTID": null,
        "OBJECTID_1": 3197,
        "PostCode_L": null,
        "PostCode_R": null,
        "RD_CLASS": null,
        "RD_NAME": null,
        "ROAD_NAME": null,
        "RoadClass": null,
        "STREET": "FM 1774",
        "SUBDIVISIO": null,
        "SURFACE_TY": null,
        "Shape_Leng": null,
        "Shape__Length": 265.54006966471803,
        "St_Name": null,
        "St_PosDir": null,
        "St_PosMod": null,
        "St_PosTyp": null,
        "St_PreDir": null,
        "St_PreMod": null,
        "St_PreSep": null,
        "St_PreTyp": null,
        "State_L": null,
        "State_R": null,
        "ToAddr_L": null,
        "ToAddr_R": null
      },
      "type": "Feature"
    },
    {
      "geometry": {
        "coordinates": [
          [
            -95.8642159955018,
            30.2464023953601
          ],
          [
            -95.8642100806842,
            30.2464025988195
          ],
          [
            -95.8642008868687,
            30.2462446223445
          ],
          [
            -95.8641947847394,
            30.2460198689661
          ],
          [
            -95.8641918009539,
            30.2456089041524
          ],
          [
            -95.8641817198215,
            30.2453577054355
          ]
        ],
        "type": "LineString"
      },
      "id": 3589,
      "properties": {
        "COMM_PCT": null,
        "Country_L": null,
        "Country_R": null,
        "County_L": null,
        "County_R": null,
        "DiscrpAgID": null,
        "FromAddr_L": null,
        "FromAddr_R": null,
        "IncMuni_L": null,
        "IncMuni_R": null,
        "LSt_Name": null,
        "LSt_PosDir": null,
        "LSt_PreDir": null,
        "LSt_Type": null,
        "MAP_NAME": null,
        "MSAGComm_L": null,
        "MSAGComm_R": null,
        "OBJECTID": null,
        "OBJECTID_1": 3589,
        "PostCode_L": null,
        "PostCode_R": null,
        "RD_CLASS": null,
        "RD_NAME": null,
        "ROAD_NAME": null,
        "RoadClass": null,
        "STREET": "JULIANNE",
        "SUBDIVISIO": null,
        "SURFACE_TY": null,
        "Shape_Leng": null,
        "Shape__Length": 382.04114301808374,
        "St_Name": null,
        "St_PosDir": null,
        "St_PosMod": null,
        "St_PosTyp": null,
        "St_PreDir": null,
        "St_PreMod": null,
        "St_PreSep": null,
        "St_PreTyp": null,
        "State_L": null,
        "State_R": null,
        "ToAddr_L": null,
        "ToAddr_R": null
      },
      "type": "Feature"
    },
    {
      "geometry": {
        "coordinates": [
          [
            -95.8307916175093,
            30.2759057436936
          ],
          [
            -95.8307999487443,
            30.2756253057888
          ],
          [
            -95.8307554774276,
            30.2755591600028
          ],
          [
            -95.830753688629,
            30.2754785622884
          ],
          [
            -95.8307511045268,
            30.2753980666276
          ],
          [
            -95.8307442102794,
            30.2753249861378
          ],
          [
            -95.8307520828363,
            30.275258186611
          ],
          [
            -95.8307409045035,
            30.2751920075911
          ],
          [
            -95.8307498327866,
            30.2751195690406
          ],
          [
            -95.8307474661313,
            30.2750513785626
          ],
          [
            -95.8307371751358,
            30.2749661826849
          ],
          [
            -95.8307329731978,
            30.2748693763894
          ],
          [
            -95.8307382022592,
            30.2747913041196
          ],
          [
            -95.8307126850339,
            30.2747266416226
          ],
          [
            -95.8307120531516,
            30.2746382596918
          ],
          [
            -95.8307103316664,
            30.2745732301525
          ],
          [
            -95.8307129904918,
            30.2744992810774
          ],
          [
            -95.8307199354624,
            30.2744353732401
          ],
          [
            -95.8307147169362,
            30.2743433902786
          ],
          [
            -95.8307019208871,
            30.2742609006225
          ],
          [
            -95.830694990191,
            30.2740187527627
          ],
          [
            -95.8306850835834,
            30.2738913474333
          ],
          [
            -95.8306752341278,
            30.2737626954893
          ],
          [
            -95.8306793994201,
            30.2736904344105
          ],
          [
            -95.8306585036244,
            30.2735607071106
          ],
          [
            -95.8306384834478,
            30.273446189075
          ]
        ],
        "type": "LineString"
      },
      "id": 3446,
      "properties": {
        "COMM_PCT": null,
        "Country_L": null,
        "Country_R": null,
        "County_L": null,
        "County_R": null,
        "DiscrpAgID": null,
        "FromAddr_L": null,
        "FromAddr_R": null,
        "IncMuni_L": null,
        "IncMuni_R": null,
        "LSt_Name": null,
        "LSt_PosDir": null,
        "LSt_PreDir": null,
        "LSt_Type": null,
        "MAP_NAME": null,
        "MSAGComm_L": null,
        "MSAGComm_R": null,
        "OBJECTID": null,
        "OBJECTID_1": 3446,
        "PostCode_L": null,
        "PostCode_R": null,
        "RD_CLASS": null,
        "RD_NAME": null,
        "ROAD_NAME": null,
        "RoadClass": null,
        "STREET": "MISTLETOE",
        "SUBDIVISIO": null,
        "SURFACE_TY": null,
        "Shape_Leng": null,
        "Shape__Length": 902.2185788608749,
        "St_Name": null,
        "St_PosDir": null,
        "St_PosMod": null,
        "St_PosTyp": null,
        "St_PreDir": null,
        "St_PreMod": null,
        "St_PreSep": null,
        "St_PreTyp": null,
        "State_L": null,
        "State_R": null,
        "ToAddr_L": null,
        "ToAddr_R": null
      },
      "type": "Feature"
    },
    {
      "geometry": {
        "coordinates": [
          [
            -95.8516427929896,
            30.2498484682062
          ],
          [
            -95.8515708983327,
            30.2498502514091
          ]
        ],
        "type": "LineString"
      },
      "id": 3552,
      "properties": {
        "COMM_PCT": null,
        "Country_L": null,
        "Country_R": null,
        "County_L": null,
        "County_R": null,
        "DiscrpAgID": null,
        "FromAddr_L": null,
        "FromAddr_R": null,
        "IncMuni_L": null,
        "IncMuni_R": null,
        "LSt_Name": null,
        "LSt_PosDir": null,
        "LSt_PreDir": null,
        "LSt_Type": null,
        "MAP_NAME": null,
        "MSAGComm_L": null,
        "MSAGComm_R": null,
        "OBJECTID": null,
        "OBJECTID_1": 3552,
        "PostCode_L": null,
        "PostCode_R": null,
        "RD_CLASS": null,
        "RD_NAME": null,
        "ROAD_NAME": null,
        "RoadClass": null,
        "STREET": "RENFAIRE",
        "SUBDIVISIO": null,
        "SURFACE_TY": null,
        "Shape_Leng": null,
        "Shape__Length": 22.709926867298773,
        "St_Name": null,
        "St_PosDir": null,
        "St_PosMod": null,
        "St_PosTyp": null,
        "St_PreDir": null,
        "St_PreMod": null,
        "St_PreSep": null,
        "St_PreTyp": null,
        "State_L": null,
        "State_R": null,
        "ToAddr_L": null,
        "ToAddr_R": null
      },
      "type": "Feature"
    },
    {
      "geometry": {
        "coordinates": [
          [
            -95.8587367074439,
            30.2659244060453
          ],
          [
            -95.8587221656855,
            30.2653492423781
          ],
          [
            -95.8587221659525,
            30.2650586666516
          ],
          [
            -95.8587205775943,
            30.264751096594
          ],
          [
            -95.8587087977686,
            30.2644582179109
          ],
          [
            -95.8586986272955,
            30.2641647941719
          ],
          [
            -95.8586896005143,
            30.2638809135471
          ],
          [
            -95.8586497427956,
            30.263304777909
          ]
        ],
        "type": "LineString"
      },
      "id": 3432,
      "properties": {
        "COMM_PCT": null,
        "Country_L": null,
        "Country_R": null,
        "County_L": null,
        "County_R": null,
        "DiscrpAgID": null,
        "FromAddr_L": null,
        "FromAddr_R": null,
        "IncMuni_L": null,
        "IncMuni_R": null,
        "LSt_Name": null,
        "LSt_PosDir": null,
        "LSt_PreDir": null,
        "LSt_Type": null,
        "MAP_NAME": null,
        "MSAGComm_L": null,
        "MSAGComm_R": null,
        "OBJECTID": null,
        "OBJECTID_1": 3432,
        "PostCode_L": null,
        "PostCode_R": null,
        "RD_CLASS": null,
        "RD_NAME": null,
        "ROAD_NAME": null,
        "RoadClass": null,
        "STREET": "POST OAK",
        "SUBDIVISIO": null,
        "SURFACE_TY": null,
        "Shape_Leng": null,
        "Shape__Length": 953.3135833499285,
        "St_Name": null,
        "St_PosDir": null,
        "St_PosMod": null,
        "St_PosTyp": null,
        "St_PreDir": null,
        "St_PreMod": null,
        "St_PreSep": null,
        "St_PreTyp": null,
        "State_L": null,
        "State_R": null,
        "ToAddr_L": null,
        "ToAddr_R": null
      },
      "type": "Feature"
    },
    {
      "geometry": {
        "coordinates": [
          [
            -95.853717708438,
            30.2686002304637
          ],
          [
            -95.853545520537,
            30.2685874579165
          ],
          [
            -95.8533950819689,
            30.2685842168214
          ],
          [
            -95.8532309894869,
            30.2685848830154
          ],
          [
            -95.8530596707689,
            30.2685875334473
          ],
          [
            -95.8528874691603,
            30.2685921290598
          ],
          [
            -95.8527097384654,
            30.2685963179599
          ],
          [
            -95.8525240722006,
            30.268600742717
          ],
          [
            -95.8523343018481,
            30.2686081645705
          ],
          [
            -95.852135061151,
            30.2686147374969
          ],
          [
            -95.8519222650233,
            30.2686230721551
          ],
          [
            -95.8516825803158,
            30.2686301216762
          ],
          [
            -95.8514150523972,
            30.2686394204874
          ],
          [
            -95.8511387973941,
            30.2686488864342
          ],
          [
            -95.8508651872948,
            30.2686525976224
          ],
          [
            -95.8505930740256,
            30.2686582087054
          ],
          [
            -95.8503154536852,
            30.2686629385087
          ],
          [
            -95.8500615357257,
            30.2686692719692
          ],
          [
            -95.8498235181132,
            30.2686745707134
          ],
          [
            -95.849545877754,
            30.268679727899
          ],
          [
            -95.8493119613516,
            30.2686817998993
          ]
        ],
        "type": "LineString"
      },
      "id": 3924,
      "properties": {
        "COMM_PCT": null,
        "Country_L": null,
        "Country_R": null,
        "County_L": null,
        "County_R": null,
        "DiscrpAgID": null,
        "FromAddr_L": null,
        "FromAddr_R": null,
        "IncMuni_L": null,
        "IncMuni_R": null,
        "LSt_Name": null,
        "LSt_PosDir": null,
        "LSt_PreDir": null,
        "LSt_Type": null,
        "MAP_NAME": null,
        "MSAGComm_L": null,
        "MSAGComm_R": null,
        "OBJECTID": null,
        "OBJECTID_1": 3924,
        "PostCode_L": null,
        "PostCode_R": null,
        "RD_CLASS": null,
        "RD_NAME": null,
        "ROAD_NAME": null,
        "RoadClass": null,
        "STREET": "302",
        "SUBDIVISIO": null,
        "SURFACE_TY": null,
        "Shape_Leng": null,
        "Shape__Length": 1391.6169092108116,
        "St_Name": null,
        "St_PosDir": null,
        "St_PosMod": null,
        "St_PosTyp": null,
        "St_PreDir": null,
        "St_PreMod": null,
        "St_PreSep": null,
        "St_PreTyp": null,
        "State_L": null,
        "State_R": null,
        "ToAddr_L": null,
        "ToAddr_R": null
      },
      "type": "Feature"
    },
    {
      "geometry": {
        "coordinates": [
          [
            -95.8526089173508,
            30.246837649291
          ],
          [
            -95.8525970209391,
            30.2468378785591
          ],
          [
            -95.8525464453349,
            30.2468349045418
          ],
          [
            -95.8525025920896,
            30.2468407660611
          ],
          [
            -95.8524485471875,
            30.2468442495179
          ],
          [
            -95.8523833841143,
            30.2468482891709
          ],
          [
            -95.8523070977026,
            30.2468529290612
          ],
          [
            -95.8522279009533,
            30.2468690765283
          ],
          [
            -95.8521454023181,
            30.2468880741927
          ],
          [
            -95.8520625459066,
            30.2469148001313
          ],
          [
            -95.8519820398686,
            30.2469420795447
          ],
          [
            -95.8519015217332,
            30.2469696185002
          ],
          [
            -95.8518227720386,
            30.2470102452967
          ],
          [
            -95.8517469006411,
            30.2470571661773
          ],
          [
            -95.8516770720625,
            30.2471104891882
          ],
          [
            -95.8516139935921,
            30.2471720023157
          ],
          [
            -95.8515511103148,
            30.2472293096508
          ],
          [
            -95.851486557079,
            30.247288449937
          ],
          [
            -95.8514245803894,
            30.2473432944309
          ],
          [
            -95.851367335304,
            30.2473986493809
          ],
          [
            -95.8513085747491,
            30.2474524877823
          ],
          [
            -95.8512506041533,
            30.2475063547108
          ],
          [
            -95.8511887139029,
            30.2475593540371
          ],
          [
            -95.8511261729921,
            30.2476092771973
          ],
          [
            -95.8510609599334,
            30.2476484868313
          ],
          [
            -95.8510004008663,
            30.2476898789603
          ],
          [
            -95.8509408470401,
            30.2477266639056
          ],
          [
            -95.8508844894906,
            30.2477628727489
          ],
          [
            -95.850800287399,
            30.2478185297927
          ],
          [
            -95.8505657949136,
            30.2479537592677
          ]
        ],
        "type": "LineString"
      },
      "id": 2862,
      "properties": {
        "COMM_PCT": null,
        "Country_L": null,
        "Country_R": null,
        "County_L": null,
        "County_R": null,
        "DiscrpAgID": null,
        "FromAddr_L": null,
        "FromAddr_R": null,
        "IncMuni_L": null,
        "IncMuni_R": null,
        "LSt_Name": null,
        "LSt_PosDir": null,
        "LSt_PreDir": null,
        "LSt_Type": null,
        "MAP_NAME": null,
        "MSAGComm_L": null,
        "MSAGComm_R": null,
        "OBJECTID": null,
        "OBJECTID_1": 2862,
        "PostCode_L": null,
        "PostCode_R": null,
        "RD_CLASS": null,
        "RD_NAME": null,
        "ROAD_NAME": null,
        "RoadClass": null,
        "STREET": "PARKVIEW",
        "SUBDIVISIO": null,
        "SURFACE_TY": null,
        "Shape_Leng": null,
        "Shape__Length": 786.8609840846119,
        "St_Name": null,
        "St_PosDir": null,
        "St_PosMod": null,
        "St_PosTyp": null,
        "St_PreDir": null,
        "St_PreMod": null,
        "St_PreSep": null,
        "St_PreTyp": null,
        "State_L": null,
        "State_R": null,
        "ToAddr_L": null,
        "ToAddr_R": null
      },
      "type": "Feature"
    },
    {
      "geometry": {
        "coordinates": [
          [
            -95.8342156936741,
            30.2687348021922
          ],
          [
            -95.8339920436615,
            30.2688228299451
          ],
          [
            -95.8337850881626,
            30.268909809653
          ],
          [
            -95.8336098202357,
            30.2689970869784
          ],
          [
            -95.8334465283423,
            30.269082504251
          ],
          [
            -95.8332985806923,
            30.2691617956803
          ],
          [
            -95.8331587046949,
            30.2692379749712
          ],
          [
            -95.833024765752,
            30.2693057623032
          ],
          [
            -95.832897639334,
            30.2693634703574
          ],
          [
            -95.8327775237134,
            30.269406804107
          ],
          [
            -95.8326694367524,
            30.2694301382624
          ],
          [
            -95.8325945479403,
            30.2694383851012
          ],
          [
            -95.8325202968544,
            30.2694329799555
          ],
          [
            -95.8324427290233,
            30.2694137432405
          ],
          [
            -95.8323549591755,
            30.2693753157276
          ],
          [
            -95.8322631415538,
            30.2693217389738
          ],
          [
            -95.8321692014492,
            30.2692626696457
          ],
          [
            -95.8320654734299,
            30.2691925495449
          ],
          [
            -95.8319617655316,
            30.2691220012152
          ],
          [
            -95.8318599861901,
            30.2690611077884
          ],
          [
            -95.8317618338642,
            30.2690073947017
          ],
          [
            -95.831684457539,
            30.2689670938554
          ]
        ],
        "type": "LineString"
      },
      "id": 4067,
      "properties": {
        "COMM_PCT": null,
        "Country_L": null,
        "Country_R": null,
        "County_L": null,
        "County_R": null,
        "DiscrpAgID": null,
        "FromAddr_L": null,
        "FromAddr_R": null,
        "IncMuni_L": null,
        "IncMuni_R": null,
        "LSt_Name": null,
        "LSt_PosDir": null,
        "LSt_PreDir": null,
        "LSt_Type": null,
        "MAP_NAME": null,
        "MSAGComm_L": null,
        "MSAGComm_R": null,
        "OBJECTID": null,
        "OBJECTID_1": 4067,
        "PostCode_L": null,
        "PostCode_R": null,
        "RD_CLASS": null,
        "RD_NAME": null,
        "ROAD_NAME": null,
        "RoadClass": null,
        "STREET": " ",
        "SUBDIVISIO": null,
        "SURFACE_TY": null,
        "Shape_Leng": null,
        "Shape__Length": 914.1998000485085,
        "St_Name": null,
        "St_PosDir": null,
        "St_PosMod": null,
        "St_PosTyp": null,
        "St_PreDir": null,
        "St_PreMod": null,
        "St_PreSep": null,
        "St_PreTyp": null,
        "State_L": null,
        "State_R": null,
        "ToAddr_L": null,
        "ToAddr_R": null
      },
      "type": "Feature"
    },
    {
      "geometry": {
        "coordinates": [
          [
            -95.8615749519239,
            30.2455523657351
          ],
          [
            -95.8615579813756,
            30.2455424008965
          ],
          [
            -95.861507240549,
            30.2455259237925
          ],
          [
            -95.8614559439169,
            30.2455214221875
          ],
          [
            -95.8613306699821,
            30.2455231107916
          ],
          [
            -95.8610084764135,
            30.2455336140817
          ],
          [
            -95.8608511098688,
            30.2455267845474
          ],
          [
            -95.8599210370131,
            30.2455399588716
          ],
          [
            -95.8593432264493,
            30.2455606184727
          ],
          [
            -95.8590867317122,
            30.2455554830747
          ],
          [
            -95.8589205589128,
            30.2455676928351
          ],
          [
            -95.8588353548472,
            30.2455596418187
          ],
          [
            -95.8584019692769,
            30.2455757131023
          ],
          [
            -95.8578135258165,
            30.245569335614
          ],
          [
            -95.8577275038071,
            30.2455789271855
          ],
          [
            -95.8560849482259,
            30.2455949014781
          ],
          [
            -95.855991641866,
            30.2456077636478
          ],
          [
            -95.8554292272308,
            30.2456210315678
          ],
          [
            -95.8550568838693,
            30.2456194045248
          ]
        ],
        "type": "LineString"
      },
      "id": 3452,
      "properties": {
        "COMM_PCT": null,
        "Country_L": null,
        "Country_R": null,
        "County_L": null,
        "County_R": null,
        "DiscrpAgID": null,
        "FromAddr_L": null,
        "FromAddr_R": null,
        "IncMuni_L": null,
        "IncMuni_R": null,
        "LSt_Name": null,
        "LSt_PosDir": null,
        "LSt_PreDir": null,
        "LSt_Type": null,
        "MAP_NAME": null,
        "MSAGComm_L": null,
        "MSAGComm_R": null,
        "OBJECTID": null,
        "OBJECTID_1": 3452,
        "PostCode_L": null,
        "PostCode_R": null,
        "RD_CLASS": null,
        "RD_NAME": null,
        "ROAD_NAME": null,
        "RoadClass": null,
        "STREET": "STABLEWOOD TERRACE",
        "SUBDIVISIO": null,
        "SURFACE_TY": null,
        "Shape_Leng": null,
        "Shape__Length": 2061.9726815750546,
        "St_Name": null,
        "St_PosDir": null,
        "St_PosMod": null,
        "St_PosTyp": null,
        "St_PreDir": null,
        "St_PreMod": null,
        "St_PreSep": null,
        "St_PreTyp": null,
        "State_L": null,
        "State_R": null,
        "ToAddr_L": null,
        "ToAddr_R": null
      },
      "type": "Feature"
    },
    {
      "geometry": {
        "coordinates": [
          [
            -95.8331930350667,
            30.2791066906674
          ],
          [
            -95.8331757134112,
            30.2789882214197
          ],
          [
            -95.8330373565532,
            30.2781484098922
          ]
        ],
        "type": "LineString"
      },
      "id": 3858,
      "properties": {
        "COMM_PCT": null,
        "Country_L": null,
        "Country_R": null,
        "County_L": null,
        "County_R": null,
        "DiscrpAgID": null,
        "FromAddr_L": null,
        "FromAddr_R": null,
        "IncMuni_L": null,
        "IncMuni_R": null,
        "LSt_Name": null,
        "LSt_PosDir": null,
        "LSt_PreDir": null,
        "LSt_Type": null,
        "MAP_NAME": null,
        "MSAGComm_L": null,
        "MSAGComm_R": null,
        "OBJECTID": null,
        "OBJECTID_1": 3858,
        "PostCode_L": null,
        "PostCode_R": null,
        "RD_CLASS": null,
        "RD_NAME": null,
        "ROAD_NAME": null,
        "RoadClass": null,
        "STREET": "FM 1774",
        "SUBDIVISIO": null,
        "SURFACE_TY": null,
        "Shape_Leng": null,
        "Shape__Length": 351.9687411096807,
        "St_Name": null,
        "St_PosDir": null,
        "St_PosMod": null,
        "St_PosTyp": null,
        "St_PreDir": null,
        "St_PreMod": null,
        "St_PreSep": null,
        "St_PreTyp": null,
        "State_L": null,
        "State_R": null,
        "ToAddr_L": null,
        "ToAddr_R": null
      },
      "type": "Feature"
    },
    {
      "geometry": {
        "coordinates": [
          [
            -95.8307336150363,
            30.2635165240645
          ],
          [
            -95.8302334687897,
            30.2635104345592
          ],
          [
            -95.8298007721525,
            30.2634928553465
          ],
          [
            -95.8294988990111,
            30.2634727543999
          ],
          [
            -95.8284580787104,
            30.263440873928
          ]
        ],
        "type": "LineString"
      },
      "id": 4064,
      "properties": {
        "COMM_PCT": null,
        "Country_L": null,
        "Country_R": null,
        "County_L": null,
        "County_R": null,
        "DiscrpAgID": null,
        "FromAddr_L": null,
        "FromAddr_R": null,
        "IncMuni_L": null,
        "IncMuni_R": null,
        "LSt_Name": null,
        "LSt_PosDir": null,
        "LSt_PreDir": null,
        "LSt_Type": null,
        "MAP_NAME": null,
        "MSAGComm_L": null,
        "MSAGComm_R": null,
        "OBJECTID": null,
        "OBJECTID_1": 4064,
        "PostCode_L": null,
        "PostCode_R": null,
        "RD_CLASS": null,
        "RD_NAME": null,
        "ROAD_NAME": null,
        "RoadClass": null,
        "STREET": "DEERWOOD",
        "SUBDIVISIO": null,
        "SURFACE_TY": null,
        "Shape_Leng": null,
        "Shape__Length": 719.0464021109065,
        "St_Name": null,
        "St_PosDir": null,
        "St_PosMod": null,
        "St_PosTyp": null,
        "St_PreDir": null,
        "St_PreMod": null,
        "St_PreSep": null,
        "St_PreTyp": null,
        "State_L": null,
        "State_R": null,
        "ToAddr_L": null,
        "ToAddr_R": null
      },
      "type": "Feature"
    },
    {
      "geometry": {
        "coordinates": [
          [
            -95.8622220649392,
            30.2730971347947
          ],
          [
            -95.8622668976194,
            30.2729702907097
          ],
          [
            -95.8622674646285,
            30.2728986486712
          ],
          [
            -95.862271331893,
            30.2728151783405
          ],
          [
            -95.8622702571038,
            30.2727195911178
          ],
          [
            -95.8622699546958,
            30.2726073105146
          ],
          [
            -95.8622581818139,
            30.2722159433456
          ],
          [
            -95.8622583107309,
            30.2720468259354
          ],
          [
            -95.8622535374049,
            30.2717934536024
          ],
          [
            -95.8622531370042,
            30.2716357836125
          ],
          [
            -95.8622500458302,
            30.2715124164737
          ],
          [
            -95.8622365516804,
            30.2713284911839
          ],
          [
            -95.8622392388964,
            30.2711279309775
          ],
          [
            -95.8622291596673,
            30.2709059055528
          ],
          [
            -95.8622172252341,
            30.2706942448179
          ],
          [
            -95.8622180929368,
            30.2705032560673
          ],
          [
            -95.8621992481604,
            30.2702803667263
          ],
          [
            -95.8621979399203,
            30.2701125922293
          ],
          [
            -95.8621975807833,
            30.2698975942404
          ],
          [
            -95.8621931522452,
            30.269473439147
          ],
          [
            -95.8621880143682,
            30.2691388376987
          ],
          [
            -95.8621732460742,
            30.2688636184142
          ],
          [
            -95.8621714043119,
            30.2685321167765
          ],
          [
            -95.862173845064,
            30.2681082024076
          ],
          [
            -95.8621749864648,
            30.2679350594719
          ],
          [
            -95.8621755942137,
            30.2676991930388
          ],
          [
            -95.8621535991209,
            30.2672087351803
          ],
          [
            -95.8621336372683,
            30.2668228558147
          ],
          [
            -95.8621197997148,
            30.2666760626151
          ],
          [
            -95.8621028112259,
            30.2658013535901
          ]
        ],
        "type": "LineString"
      },
      "id": 68,
      "properties": {
        "COMM_PCT": null,
        "Country_L": null,
        "Country_R": null,
        "County_L": null,
        "County_R": null,
        "DiscrpAgID": null,
        "FromAddr_L": null,
        "FromAddr_R": null,
        "IncMuni_L": null,
        "IncMuni_R": null,
        "LSt_Name": null,
        "LSt_PosDir": null,
        "LSt_PreDir": null,
        "LSt_Type": null,
        "MAP_NAME": null,
        "MSAGComm_L": null,
        "MSAGComm_R": null,
        "OBJECTID": null,
        "OBJECTID_1": 68,
        "PostCode_L": null,
        "PostCode_R": null,
        "RD_CLASS": null,
        "RD_NAME": null,
        "ROAD_NAME": null,
        "RoadClass": null,
        "STREET": "MATA",
        "SUBDIVISIO": null,
        "SURFACE_TY": null,
        "Shape_Leng": null,
        "Shape__Length": 2656.766660551782,
        "St_Name": null,
        "St_PosDir": null,
        "St_PosMod": null,
        "St_PosTyp": null,
        "St_PreDir": null,
        "St_PreMod": null,
        "St_PreSep": null,
        "St_PreTyp": null,
        "State_L": null,
        "State_R": null,
        "ToAddr_L": null,
        "ToAddr_R": null
      },
      "type": "Feature"
    },
    {
      "geometry": {
        "coordinates": [
          [
            -95.8275537952781,
            30.2699688351119
          ],
          [
            -95.8274838032645,
            30.2699544302291
          ],
          [
            -95.8272300734932,
            30.2699022078331
          ],
          [
            -95.8269882971708,
            30.26985207933
          ],
          [
            -95.8267581266169,
            30.2698079924022
          ],
          [
            -95.8266862818497,
            30.269791125758
          ],
          [
            -95.8266734562095,
            30.2697881140505
          ],
          [
            -95.8266233232697,
            30.2697753436566
          ]
        ],
        "type": "LineString"
      },
      "id": 2095,
      "properties": {
        "COMM_PCT": null,
        "Country_L": null,
        "Country_R": null,
        "County_L": null,
        "County_R": null,
        "DiscrpAgID": null,
        "FromAddr_L": null,
        "FromAddr_R": null,
        "IncMuni_L": null,
        "IncMuni_R": null,
        "LSt_Name": null,
        "LSt_PosDir": null,
        "LSt_PreDir": null,
        "LSt_Type": null,
        "MAP_NAME": null,
        "MSAGComm_L": null,
        "MSAGComm_R": null,
        "OBJECTID": null,
        "OBJECTID_1": 2095,
        "PostCode_L": null,
        "PostCode_R": null,
        "RD_CLASS": null,
        "RD_NAME": null,
        "ROAD_NAME": null,
        "RoadClass": null,
        "STREET": "OAKWOOD",
        "SUBDIVISIO": null,
        "SURFACE_TY": null,
        "Shape_Leng": null,
        "Shape__Length": 302.0913636938107,
        "St_Name": null,
        "St_PosDir": null,
        "St_PosMod": null,
        "St_PosTyp": null,
        "St_PreDir": null,
        "St_PreMod": null,
        "St_PreSep": null,
        "St_PreTyp": null,
        "State_L": null,
        "State_R": null,
        "ToAddr_L": null,
        "ToAddr_R": null
      },
      "type": "Feature"
    },
    {
      "geometry": {
        "coordinates": [
          [
            -95.8558212540317,
            30.2685476325391
          ],
          [
            -95.8556872680171,
            30.2685485381437
          ],
          [
            -95.8543295156673,
            30.2685843923694
          ],
          [
            -95.8542138027029,
            30.2685843446323
          ],
          [
            -95.8540572932229,
            30.2685923714846
          ],
          [
            -95.853717708438,
            30.2686002304637
          ]
        ],
        "type": "LineString"
      },
      "id": 2868,
      "properties": {
        "COMM_PCT": null,
        "Country_L": null,
        "Country_R": null,
        "County_L": null,
        "County_R": null,
        "DiscrpAgID": null,
        "FromAddr_L": null,
        "FromAddr_R": null,
        "IncMuni_L": null,
        "IncMuni_R": null,
        "LSt_Name": null,
        "LSt_PosDir": null,
        "LSt_PreDir": null,
        "LSt_Type": null,
        "MAP_NAME": null,
        "MSAGComm_L": null,
        "MSAGComm_R": null,
        "OBJECTID": null,
        "OBJECTID_1": 2868,
        "PostCode_L": null,
        "PostCode_R": null,
        "RD_CLASS": null,
        "RD_NAME": null,
        "ROAD_NAME": null,
        "RoadClass": null,
        "STREET": "WALNUT",
        "SUBDIVISIO": null,
        "SURFACE_TY": null,
        "Shape_Leng": null,
        "Shape__Length": 664.3874715499904,
        "St_Name": null,
        "St_PosDir": null,
        "St_PosMod": null,
        "St_PosTyp": null,
        "St_PreDir": null,
        "St_PreMod": null,
        "St_PreSep": null,
        "St_PreTyp": null,
        "State_L": null,
        "State_R": null,
        "ToAddr_L": null,
        "ToAddr_R": null
      },
      "type": "Feature"
    },
    {
      "geometry": {
        "coordinates": [
          [
            -95.8363949301538,
            30.2511776248651
          ],
          [
            -95.8364073657547,
            30.2509746089639
          ],
          [
            -95.8363887224648,
            30.250125296466
          ]
        ],
        "type": "LineString"
      },
      "id": 4076,
      "properties": {
        "COMM_PCT": null,
        "Country_L": null,
        "Country_R": null,
        "County_L": null,
        "County_R": null,
        "DiscrpAgID": null,
        "FromAddr_L": null,
        "FromAddr_R": null,
        "IncMuni_L": null,
        "IncMuni_R": null,
        "LSt_Name": null,
        "LSt_PosDir": null,
        "LSt_PreDir": null,
        "LSt_Type": null,
        "MAP_NAME": null,
        "MSAGComm_L": null,
        "MSAGComm_R": null,
        "OBJECTID": null,
        "OBJECTID_1": 4076,
        "PostCode_L": null,
        "PostCode_R": null,
        "RD_CLASS": null,
        "RD_NAME": null,
        "ROAD_NAME": null,
        "RoadClass": null,
        "STREET": " ",
        "SUBDIVISIO": null,
        "SURFACE_TY": null,
        "Shape_Leng": null,
        "Shape__Length": 382.8819235000962,
        "St_Name": null,
        "St_PosDir": null,
        "St_PosMod": null,
        "St_PosTyp": null,
        "St_PreDir": null,
        "St_PreMod": null,
        "St_PreSep": null,
        "St_PreTyp": null,
        "State_L": null,
        "State_R": null,
        "ToAddr_L": null,
        "ToAddr_R": null
      },
      "type": "Feature"
    },
    {
      "geometry": {
        "coordinates": [
          [
            -95.8310777463044,
            30.2656718789637
          ],
          [
            -95.8309024476242,
            30.2656830152028
          ],
          [
            -95.8307709893083,
            30.2656807585507
          ],
          [
            -95.830648031409,
            30.265683143235
          ],
          [
            -95.8304814427149,
            30.26568640179
          ],
          [
            -95.8303140597628,
            30.2656897188772
          ],
          [
            -95.8301387442441,
            30.2656931432621
          ],
          [
            -95.829966603814,
            30.2656965066019
          ],
          [
            -95.8297833568107,
            30.2657000813805
          ],
          [
            -95.8295969347921,
            30.2657037591299
          ],
          [
            -95.8293930632459,
            30.265707725843
          ],
          [
            -95.8290686093831,
            30.2657141174133
          ],
          [
            -95.8288854856065,
            30.2657150716004
          ],
          [
            -95.8287227267795,
            30.2657211719767
          ],
          [
            -95.8285490347763,
            30.2657237908859
          ],
          [
            -95.8284976026487,
            30.2657219819531
          ],
          [
            -95.8283773480242,
            30.2657174083847
          ],
          [
            -95.8282029602664,
            30.2657009976364
          ],
          [
            -95.8279586421196,
            30.2656885342525
          ],
          [
            -95.827954045355,
            30.2656868765571
          ]
        ],
        "type": "LineString"
      },
      "id": 4070,
      "properties": {
        "COMM_PCT": null,
        "Country_L": null,
        "Country_R": null,
        "County_L": null,
        "County_R": null,
        "DiscrpAgID": null,
        "FromAddr_L": null,
        "FromAddr_R": null,
        "IncMuni_L": null,
        "IncMuni_R": null,
        "LSt_Name": null,
        "LSt_PosDir": null,
        "LSt_PreDir": null,
        "LSt_Type": null,
        "MAP_NAME": null,
        "MSAGComm_L": null,
        "MSAGComm_R": null,
        "OBJECTID": null,
        "OBJECTID_1": 4070,
        "PostCode_L": null,
        "PostCode_R": null,
        "RD_CLASS": null,
        "RD_NAME": null,
        "ROAD_NAME": null,
        "RoadClass": null,
        "STREET": " ",
        "SUBDIVISIO": null,
        "SURFACE_TY": null,
        "Shape_Leng": null,
        "Shape__Length": 987.1194000517268,
        "St_Name": null,
        "St_PosDir": null,
        "St_PosMod": null,
        "St_PosTyp": null,
        "St_PreDir": null,
        "St_PreMod": null,
        "St_PreSep": null,
        "St_PreTyp": null,
        "State_L": null,
        "State_R": null,
        "ToAddr_L": null,
        "ToAddr_R": null
      },
      "type": "Feature"
    },
    {
      "geometry": {
        "coordinates": [
          [
            -95.8429801196147,
            30.2687620231134
          ],
          [
            -95.8429792571484,
            30.2687619829466
          ],
          [
            -95.842854581578,
            30.2687561296616
          ],
          [
            -95.8426148367496,
            30.2687474228795
          ],
          [
            -95.8423815070396,
            30.2687370915727
          ],
          [
            -95.8422465080126,
            30.2687334587375
          ]
        ],
        "type": "LineString"
      },
      "id": 3921,
      "properties": {
        "COMM_PCT": null,
        "Country_L": null,
        "Country_R": null,
        "County_L": null,
        "County_R": null,
        "DiscrpAgID": null,
        "FromAddr_L": null,
        "FromAddr_R": null,
        "IncMuni_L": null,
        "IncMuni_R": null,
        "LSt_Name": null,
        "LSt_PosDir": null,
        "LSt_PreDir": null,
        "LSt_Type": null,
        "MAP_NAME": null,
        "MSAGComm_L": null,
        "MSAGComm_R": null,
        "OBJECTID": null,
        "OBJECTID_1": 3921,
        "PostCode_L": null,
        "PostCode_R": null,
        "RD_CLASS": null,
        "RD_NAME": null,
        "ROAD_NAME": null,
        "RoadClass": null,
        "STREET": "302",
        "SUBDIVISIO": null,
        "SURFACE_TY": null,
        "Shape_Leng": null,
        "Shape__Length": 231.83217178305284,
        "St_Name": null,
        "St_PosDir": null,
        "St_PosMod": null,
        "St_PosTyp": null,
        "St_PreDir": null,
        "St_PreMod": null,
        "St_PreSep": null,
        "St_PreTyp": null,
        "State_L": null,
        "State_R": null,
        "ToAddr_L": null,
        "ToAddr_R": null
      },
      "type": "Feature"
    },
    {
      "geometry": {
        "coordinates": [
          [
            -95.8622220649392,
            30.2730971347947
          ],
          [
            -95.8619050594046,
            30.2730450060018
          ],
          [
            -95.861586369066,
            30.2730463922194
          ],
          [
            -95.8612698556482,
            30.2730520671385
          ],
          [
            -95.8609692083007,
            30.2730574357516
          ],
          [
            -95.860712904567,
            30.2730637507329
          ],
          [
            -95.8605289260973,
            30.2730657960364
          ],
          [
            -95.8603999240564,
            30.2730445223121
          ],
          [
            -95.8602755437061,
            30.2730261607612
          ]
        ],
        "type": "LineString"
      },
      "id": 3549,
      "properties": {
        "COMM_PCT": null,
        "Country_L": null,
        "Country_R": null,
        "County_L": null,
        "County_R": null,
        "DiscrpAgID": null,
        "FromAddr_L": null,
        "FromAddr_R": null,
        "IncMuni_L": null,
        "IncMuni_R": null,
        "LSt_Name": null,
        "LSt_PosDir": null,
        "LSt_PreDir": null,
        "LSt_Type": null,
        "MAP_NAME": null,
        "MSAGComm_L": null,
        "MSAGComm_R": null,
        "OBJECTID": null,
        "OBJECTID_1": 3549,
        "PostCode_L": null,
        "PostCode_R": null,
        "RD_CLASS": null,
        "RD_NAME": null,
        "ROAD_NAME": null,
        "RoadClass": null,
        "STREET": "302",
        "SUBDIVISIO": null,
        "SURFACE_TY": null,
        "Shape_Leng": null,
        "Shape__Length": 617.6168194726973,
        "St_Name": null,
        "St_PosDir": null,
        "St_PosMod": null,
        "St_PosTyp": null,
        "St_PreDir": null,
        "St_PreMod": null,
        "St_PreSep": null,
        "St_PreTyp": null,
        "State_L": null,
        "State_R": null,
        "ToAddr_L": null,
        "ToAddr_R": null
      },
      "type": "Feature"
    },
    {
      "geometry": {
        "coordinates": [
          [
            -95.825122260282,
            30.2475074044412
          ],
          [
            -95.8251972027645,
            30.2476020002592
          ],
          [
            -95.8252332437847,
            30.247646457133
          ],
          [
            -95.8252716269613,
            30.2476927560757
          ],
          [
            -95.8252961672083,
            30.2477337754368
          ],
          [
            -95.8252873335758,
            30.2477812191112
          ],
          [
            -95.8252406765472,
            30.2478243049703
          ],
          [
            -95.8251889524534,
            30.2478656234417
          ],
          [
            -95.8251463475492,
            30.247899586106
          ],
          [
            -95.8250976772892,
            30.2479372363875
          ],
          [
            -95.8250577885707,
            30.2479692388872
          ],
          [
            -95.8250189560986,
            30.2480001337636
          ],
          [
            -95.8249774366087,
            30.2480335423274
          ],
          [
            -95.8249338217567,
            30.2480678178661
          ],
          [
            -95.8248914931186,
            30.2481013387602
          ],
          [
            -95.8248422993703,
            30.2481329377663
          ],
          [
            -95.824786870012,
            30.2481400760481
          ],
          [
            -95.8247425647969,
            30.2481069764895
          ],
          [
            -95.8247126900676,
            30.2480690726832
          ],
          [
            -95.8246859569368,
            30.2480285854123
          ],
          [
            -95.8246624989635,
            30.2479845921675
          ],
          [
            -95.8246361913699,
            30.2479351068459
          ],
          [
            -95.824611295109,
            30.2478895362538
          ]
        ],
        "type": "LineString"
      },
      "id": 83,
      "properties": {
        "COMM_PCT": null,
        "Country_L": null,
        "Country_R": null,
        "County_L": null,
        "County_R": null,
        "DiscrpAgID": null,
        "FromAddr_L": null,
        "FromAddr_R": null,
        "IncMuni_L": null,
        "IncMuni_R": null,
        "LSt_Name": null,
        "LSt_PosDir": null,
        "LSt_PreDir": null,
        "LSt_Type": null,
        "MAP_NAME": null,
        "MSAGComm_L": null,
        "MSAGComm_R": null,
        "OBJECTID": null,
        "OBJECTID_1": 83,
        "PostCode_L": null,
        "PostCode_R": null,
        "RD_CLASS": null,
        "RD_NAME": null,
        "ROAD_NAME": null,
        "RoadClass": null,
        "STREET": "VILLAGE CIRCLE",
        "SUBDIVISIO": null,
        "SURFACE_TY": null,
        "Shape_Leng": null,
        "Shape__Length": 432.37792826188655,
        "St_Name": null,
        "St_PosDir": null,
        "St_PosMod": null,
        "St_PosTyp": null,
        "St_PreDir": null,
        "St_PreMod": null,
        "St_PreSep": null,
        "St_PreTyp": null,
        "State_L": null,
        "State_R": null,
        "ToAddr_L": null,
        "ToAddr_R": null
      },
      "type": "Feature"
    },
    {
      "geometry": {
        "coordinates": [
          [
            -95.8681156834192,
            30.2452689974747
          ],
          [
            -95.8680998675554,
            30.2452683168844
          ],
          [
            -95.8680249429671,
            30.2452778283009
          ],
          [
            -95.8679487122446,
            30.2452813616816
          ],
          [
            -95.8678722838765,
            30.2452891449335
          ],
          [
            -95.8677940727465,
            30.2453012085492
          ],
          [
            -95.8677158110541,
            30.2453143871463
          ],
          [
            -95.867476968782,
            30.245355891061
          ],
          [
            -95.8673962452398,
            30.2453708768305
          ],
          [
            -95.8673155028604,
            30.2453862916367
          ],
          [
            -95.8669941638703,
            30.2454468877308
          ],
          [
            -95.8669135583351,
            30.2454592970494
          ],
          [
            -95.8668023199554,
            30.245474464935
          ],
          [
            -95.8666370212658,
            30.2454870771846
          ],
          [
            -95.8664835291235,
            30.2454798227481
          ],
          [
            -95.8663778082682,
            30.2454528764392
          ],
          [
            -95.8661688553222,
            30.2453829802582
          ],
          [
            -95.8659712133713,
            30.245326852744
          ],
          [
            -95.8657008838402,
            30.2453097288152
          ],
          [
            -95.865629491395,
            30.2453201818332
          ],
          [
            -95.8653868524051,
            30.2453319666067
          ],
          [
            -95.8648185060028,
            30.2453393501931
          ],
          [
            -95.8644004334519,
            30.2453482045356
          ],
          [
            -95.8641817198215,
            30.2453577054355
          ]
        ],
        "type": "LineString"
      },
      "id": 3591,
      "properties": {
        "COMM_PCT": null,
        "Country_L": null,
        "Country_R": null,
        "County_L": null,
        "County_R": null,
        "DiscrpAgID": null,
        "FromAddr_L": null,
        "FromAddr_R": null,
        "IncMuni_L": null,
        "IncMuni_R": null,
        "LSt_Name": null,
        "LSt_PosDir": null,
        "LSt_PreDir": null,
        "LSt_Type": null,
        "MAP_NAME": null,
        "MSAGComm_L": null,
        "MSAGComm_R": null,
        "OBJECTID": null,
        "OBJECTID_1": 3591,
        "PostCode_L": null,
        "PostCode_R": null,
        "RD_CLASS": null,
        "RD_NAME": null,
        "ROAD_NAME": null,
        "RoadClass": null,
        "STREET": "BRONCO",
        "SUBDIVISIO": null,
        "SURFACE_TY": null,
        "Shape_Leng": null,
        "Shape__Length": 1259.8552605676919,
        "St_Name": null,
        "St_PosDir": null,
        "St_PosMod": null,
        "St_PosTyp": null,
        "St_PreDir": null,
        "St_PreMod": null,
        "St_PreSep": null,
        "St_PreTyp": null,
        "State_L": null,
        "State_R": null,
        "ToAddr_L": null,
        "ToAddr_R": null
      },
      "type": "Feature"
    },
    {
      "geometry": {
        "coordinates": [
          [
            -95.8302650698034,
            30.2492303966058
          ],
          [
            -95.8303564747779,
            30.2491382866594
          ],
          [
            -95.8304575331834,
            30.2490273814034
          ],
          [
            -95.8305667927363,
            30.2489104870285
          ],
          [
            -95.8306653711093,
            30.2488017307483
          ],
          [
            -95.8307504685327,
            30.2487101725031
          ],
          [
            -95.8308275205929,
            30.248621211381
          ],
          [
            -95.8309146424673,
            30.2485202209774
          ],
          [
            -95.8310057707607,
            30.2484182970064
          ],
          [
            -95.8311075616932,
            30.2483086205295
          ],
          [
            -95.8312202623304,
            30.2481858707759
          ],
          [
            -95.831337916586,
            30.2480588657749
          ],
          [
            -95.8314538591985,
            30.2479345514429
          ],
          [
            -95.8315397031953,
            30.2478439651489
          ],
          [
            -95.8316656860503,
            30.2477082658488
          ],
          [
            -95.8317574867457,
            30.2476088586703
          ],
          [
            -95.8318600639728,
            30.2474992535415
          ],
          [
            -95.8319709162929,
            30.2473821134478
          ],
          [
            -95.832082053099,
            30.2472759039538
          ],
          [
            -95.8322025321718,
            30.2471562211171
          ],
          [
            -95.8323239301478,
            30.2470338186374
          ],
          [
            -95.8324315980674,
            30.2469169951076
          ],
          [
            -95.8325345105704,
            30.2468171609197
          ],
          [
            -95.8326390240302,
            30.2467169974143
          ],
          [
            -95.8327580707264,
            30.2465940379401
          ],
          [
            -95.8328714408406,
            30.2464908305997
          ],
          [
            -95.8329724794508,
            30.2463801819986
          ],
          [
            -95.8330704761962,
            30.2462837860031
          ],
          [
            -95.8331769200112,
            30.2461762072526
          ],
          [
            -95.8332756127484,
            30.2460648729073
          ],
          [
            -95.8333774942604,
            30.2459701182408
          ],
          [
            -95.8334760644504,
            30.2458614030873
          ],
          [
            -95.8335649763792,
            30.2457559164839
          ],
          [
            -95.8336481346995,
            30.2456378443852
          ],
          [
            -95.8337467760506,
            30.2455446097315
          ],
          [
            -95.8338359444508,
            30.2454335858675
          ],
          [
            -95.83391402418,
            30.2453394579872
          ],
          [
            -95.8339833359013,
            30.245246439442
          ],
          [
            -95.8340515822758,
            30.2451592744227
          ],
          [
            -95.834112776867,
            30.2450703990171
          ],
          [
            -95.8341788668057,
            30.244978471564
          ],
          [
            -95.8342420834692,
            30.2448802081632
          ],
          [
            -95.8343027537192,
            30.244785596614
          ],
          [
            -95.8343657640738,
            30.2446917543125
          ],
          [
            -95.8344338288138,
            30.2445914690814
          ],
          [
            -95.8345079623223,
            30.2444629749288
          ],
          [
            -95.8345830844611,
            30.244364269252
          ],
          [
            -95.8350998352117,
            30.2435404925896
          ]
        ],
        "type": "LineString"
      },
      "id": 4075,
      "properties": {
        "COMM_PCT": null,
        "Country_L": null,
        "Country_R": null,
        "County_L": null,
        "County_R": null,
        "DiscrpAgID": null,
        "FromAddr_L": null,
        "FromAddr_R": null,
        "IncMuni_L": null,
        "IncMuni_R": null,
        "LSt_Name": null,
        "LSt_PosDir": null,
        "LSt_PreDir": null,
        "LSt_Type": null,
        "MAP_NAME": null,
        "MSAGComm_L": null,
        "MSAGComm_R": null,
        "OBJECTID": null,
        "OBJECTID_1": 4075,
        "PostCode_L": null,
        "PostCode_R": null,
        "RD_CLASS": null,
        "RD_NAME": null,
        "ROAD_NAME": null,
        "RoadClass": null,
        "STREET": " ",
        "SUBDIVISIO": null,
        "SURFACE_TY": null,
        "Shape_Leng": null,
        "Shape__Length": 2580.681318903513,
        "St_Name": null,
        "St_PosDir": null,
        "St_PosMod": null,
        "St_PosTyp": null,
        "St_PreDir": null,
        "St_PreMod": null,
        "St_PreSep": null,
        "St_PreTyp": null,
        "State_L": null,
        "State_R": null,
        "ToAddr_L": null,
        "ToAddr_R": null
      },
      "type": "Feature"
    },
    {
      "geometry": {
        "coordinates": [
          [
            -95.825122260282,
            30.2475074044412
          ],
          [
            -95.8251185139903,
            30.2475102004547
          ],
          [
            -95.8250675166686,
            30.2475490968671
          ],
          [
            -95.8250118431343,
            30.2475916620784
          ],
          [
            -95.8249525938663,
            30.2476367322477
          ],
          [
            -95.8248906520375,
            30.2476836550161
          ],
          [
            -95.824829316994,
            30.2477297414245
          ],
          [
            -95.8247672685265,
            30.2477750262486
          ],
          [
            -95.8247032440462,
            30.247821338421
          ],
          [
            -95.8246395771965,
            30.247868096517
          ],
          [
            -95.824611295109,
            30.2478895362538
          ]
        ],
        "type": "LineString"
      },
      "id": 3434,
      "properties": {
        "COMM_PCT": null,
        "Country_L": null,
        "Country_R": null,
        "County_L": null,
        "County_R": null,
        "DiscrpAgID": null,
        "FromAddr_L": null,
        "FromAddr_R": null,
        "IncMuni_L": null,
        "IncMuni_R": null,
        "LSt_Name": null,
        "LSt_PosDir": null,
        "LSt_PreDir": null,
        "LSt_Type": null,
        "MAP_NAME": null,
        "MSAGComm_L": null,
        "MSAGComm_R": null,
        "OBJECTID": null,
        "OBJECTID_1": 3434,
        "PostCode_L": null,
        "PostCode_R": null,
        "RD_CLASS": null,
        "RD_NAME": null,
        "ROAD_NAME": null,
        "RoadClass": null,
        "STREET": "VILLAGE",
        "SUBDIVISIO": null,
        "SURFACE_TY": null,
        "Shape_Leng": null,
        "Shape__Length": 212.95540293609304,
        "St_Name": null,
        "St_PosDir": null,
        "St_PosMod": null,
        "St_PosTyp": null,
        "St_PreDir": null,
        "St_PreMod": null,
        "St_PreSep": null,
        "St_PreTyp": null,
        "State_L": null,
        "State_R": null,
        "ToAddr_L": null,
        "ToAddr_R": null
      },
      "type": "Feature"
    },
    {
      "geometry": {
        "coordinates": [
          [
            -95.831684457539,
            30.2689670938554
          ],
          [
            -95.8315279068439,
            30.2689419424025
          ]
        ],
        "type": "LineString"
      },
      "id": 4069,
      "properties": {
        "COMM_PCT": null,
        "Country_L": null,
        "Country_R": null,
        "County_L": null,
        "County_R": null,
        "DiscrpAgID": null,
        "FromAddr_L": null,
        "FromAddr_R": null,
        "IncMuni_L": null,
        "IncMuni_R": null,
        "LSt_Name": null,
        "LSt_PosDir": null,
        "LSt_PreDir": null,
        "LSt_Type": null,
        "MAP_NAME": null,
        "MSAGComm_L": null,
        "MSAGComm_R": null,
        "OBJECTID": null,
        "OBJECTID_1": 4069,
        "PostCode_L": null,
        "PostCode_R": null,
        "RD_CLASS": null,
        "RD_NAME": null,
        "ROAD_NAME": null,
        "RoadClass": null,
        "STREET": "302",
        "SUBDIVISIO": null,
        "SURFACE_TY": null,
        "Shape_Leng": null,
        "Shape__Length": 50.26035496667167,
        "St_Name": null,
        "St_PosDir": null,
        "St_PosMod": null,
        "St_PosTyp": null,
        "St_PreDir": null,
        "St_PreMod": null,
        "St_PreSep": null,
        "St_PreTyp": null,
        "State_L": null,
        "State_R": null,
        "ToAddr_L": null,
        "ToAddr_R": null
      },
      "type": "Feature"
    },
    {
      "geometry": {
        "coordinates": [
          [
            -95.8423179371832,
            30.2608235903578
          ],
          [
            -95.8423211915657,
            30.2607541214075
          ],
          [
            -95.842319482841,
            30.2605823997294
          ],
          [
            -95.8423224931436,
            30.2603402863079
          ],
          [
            -95.8423283664708,
            30.2600366441713
          ],
          [
            -95.8423334077372,
            30.2596799414228
          ],
          [
            -95.8423611277812,
            30.2594745260688
          ],
          [
            -95.8424721130845,
            30.2592892293494
          ],
          [
            -95.8426136833352,
            30.259120770219
          ],
          [
            -95.8427446484342,
            30.2589318736735
          ],
          [
            -95.8429059605128,
            30.2585519852606
          ],
          [
            -95.8430181904434,
            30.2582334395433
          ],
          [
            -95.8431008166839,
            30.2579124221583
          ],
          [
            -95.8431744014799,
            30.2576082875996
          ],
          [
            -95.8432182682756,
            30.2574106040475
          ],
          [
            -95.8432684792624,
            30.2571830443169
          ],
          [
            -95.8433205210649,
            30.2569870810543
          ],
          [
            -95.8433468728111,
            30.2568346472632
          ]
        ],
        "type": "LineString"
      },
      "id": 3926,
      "properties": {
        "COMM_PCT": null,
        "Country_L": null,
        "Country_R": null,
        "County_L": null,
        "County_R": null,
        "DiscrpAgID": null,
        "FromAddr_L": null,
        "FromAddr_R": null,
        "IncMuni_L": null,
        "IncMuni_R": null,
        "LSt_Name": null,
        "LSt_PosDir": null,
        "LSt_PreDir": null,
        "LSt_Type": null,
        "MAP_NAME": null,
        "MSAGComm_L": null,
        "MSAGComm_R": null,
        "OBJECTID": null,
        "OBJECTID_1": 3926,
        "PostCode_L": null,
        "PostCode_R": null,
        "RD_CLASS": null,
        "RD_NAME": null,
        "ROAD_NAME": null,
        "RoadClass": null,
        "STREET": "MAIN",
        "SUBDIVISIO": null,
        "SURFACE_TY": null,
        "Shape_Leng": null,
        "Shape__Length": 1510.9175703099663,
        "St_Name": null,
        "St_PosDir": null,
        "St_PosMod": null,
        "St_PosTyp": null,
        "St_PreDir": null,
        "St_PreMod": null,
        "St_PreSep": null,
        "St_PreTyp": null,
        "State_L": null,
        "State_R": null,
        "ToAddr_L": null,
        "ToAddr_R": null
      },
      "type": "Feature"
    },
    {
      "geometry": {
        "coordinates": [
          [
            -95.8640073833132,
            30.2526406093422
          ],
          [
            -95.8639978665987,
            30.2526407503016
          ],
          [
            -95.8639138356933,
            30.2526414723387
          ],
          [
            -95.8638306385986,
            30.2526412781634
          ],
          [
            -95.8637528504178,
            30.2526440660474
          ],
          [
            -95.8636720616197,
            30.2526432245325
          ],
          [
            -95.8635943290725,
            30.2526448107971
          ],
          [
            -95.863516621322,
            30.2526458390318
          ],
          [
            -95.8634381025816,
            30.2526473128962
          ],
          [
            -95.8633611810887,
            30.2526484966807
          ],
          [
            -95.863285841853,
            30.2526497365493
          ],
          [
            -95.8632120740157,
            30.2526512894309
          ],
          [
            -95.863139132063,
            30.2526520973773
          ],
          [
            -95.863067001172,
            30.2526525029458
          ],
          [
            -95.862992540579,
            30.2526518809915
          ],
          [
            -95.8629204195814,
            30.2526520728533
          ],
          [
            -95.8628483244668,
            30.2526517058268
          ],
          [
            -95.8627792935866,
            30.2526536386879
          ],
          [
            -95.8627103571024,
            30.2526535109497
          ],
          [
            -95.8626429840845,
            30.2526538674986
          ],
          [
            -95.8625770770157,
            30.2526567687902
          ],
          [
            -95.8625082160558,
            30.2526550103698
          ],
          [
            -95.862444010565,
            30.2526553916251
          ],
          [
            -95.8623829617417,
            30.2526560545884
          ],
          [
            -95.8623075705321,
            30.2526559459561
          ],
          [
            -95.8621964228041,
            30.2526640866439
          ],
          [
            -95.8621092618247,
            30.2526686878026
          ]
        ],
        "type": "LineString"
      },
      "id": 918,
      "properties": {
        "COMM_PCT": null,
        "Country_L": null,
        "Country_R": null,
        "County_L": null,
        "County_R": null,
        "DiscrpAgID": null,
        "FromAddr_L": null,
        "FromAddr_R": null,
        "IncMuni_L": null,
        "IncMuni_R": null,
        "LSt_Name": null,
        "LSt_PosDir": null,
        "LSt_PreDir": null,
        "LSt_Type": null,
        "MAP_NAME": null,
        "MSAGComm_L": null,
        "MSAGComm_R": null,
        "OBJECTID": null,
        "OBJECTID_1": 918,
        "PostCode_L": null,
        "PostCode_R": null,
        "RD_CLASS": null,
        "RD_NAME": null,
        "ROAD_NAME": null,
        "RoadClass": null,
        "STREET": "STEEPLECHASE",
        "SUBDIVISIO": null,
        "SURFACE_TY": null,
        "Shape_Leng": null,
        "Shape__Length": 599.5968562843786,
        "St_Name": null,
        "St_PosDir": null,
        "St_PosMod": null,
        "St_PosTyp": null,
        "St_PreDir": null,
        "St_PreMod": null,
        "St_PreSep": null,
        "St_PreTyp": null,
        "State_L": null,
        "State_R": null,
        "ToAddr_L": null,
        "ToAddr_R": null
      },
      "type": "Feature"
    },
    {
      "geometry": {
        "coordinates": [
          [
            -95.8260999269336,
            30.2723607324605
          ],
          [
            -95.8254474759058,
            30.2722957200795
          ],
          [
            -95.8253574757616,
            30.2722541558714
          ],
          [
            -95.8252760586982,
            30.2722154721794
          ],
          [
            -95.8251907784558,
            30.2721746752531
          ],
          [
            -95.8251213951534,
            30.2721159070132
          ],
          [
            -95.8249790933156,
            30.2718366162487
          ],
          [
            -95.8249998499385,
            30.2717655838036
          ],
          [
            -95.8250449401707,
            30.2716996213581
          ],
          [
            -95.8250897906355,
            30.2716387677477
          ],
          [
            -95.8254851390838,
            30.2712689719691
          ],
          [
            -95.8255628539552,
            30.2711833037637
          ],
          [
            -95.8256232898002,
            30.2711111740048
          ],
          [
            -95.8256927997678,
            30.27103145108
          ],
          [
            -95.8257501970276,
            30.2709225807797
          ],
          [
            -95.8258357887565,
            30.2708718893002
          ],
          [
            -95.825901828462,
            30.2707985797996
          ],
          [
            -95.8259904501718,
            30.2706660415389
          ]
        ],
        "type": "LineString"
      },
      "id": 2544,
      "properties": {
        "COMM_PCT": null,
        "Country_L": null,
        "Country_R": null,
        "County_L": null,
        "County_R": null,
        "DiscrpAgID": null,
        "FromAddr_L": null,
        "FromAddr_R": null,
        "IncMuni_L": null,
        "IncMuni_R": null,
        "LSt_Name": null,
        "LSt_PosDir": null,
        "LSt_PreDir": null,
        "LSt_Type": null,
        "MAP_NAME": null,
        "MSAGComm_L": null,
        "MSAGComm_R": null,
        "OBJECTID": null,
        "OBJECTID_1": 2544,
        "PostCode_L": null,
        "PostCode_R": null,
        "RD_CLASS": null,
        "RD_NAME": null,
        "ROAD_NAME": null,
        "RoadClass": null,
        "STREET": "WHISPERING PINES",
        "SUBDIVISIO": null,
        "SURFACE_TY": null,
        "Shape_Leng": null,
        "Shape__Length": 979.7869750283652,
        "St_Name": null,
        "St_PosDir": null,
        "St_PosMod": null,
        "St_PosTyp": null,
        "St_PreDir": null,
        "St_PreMod": null,
        "St_PreSep": null,
        "St_PreTyp": null,
        "State_L": null,
        "State_R": null,
        "ToAddr_L": null,
        "ToAddr_R": null
      },
      "type": "Feature"
    },
    {
      "geometry": {
        "coordinates": [
          [
            -95.8515967652235,
            30.251450890722
          ],
          [
            -95.8515971799582,
            30.2514248920436
          ],
          [
            -95.8515955442096,
            30.2513918553829
          ],
          [
            -95.8515943180562,
            30.2513500196465
          ],
          [
            -95.8515939199192,
            30.2513073949251
          ],
          [
            -95.8515928123412,
            30.2512629830553
          ],
          [
            -95.8515970354208,
            30.2512232294466
          ],
          [
            -95.8515894963295,
            30.2511637581267
          ],
          [
            -95.8515878845972,
            30.2511131379199
          ],
          [
            -95.8515863466509,
            30.2510609286092
          ],
          [
            -95.8515848844577,
            30.2510070878304
          ],
          [
            -95.851583574807,
            30.2509499841518
          ],
          [
            -95.8515822381716,
            30.2508934392826
          ],
          [
            -95.8515810151648,
            30.2508344472112
          ],
          [
            -95.8515805644081,
            30.2507759119123
          ],
          [
            -95.8515800368206,
            30.2507190089469
          ],
          [
            -95.8515763472288,
            30.2506107417613
          ],
          [
            -95.8515755376832,
            30.2505599338537
          ],
          [
            -95.8515762376259,
            30.2505107262208
          ],
          [
            -95.8515784958871,
            30.2504620895416
          ],
          [
            -95.8515783957765,
            30.2504130687831
          ],
          [
            -95.8515780583472,
            30.2502667383069
          ],
          [
            -95.8515777907899,
            30.2502213239048
          ],
          [
            -95.8515775540854,
            30.2501752226275
          ],
          [
            -95.8515780426754,
            30.2501305668821
          ],
          [
            -95.8515791909362,
            30.2500887700067
          ],
          [
            -95.8515779378623,
            30.2500474921819
          ],
          [
            -95.8515781614077,
            30.2500085447724
          ],
          [
            -95.8515766133261,
            30.2499736206597
          ],
          [
            -95.8515727970441,
            30.2498851715416
          ],
          [
            -95.8515708983327,
            30.2498502514091
          ]
        ],
        "type": "LineString"
      },
      "id": 3551,
      "properties": {
        "COMM_PCT": null,
        "Country_L": null,
        "Country_R": null,
        "County_L": null,
        "County_R": null,
        "DiscrpAgID": null,
        "FromAddr_L": null,
        "FromAddr_R": null,
        "IncMuni_L": null,
        "IncMuni_R": null,
        "LSt_Name": null,
        "LSt_PosDir": null,
        "LSt_PreDir": null,
        "LSt_Type": null,
        "MAP_NAME": null,
        "MSAGComm_L": null,
        "MSAGComm_R": null,
        "OBJECTID": null,
        "OBJECTID_1": 3551,
        "PostCode_L": null,
        "PostCode_R": null,
        "RD_CLASS": null,
        "RD_NAME": null,
        "ROAD_NAME": null,
        "RoadClass": null,
        "STREET": "WALLY",
        "SUBDIVISIO": null,
        "SURFACE_TY": null,
        "Shape_Leng": null,
        "Shape__Length": 582.4735258353,
        "St_Name": null,
        "St_PosDir": null,
        "St_PosMod": null,
        "St_PosTyp": null,
        "St_PreDir": null,
        "St_PreMod": null,
        "St_PreSep": null,
        "St_PreTyp": null,
        "State_L": null,
        "State_R": null,
        "ToAddr_L": null,
        "ToAddr_R": null
      },
      "type": "Feature"
    },
    {
      "geometry": {
        "coordinates": [
          [
            -95.8493119613516,
            30.2686817998993
          ],
          [
            -95.8492636053737,
            30.2686822287089
          ],
          [
            -95.8489796925822,
            30.268685918275
          ],
          [
            -95.84871552573,
            30.2686910740979
          ],
          [
            -95.8484702728483,
            30.2686985663882
          ],
          [
            -95.8482234602124,
            30.2687054889805
          ],
          [
            -95.8479538213013,
            30.2687090305702
          ],
          [
            -95.8476768891181,
            30.268715972644
          ],
          [
            -95.8474023447875,
            30.2687227395402
          ],
          [
            -95.8471484504888,
            30.2687285507477
          ],
          [
            -95.8469049155433,
            30.268733178659
          ],
          [
            -95.8467477398325,
            30.2687385279837
          ],
          [
            -95.8467450312613,
            30.2687386199946
          ],
          [
            -95.84665962144,
            30.2687415264471
          ],
          [
            -95.8464080269965,
            30.2687490084427
          ],
          [
            -95.8461684623489,
            30.2687534724929
          ],
          [
            -95.8459574036999,
            30.2687585032224
          ],
          [
            -95.84574760773,
            30.2687609388676
          ],
          [
            -95.8457417070949,
            30.2687610074991
          ],
          [
            -95.8456085548603,
            30.2687640498346
          ],
          [
            -95.8454973338281,
            30.2687665910673
          ],
          [
            -95.845327192234,
            30.2687703440856
          ],
          [
            -95.845230754843,
            30.2687724713658
          ],
          [
            -95.8449507261657,
            30.2687778355721
          ],
          [
            -95.844667497416,
            30.268783861654
          ],
          [
            -95.844381323027,
            30.2687850124115
          ],
          [
            -95.8440888145791,
            30.2687860678306
          ],
          [
            -95.843847377814,
            30.2687866086472
          ]
        ],
        "type": "LineString"
      },
      "id": 3923,
      "properties": {
        "COMM_PCT": null,
        "Country_L": null,
        "Country_R": null,
        "County_L": null,
        "County_R": null,
        "DiscrpAgID": null,
        "FromAddr_L": null,
        "FromAddr_R": null,
        "IncMuni_L": null,
        "IncMuni_R": null,
        "LSt_Name": null,
        "LSt_PosDir": null,
        "LSt_PreDir": null,
        "LSt_Type": null,
        "MAP_NAME": null,
        "MSAGComm_L": null,
        "MSAGComm_R": null,
        "OBJECTID": null,
        "OBJECTID_1": 3923,
        "PostCode_L": null,
        "PostCode_R": null,
        "RD_CLASS": null,
        "RD_NAME": null,
        "ROAD_NAME": null,
        "RoadClass": null,
        "STREET": "302",
        "SUBDIVISIO": null,
        "SURFACE_TY": null,
        "Shape_Leng": null,
        "Shape__Length": 1725.6061366857327,
        "St_Name": null,
        "St_PosDir": null,
        "St_PosMod": null,
        "St_PosTyp": null,
        "St_PreDir": null,
        "St_PreMod": null,
        "St_PreSep": null,
        "St_PreTyp": null,
        "State_L": null,
        "State_R": null,
        "ToAddr_L": null,
        "ToAddr_R": null
      },
      "type": "Feature"
    },
    {
      "geometry": {
        "coordinates": [
          [
            -95.8337686658293,
            30.2827236519042
          ],
          [
            -95.8335914809094,
            30.2827665299655
          ],
          [
            -95.8335025320288,
            30.2827701136349
          ],
          [
            -95.8334285774916,
            30.2827751267824
          ],
          [
            -95.8332982142062,
            30.2827828865398
          ],
          [
            -95.8331641021251,
            30.2827860436292
          ],
          [
            -95.8330341971921,
            30.2827839746931
          ],
          [
            -95.8329821506404,
            30.2827842155967
          ]
        ],
        "type": "LineString"
      },
      "id": 3855,
      "properties": {
        "COMM_PCT": null,
        "Country_L": null,
        "Country_R": null,
        "County_L": null,
        "County_R": null,
        "DiscrpAgID": null,
        "FromAddr_L": null,
        "FromAddr_R": null,
        "IncMuni_L": null,
        "IncMuni_R": null,
        "LSt_Name": null,
        "LSt_PosDir": null,
        "LSt_PreDir": null,
        "LSt_Type": null,
        "MAP_NAME": null,
        "MSAGComm_L": null,
        "MSAGComm_R": null,
        "OBJECTID": null,
        "OBJECTID_1": 3855,
        "PostCode_L": null,
        "PostCode_R": null,
        "RD_CLASS": null,
        "RD_NAME": null,
        "ROAD_NAME": null,
        "RoadClass": null,
        "STREET": "354",
        "SUBDIVISIO": null,
        "SURFACE_TY": null,
        "Shape_Leng": null,
        "Shape__Length": 250.61082938596414,
        "St_Name": null,
        "St_PosDir": null,
        "St_PosMod": null,
        "St_PosTyp": null,
        "St_PreDir": null,
        "St_PreMod": null,
        "St_PreSep": null,
        "St_PreTyp": null,
        "State_L": null,
        "State_R": null,
        "ToAddr_L": null,
        "ToAddr_R": null
      },
      "type": "Feature"
    },
    {
      "geometry": {
        "coordinates": [
          [
            -95.8657854659876,
            30.2463789284695
          ],
          [
            -95.8656033130792,
            30.2463795524031
          ],
          [
            -95.8653448865105,
            30.2463753137978
          ],
          [
            -95.8649869091604,
            30.2463819324853
          ],
          [
            -95.8644856519652,
            30.2463931065902
          ],
          [
            -95.8642159955018,
            30.2464023953601
          ]
        ],
        "type": "LineString"
      },
      "id": 3594,
      "properties": {
        "COMM_PCT": null,
        "Country_L": null,
        "Country_R": null,
        "County_L": null,
        "County_R": null,
        "DiscrpAgID": null,
        "FromAddr_L": null,
        "FromAddr_R": null,
        "IncMuni_L": null,
        "IncMuni_R": null,
        "LSt_Name": null,
        "LSt_PosDir": null,
        "LSt_PreDir": null,
        "LSt_Type": null,
        "MAP_NAME": null,
        "MSAGComm_L": null,
        "MSAGComm_R": null,
        "OBJECTID": null,
        "OBJECTID_1": 3594,
        "PostCode_L": null,
        "PostCode_R": null,
        "RD_CLASS": null,
        "RD_NAME": null,
        "ROAD_NAME": null,
        "RoadClass": null,
        "STREET": "LAUREN",
        "SUBDIVISIO": null,
        "SURFACE_TY": null,
        "Shape_Leng": null,
        "Shape__Length": 495.7362770605438,
        "St_Name": null,
        "St_PosDir": null,
        "St_PosMod": null,
        "St_PosTyp": null,
        "St_PreDir": null,
        "St_PreMod": null,
        "St_PreSep": null,
        "St_PreTyp": null,
        "State_L": null,
        "State_R": null,
        "ToAddr_L": null,
        "ToAddr_R": null
      },
      "type": "Feature"
    },
    {
      "geometry": {
        "coordinates": [
          [
            -95.8318709313934,
            30.2710861608247
          ],
          [
            -95.8318490807526,
            30.2709428983088
          ],
          [
            -95.8316985120042,
            30.2700079148985
          ]
        ],
        "type": "LineString"
      },
      "id": 2094,
      "properties": {
        "COMM_PCT": null,
        "Country_L": null,
        "Country_R": null,
        "County_L": null,
        "County_R": null,
        "DiscrpAgID": null,
        "FromAddr_L": null,
        "FromAddr_R": null,
        "IncMuni_L": null,
        "IncMuni_R": null,
        "LSt_Name": null,
        "LSt_PosDir": null,
        "LSt_PreDir": null,
        "LSt_Type": null,
        "MAP_NAME": null,
        "MSAGComm_L": null,
        "MSAGComm_R": null,
        "OBJECTID": null,
        "OBJECTID_1": 2094,
        "PostCode_L": null,
        "PostCode_R": null,
        "RD_CLASS": null,
        "RD_NAME": null,
        "ROAD_NAME": null,
        "RoadClass": null,
        "STREET": "FM 1774",
        "SUBDIVISIO": null,
        "SURFACE_TY": null,
        "Shape_Leng": null,
        "Shape__Length": 395.9074709337101,
        "St_Name": null,
        "St_PosDir": null,
        "St_PosMod": null,
        "St_PosTyp": null,
        "St_PreDir": null,
        "St_PreMod": null,
        "St_PreSep": null,
        "St_PreTyp": null,
        "State_L": null,
        "State_R": null,
        "ToAddr_L": null,
        "ToAddr_R": null
      },
      "type": "Feature"
    },
    {
      "geometry": {
        "coordinates": [
          [
            -95.8558408542822,
            30.2699528635932
          ],
          [
            -95.8556336184367,
            30.2698071687341
          ],
          [
            -95.8554898093669,
            30.2697122765773
          ],
          [
            -95.8550671178586,
            30.2694272598855
          ],
          [
            -95.8548676407604,
            30.2692851880825
          ],
          [
            -95.8539786386704,
            30.2687159897851
          ],
          [
            -95.8539167579259,
            30.2686831259385
          ],
          [
            -95.8538795615754,
            30.2686648844352
          ],
          [
            -95.8537784079128,
            30.2686243687888
          ],
          [
            -95.853717708438,
            30.2686002304637
          ]
        ],
        "type": "LineString"
      },
      "id": 2867,
      "properties": {
        "COMM_PCT": null,
        "Country_L": null,
        "Country_R": null,
        "County_L": null,
        "County_R": null,
        "DiscrpAgID": null,
        "FromAddr_L": null,
        "FromAddr_R": null,
        "IncMuni_L": null,
        "IncMuni_R": null,
        "LSt_Name": null,
        "LSt_PosDir": null,
        "LSt_PreDir": null,
        "LSt_Type": null,
        "MAP_NAME": null,
        "MSAGComm_L": null,
        "MSAGComm_R": null,
        "OBJECTID": null,
        "OBJECTID_1": 2867,
        "PostCode_L": null,
        "PostCode_R": null,
        "RD_CLASS": null,
        "RD_NAME": null,
        "ROAD_NAME": null,
        "RoadClass": null,
        "STREET": "302",
        "SUBDIVISIO": null,
        "SURFACE_TY": null,
        "Shape_Leng": null,
        "Shape__Length": 833.0090932549701,
        "St_Name": null,
        "St_PosDir": null,
        "St_PosMod": null,
        "St_PosTyp": null,
        "St_PreDir": null,
        "St_PreMod": null,
        "St_PreSep": null,
        "St_PreTyp": null,
        "State_L": null,
        "State_R": null,
        "ToAddr_L": null,
        "ToAddr_R": null
      },
      "type": "Feature"
    },
    {
      "geometry": {
        "coordinates": [
          [
            -95.8400414771764,
            30.2567452002041
          ],
          [
            -95.839865771395,
            30.2567366466434
          ],
          [
            -95.8397531376743,
            30.2567326947438
          ],
          [
            -95.8395221556193,
            30.2567293679197
          ],
          [
            -95.8391424937616,
            30.2567279891499
          ],
          [
            -95.8388207445297,
            30.2567238638634
          ],
          [
            -95.8385075693938,
            30.2567128729037
          ],
          [
            -95.8382012725569,
            30.256697308691
          ],
          [
            -95.8381172820727,
            30.2566442335931
          ],
          [
            -95.837989640274,
            30.2565489807116
          ],
          [
            -95.8378661593726,
            30.2564825387016
          ],
          [
            -95.8377337712396,
            30.2564301172798
          ],
          [
            -95.837568528819,
            30.2563741526062
          ],
          [
            -95.8370925881867,
            30.2561950092525
          ],
          [
            -95.8369576757845,
            30.2561377205855
          ],
          [
            -95.8367716791347,
            30.256054750128
          ],
          [
            -95.8365591008584,
            30.2559517357815
          ],
          [
            -95.8364538585912,
            30.2558978185499
          ],
          [
            -95.8364035005645,
            30.2558702780395
          ]
        ],
        "type": "LineString"
      },
      "id": 3915,
      "properties": {
        "COMM_PCT": null,
        "Country_L": null,
        "Country_R": null,
        "County_L": null,
        "County_R": null,
        "DiscrpAgID": null,
        "FromAddr_L": null,
        "FromAddr_R": null,
        "IncMuni_L": null,
        "IncMuni_R": null,
        "LSt_Name": null,
        "LSt_PosDir": null,
        "LSt_PreDir": null,
        "LSt_Type": null,
        "MAP_NAME": null,
        "MSAGComm_L": null,
        "MSAGComm_R": null,
        "OBJECTID": null,
        "OBJECTID_1": 3915,
        "PostCode_L": null,
        "PostCode_R": null,
        "RD_CLASS": null,
        "RD_NAME": null,
        "ROAD_NAME": null,
        "RoadClass": null,
        "STREET": "RENFEST",
        "SUBDIVISIO": null,
        "SURFACE_TY": null,
        "Shape_Leng": null,
        "Shape__Length": 1226.6050838536144,
        "St_Name": null,
        "St_PosDir": null,
        "St_PosMod": null,
        "St_PosTyp": null,
        "St_PreDir": null,
        "St_PreMod": null,
        "St_PreSep": null,
        "St_PreTyp": null,
        "State_L": null,
        "State_R": null,
        "ToAddr_L": null,
        "ToAddr_R": null
      },
      "type": "Feature"
    },
    {
      "geometry": {
        "coordinates": [
          [
            -95.8621092618247,
            30.2526686878026
          ],
          [
            -95.8621112818716,
            30.2526020242161
          ],
          [
            -95.8621099782864,
            30.2525788456194
          ],
          [
            -95.8621092284799,
            30.25254373476
          ],
          [
            -95.8621090006463,
            30.2524973333393
          ],
          [
            -95.8621091665531,
            30.2524424320261
          ],
          [
            -95.8621104150028,
            30.2523812902639
          ],
          [
            -95.8621102888875,
            30.2523155863864
          ],
          [
            -95.8621086699574,
            30.2522478956357
          ],
          [
            -95.8621071197091,
            30.2521787447068
          ],
          [
            -95.862106381366,
            30.2521091508501
          ],
          [
            -95.862105647074,
            30.2520394695613
          ],
          [
            -95.8621041306101,
            30.2519695894274
          ],
          [
            -95.862103368471,
            30.251900509351
          ],
          [
            -95.8621025894589,
            30.2518318159977
          ],
          [
            -95.8621001913411,
            30.2517638398366
          ],
          [
            -95.8620977315981,
            30.2516971940936
          ],
          [
            -95.8620968352219,
            30.2516310344843
          ],
          [
            -95.8620943734804,
            30.2515644320075
          ],
          [
            -95.8620911464891,
            30.2514972430615
          ],
          [
            -95.862089474929,
            30.251430711509
          ],
          [
            -95.8620871146175,
            30.2513619196124
          ],
          [
            -95.8620839870119,
            30.2512925854136
          ],
          [
            -95.8620832418389,
            30.2512231619559
          ],
          [
            -95.8620832747833,
            30.2511540247766
          ],
          [
            -95.8620833346949,
            30.2510843278851
          ],
          [
            -95.862082558632,
            30.2510155488697
          ],
          [
            -95.8620777075996,
            30.2509492069507
          ],
          [
            -95.8620728914325,
            30.2508821349606
          ],
          [
            -95.8620655496806,
            30.2508182430172
          ],
          [
            -95.8620622699631,
            30.2507521708317
          ],
          [
            -95.862059831185,
            30.2506850960785
          ],
          [
            -95.8620482553337,
            30.2506270772413
          ],
          [
            -95.8620524985397,
            30.2505525825409
          ],
          [
            -95.8620602987734,
            30.2504868538728
          ],
          [
            -95.8620584810785,
            30.2504234554404
          ],
          [
            -95.8620606518969,
            30.2503595083133
          ],
          [
            -95.862059488091,
            30.250299100297
          ],
          [
            -95.8620589563779,
            30.25024215321
          ],
          [
            -95.8620575777946,
            30.2501863818261
          ],
          [
            -95.8620538428128,
            30.2501301832902
          ],
          [
            -95.862048886108,
            30.2500832303597
          ],
          [
            -95.8620487875781,
            30.250034038315
          ],
          [
            -95.8620527977993,
            30.2499816790683
          ],
          [
            -95.8620508724203,
            30.2499377119876
          ],
          [
            -95.8620464582959,
            30.2498961525175
          ],
          [
            -95.8620377644487,
            30.2498614513469
          ],
          [
            -95.8620431054355,
            30.2498145988494
          ],
          [
            -95.862046656238,
            30.2497721573447
          ],
          [
            -95.8620485771445,
            30.2497306890555
          ],
          [
            -95.8620510744377,
            30.2496938841188
          ],
          [
            -95.8620541122095,
            30.2496625177102
          ],
          [
            -95.8620537210964,
            30.249636748269
          ]
        ],
        "type": "LineString"
      },
      "id": 3399,
      "properties": {
        "COMM_PCT": null,
        "Country_L": null,
        "Country_R": null,
        "County_L": null,
        "County_R": null,
        "DiscrpAgID": null,
        "FromAddr_L": null,
        "FromAddr_R": null,
        "IncMuni_L": null,
        "IncMuni_R": null,
        "LSt_Name": null,
        "LSt_PosDir": null,
        "LSt_PreDir": null,
        "LSt_Type": null,
        "MAP_NAME": null,
        "MSAGComm_L": null,
        "MSAGComm_R": null,
        "OBJECTID": null,
        "OBJECTID_1": 3399,
        "PostCode_L": null,
        "PostCode_R": null,
        "RD_CLASS": null,
        "RD_NAME": null,
        "ROAD_NAME": null,
        "RoadClass": null,
        "STREET": "WOODFOREST",
        "SUBDIVISIO": null,
        "SURFACE_TY": null,
        "Shape_Leng": null,
        "Shape__Length": 1104.291969445853,
        "St_Name": null,
        "St_PosDir": null,
        "St_PosMod": null,
        "St_PosTyp": null,
        "St_PreDir": null,
        "St_PreMod": null,
        "St_PreSep": null,
        "St_PreTyp": null,
        "State_L": null,
        "State_R": null,
        "ToAddr_L": null,
        "ToAddr_R": null
      },
      "type": "Feature"
    },
    {
      "geometry": {
        "coordinates": [
          [
            -95.8329821506404,
            30.2827842155967
          ],
          [
            -95.8329089235281,
            30.2827845601539
          ],
          [
            -95.8327899939495,
            30.2827851119657
          ],
          [
            -95.8327082656444,
            30.2827868415364
          ]
        ],
        "type": "LineString"
      },
      "id": 3854,
      "properties": {
        "COMM_PCT": null,
        "Country_L": null,
        "Country_R": null,
        "County_L": null,
        "County_R": null,
        "DiscrpAgID": null,
        "FromAddr_L": null,
        "FromAddr_R": null,
        "IncMuni_L": null,
        "IncMuni_R": null,
        "LSt_Name": null,
        "LSt_PosDir": null,
        "LSt_PreDir": null,
        "LSt_Type": null,
        "MAP_NAME": null,
        "MSAGComm_L": null,
        "MSAGComm_R": null,
        "OBJECTID": null,
        "OBJECTID_1": 3854,
        "PostCode_L": null,
        "PostCode_R": null,
        "RD_CLASS": null,
        "RD_NAME": null,
        "ROAD_NAME": null,
        "RoadClass": null,
        "STREET": "354",
        "SUBDIVISIO": null,
        "SURFACE_TY": null,
        "Shape_Leng": null,
        "Shape__Length": 86.4579612379678,
        "St_Name": null,
        "St_PosDir": null,
        "St_PosMod": null,
        "St_PosTyp": null,
        "St_PreDir": null,
        "St_PreMod": null,
        "St_PreSep": null,
        "St_PreTyp": null,
        "State_L": null,
        "State_R": null,
        "ToAddr_L": null,
        "ToAddr_R": null
      },
      "type": "Feature"
    },
    {
      "geometry": {
        "coordinates": [
          [
            -95.8620484906567,
            30.2490996656876
          ],
          [
            -95.8620373903353,
            30.2488603446444
          ],
          [
            -95.8620127424076,
            30.2486911090414
          ],
          [
            -95.861918617665,
            30.248345310732
          ],
          [
            -95.8618039546336,
            30.2479468538806
          ],
          [
            -95.8617429302001,
            30.247724709162
          ],
          [
            -95.8617064777875,
            30.2475195026391
          ],
          [
            -95.8616708408545,
            30.247296696023
          ],
          [
            -95.861690210364,
            30.2469983297431
          ],
          [
            -95.8616947196767,
            30.2467983806173
          ],
          [
            -95.8616890043008,
            30.2464086302405
          ],
          [
            -95.86168295654,
            30.2462313155515
          ],
          [
            -95.8616767945564,
            30.246005152255
          ],
          [
            -95.8616758519239,
            30.2458373465295
          ],
          [
            -95.8616781799335,
            30.2457700093911
          ],
          [
            -95.8616736154653,
            30.2457145980373
          ],
          [
            -95.8616612473866,
            30.2456565939264
          ],
          [
            -95.861644523799,
            30.2456241926003
          ],
          [
            -95.8616229841053,
            30.2455931272002
          ],
          [
            -95.8616056977999,
            30.2455728735863
          ],
          [
            -95.861591158227,
            30.2455617459381
          ],
          [
            -95.8615749519239,
            30.2455523657351
          ]
        ],
        "type": "LineString"
      },
      "id": 3081,
      "properties": {
        "COMM_PCT": null,
        "Country_L": null,
        "Country_R": null,
        "County_L": null,
        "County_R": null,
        "DiscrpAgID": null,
        "FromAddr_L": null,
        "FromAddr_R": null,
        "IncMuni_L": null,
        "IncMuni_R": null,
        "LSt_Name": null,
        "LSt_PosDir": null,
        "LSt_PreDir": null,
        "LSt_Type": null,
        "MAP_NAME": null,
        "MSAGComm_L": null,
        "MSAGComm_R": null,
        "OBJECTID": null,
        "OBJECTID_1": 3081,
        "PostCode_L": null,
        "PostCode_R": null,
        "RD_CLASS": null,
        "RD_NAME": null,
        "ROAD_NAME": null,
        "RoadClass": null,
        "STREET": "WOODFOREST",
        "SUBDIVISIO": null,
        "SURFACE_TY": null,
        "Shape_Leng": null,
        "Shape__Length": 1312.8261841397102,
        "St_Name": null,
        "St_PosDir": null,
        "St_PosMod": null,
        "St_PosTyp": null,
        "St_PreDir": null,
        "St_PreMod": null,
        "St_PreSep": null,
        "St_PreTyp": null,
        "State_L": null,
        "State_R": null,
        "ToAddr_L": null,
        "ToAddr_R": null
      },
      "type": "Feature"
    },
    {
      "geometry": {
        "coordinates": [
          [
            -95.8311406497977,
            30.255921414814
          ],
          [
            -95.8309511302797,
            30.2559553617744
          ],
          [
            -95.8307399025988,
            30.2560004879648
          ],
          [
            -95.8304954857835,
            30.2560492247159
          ],
          [
            -95.8302404230726,
            30.2561217312198
          ],
          [
            -95.8301356756141,
            30.2561501141334
          ],
          [
            -95.8299786189987,
            30.25616489998
          ],
          [
            -95.8295977168655,
            30.2561825902582
          ]
        ],
        "type": "LineString"
      },
      "id": 3914,
      "properties": {
        "COMM_PCT": null,
        "Country_L": null,
        "Country_R": null,
        "County_L": null,
        "County_R": null,
        "DiscrpAgID": null,
        "FromAddr_L": null,
        "FromAddr_R": null,
        "IncMuni_L": null,
        "IncMuni_R": null,
        "LSt_Name": null,
        "LSt_PosDir": null,
        "LSt_PreDir": null,
        "LSt_Type": null,
        "MAP_NAME": null,
        "MSAGComm_L": null,
        "MSAGComm_R": null,
        "OBJECTID": null,
        "OBJECTID_1": 3914,
        "PostCode_L": null,
        "PostCode_R": null,
        "RD_CLASS": null,
        "RD_NAME": null,
        "ROAD_NAME": null,
        "RoadClass": null,
        "STREET": "RENFEST",
        "SUBDIVISIO": null,
        "SURFACE_TY": null,
        "Shape_Leng": null,
        "Shape__Length": 498.65148749600684,
        "St_Name": null,
        "St_PosDir": null,
        "St_PosMod": null,
        "St_PosTyp": null,
        "St_PreDir": null,
        "St_PreMod": null,
        "St_PreSep": null,
        "St_PreTyp": null,
        "State_L": null,
        "State_R": null,
        "ToAddr_L": null,
        "ToAddr_R": null
      },
      "type": "Feature"
    },
    {
      "geometry": {
        "coordinates": [
          [
            -95.8296844592347,
            30.2497336424024
          ],
          [
            -95.8298010208431,
            30.2496301190954
          ],
          [
            -95.8299196561579,
            30.2495331184717
          ],
          [
            -95.830020416025,
            30.2494455945856
          ],
          [
            -95.8302375691764,
            30.2492581090439
          ],
          [
            -95.8302650698034,
            30.2492303966058
          ]
        ],
        "type": "LineString"
      },
      "id": 4074,
      "properties": {
        "COMM_PCT": null,
        "Country_L": null,
        "Country_R": null,
        "County_L": null,
        "County_R": null,
        "DiscrpAgID": null,
        "FromAddr_L": null,
        "FromAddr_R": null,
        "IncMuni_L": null,
        "IncMuni_R": null,
        "LSt_Name": null,
        "LSt_PosDir": null,
        "LSt_PreDir": null,
        "LSt_Type": null,
        "MAP_NAME": null,
        "MSAGComm_L": null,
        "MSAGComm_R": null,
        "OBJECTID": null,
        "OBJECTID_1": 4074,
        "PostCode_L": null,
        "PostCode_R": null,
        "RD_CLASS": null,
        "RD_NAME": null,
        "ROAD_NAME": null,
        "RoadClass": null,
        "STREET": " ",
        "SUBDIVISIO": null,
        "SURFACE_TY": null,
        "Shape_Leng": null,
        "Shape__Length": 259.11454601572575,
        "St_Name": null,
        "St_PosDir": null,
        "St_PosMod": null,
        "St_PosTyp": null,
        "St_PreDir": null,
        "St_PreMod": null,
        "St_PreSep": null,
        "St_PreTyp": null,
        "State_L": null,
        "State_R": null,
        "ToAddr_L": null,
        "ToAddr_R": null
      },
      "type": "Feature"
    },
    {
      "geometry": {
        "coordinates": [
          [
            -95.8284580787104,
            30.263440873928
          ],
          [
            -95.8283387367899,
            30.2634372180091
          ],
          [
            -95.8281697526465,
            30.2634210856153
          ],
          [
            -95.8279985424739,
            30.2634102853947
          ],
          [
            -95.8275097934092,
            30.2634107687708
          ],
          [
            -95.8268434929822,
            30.2634183805603
          ],
          [
            -95.8266335007842,
            30.2634248467061
          ],
          [
            -95.8264397582738,
            30.2634192238218
          ],
          [
            -95.8262912802163,
            30.2633989496366
          ],
          [
            -95.8261347204596,
            30.2633337211875
          ],
          [
            -95.8252094361239,
            30.2627912751215
          ],
          [
            -95.8246783094325,
            30.2625267356419
          ],
          [
            -95.8246066755649,
            30.262499132193
          ],
          [
            -95.8245248695915,
            30.2624831142503
          ],
          [
            -95.8237067498574,
            30.2625008918339
          ],
          [
            -95.8234963585019,
            30.2624982606827
          ],
          [
            -95.8230832608899,
            30.2625052134283
          ],
          [
            -95.8226844940858,
            30.262529390118
          ],
          [
            -95.8226485813747,
            30.2625421328772
          ],
          [
            -95.8223598992349,
            30.2626445631698
          ]
        ],
        "type": "LineString"
      },
      "id": 4066,
      "properties": {
        "COMM_PCT": null,
        "Country_L": null,
        "Country_R": null,
        "County_L": null,
        "County_R": null,
        "DiscrpAgID": null,
        "FromAddr_L": null,
        "FromAddr_R": null,
        "IncMuni_L": null,
        "IncMuni_R": null,
        "LSt_Name": null,
        "LSt_PosDir": null,
        "LSt_PreDir": null,
        "LSt_Type": null,
        "MAP_NAME": null,
        "MSAGComm_L": null,
        "MSAGComm_R": null,
        "OBJECTID": null,
        "OBJECTID_1": 4066,
        "PostCode_L": null,
        "PostCode_R": null,
        "RD_CLASS": null,
        "RD_NAME": null,
        "ROAD_NAME": null,
        "RoadClass": null,
        "STREET": "DEERWOOD",
        "SUBDIVISIO": null,
        "SURFACE_TY": null,
        "Shape_Leng": null,
        "Shape__Length": 2029.2339716320673,
        "St_Name": null,
        "St_PosDir": null,
        "St_PosMod": null,
        "St_PosTyp": null,
        "St_PreDir": null,
        "St_PreMod": null,
        "St_PreSep": null,
        "St_PreTyp": null,
        "State_L": null,
        "State_R": null,
        "ToAddr_L": null,
        "ToAddr_R": null
      },
      "type": "Feature"
    },
    {
      "geometry": {
        "coordinates": [
          [
            -95.8441036531186,
            30.2798301607912
          ],
          [
            -95.8440268953774,
            30.2798273426371
          ],
          [
            -95.8439309711229,
            30.2798275922661
          ],
          [
            -95.8438516615603,
            30.2798285107811
          ],
          [
            -95.8437756763556,
            30.2798261474935
          ],
          [
            -95.8436935288985,
            30.2798199144248
          ],
          [
            -95.8435620989302,
            30.2798166415354
          ],
          [
            -95.8434687314872,
            30.2798130251206
          ],
          [
            -95.8433754400696,
            30.279807819608
          ],
          [
            -95.8432821576057,
            30.2798023994668
          ],
          [
            -95.8431926841407,
            30.2798002952544
          ],
          [
            -95.8431023473798,
            30.2797997090774
          ],
          [
            -95.8430111453894,
            30.2798006823966
          ],
          [
            -95.8429191779941,
            30.2798010699671
          ],
          [
            -95.8428319088427,
            30.2798026974397
          ],
          [
            -95.8427454630607,
            30.2798036648546
          ],
          [
            -95.842647113791,
            30.2798049471233
          ],
          [
            -95.8425526603709,
            30.27980765604
          ],
          [
            -95.8424542650967,
            30.2798098818144
          ],
          [
            -95.8423471638481,
            30.2798118447317
          ],
          [
            -95.8422447547919,
            30.2798151773453
          ],
          [
            -95.842144709845,
            30.2798188076365
          ],
          [
            -95.8420487047402,
            30.2798208153527
          ],
          [
            -95.8419662966242,
            30.2798201614748
          ],
          [
            -95.8418615733988,
            30.2798221224968
          ],
          [
            -95.8417569081521,
            30.2798228377507
          ],
          [
            -95.8416752514818,
            30.2798231137696
          ],
          [
            -95.8415563436014,
            30.2798232870309
          ],
          [
            -95.8399263499826,
            30.2798631198044
          ],
          [
            -95.8398230564604,
            30.2798683966698
          ],
          [
            -95.8397230513693,
            30.2798711660733
          ],
          [
            -95.8396316503857,
            30.2798764302093
          ],
          [
            -95.8395371548765,
            30.279880037364
          ],
          [
            -95.8394347637014,
            30.279882980147
          ],
          [
            -95.8393290500224,
            30.2798891612209
          ],
          [
            -95.839220363832,
            30.2798911101671
          ],
          [
            -95.8390790117488,
            30.2798966411298
          ],
          [
            -95.8388731083644,
            30.2798925562784
          ],
          [
            -95.8387687657607,
            30.2798523043777
          ],
          [
            -95.8387295046637,
            30.27979326734
          ],
          [
            -95.8387150603342,
            30.279711967702
          ],
          [
            -95.838705915776,
            30.2793978090051
          ],
          [
            -95.8387179748131,
            30.2792920705408
          ],
          [
            -95.838698022474,
            30.279192906467
          ],
          [
            -95.8386387927065,
            30.27913712407
          ],
          [
            -95.8385656745536,
            30.2791072550107
          ],
          [
            -95.8383101841633,
            30.2790956664877
          ],
          [
            -95.8381746686083,
            30.2790950389425
          ],
          [
            -95.8379964126227,
            30.2790930395998
          ],
          [
            -95.8378061602289,
            30.2790933284155
          ],
          [
            -95.8376135177551,
            30.2790938770481
          ],
          [
            -95.8374225130437,
            30.2790933218262
          ],
          [
            -95.837236128422,
            30.2790956369813
          ],
          [
            -95.8370593641917,
            30.2790956668039
          ],
          [
            -95.8368896571492,
            30.279097320018
          ],
          [
            -95.8367270683041,
            30.279099309545
          ],
          [
            -95.8365796543878,
            30.2790988639408
          ],
          [
            -95.8364243378117,
            30.279097883439
          ],
          [
            -95.8362826484654,
            30.2790936388927
          ],
          [
            -95.8361528164864,
            30.2790901129139
          ],
          [
            -95.8360220670886,
            30.2790892640031
          ],
          [
            -95.8359024168025,
            30.27908837308
          ],
          [
            -95.835787255476,
            30.2790931875736
          ],
          [
            -95.8356149473313,
            30.2790996483665
          ],
          [
            -95.8351789843116,
            30.2790996038613
          ],
          [
            -95.8350781904995,
            30.2791022994884
          ],
          [
            -95.8349774937752,
            30.2791029345638
          ],
          [
            -95.8348760847837,
            30.2791018228403
          ],
          [
            -95.8347683328209,
            30.2791007483032
          ],
          [
            -95.8345813929288,
            30.2790979661645
          ],
          [
            -95.8344896593449,
            30.2790933686112
          ],
          [
            -95.834331179381,
            30.2790922311382
          ],
          [
            -95.8341855861319,
            30.2791037135968
          ],
          [
            -95.8340683178644,
            30.2791027339872
          ],
          [
            -95.8338586784637,
            30.2791012146893
          ]
        ],
        "type": "LineString"
      },
      "id": 3857,
      "properties": {
        "COMM_PCT": null,
        "Country_L": null,
        "Country_R": null,
        "County_L": null,
        "County_R": null,
        "DiscrpAgID": null,
        "FromAddr_L": null,
        "FromAddr_R": null,
        "IncMuni_L": null,
        "IncMuni_R": null,
        "LSt_Name": null,
        "LSt_PosDir": null,
        "LSt_PreDir": null,
        "LSt_Type": null,
        "MAP_NAME": null,
        "MSAGComm_L": null,
        "MSAGComm_R": null,
        "OBJECTID": null,
        "OBJECTID_1": 3857,
        "PostCode_L": null,
        "PostCode_R": null,
        "RD_CLASS": null,
        "RD_NAME": null,
        "ROAD_NAME": null,
        "RoadClass": null,
        "STREET": "GLASS",
        "SUBDIVISIO": null,
        "SURFACE_TY": null,
        "Shape_Leng": null,
        "Shape__Length": 3471.7203128570854,
        "St_Name": null,
        "St_PosDir": null,
        "St_PosMod": null,
        "St_PosTyp": null,
        "St_PreDir": null,
        "St_PreMod": null,
        "St_PreSep": null,
        "St_PreTyp": null,
        "State_L": null,
        "State_R": null,
        "ToAddr_L": null,
        "ToAddr_R": null
      },
      "type": "Feature"
    },
    {
      "geometry": {
        "coordinates": [
          [
            -95.853717708438,
            30.2686002304637
          ],
          [
            -95.8537750684452,
            30.2684743634729
          ],
          [
            -95.8538028325504,
            30.2683714098504
          ],
          [
            -95.853817612282,
            30.2682749692563
          ],
          [
            -95.8538268659054,
            30.2681610056037
          ],
          [
            -95.8538452466963,
            30.2679528539517
          ],
          [
            -95.8538513764708,
            30.2678037395648
          ],
          [
            -95.8538459445372,
            30.2676817381508
          ],
          [
            -95.8538390204614,
            30.2675406366744
          ],
          [
            -95.8538371936887,
            30.2673921901945
          ],
          [
            -95.8538372025737,
            30.2672383458011
          ],
          [
            -95.8538337133756,
            30.2670744903893
          ],
          [
            -95.8538282989273,
            30.2669179636188
          ],
          [
            -95.8538236778097,
            30.266761420356
          ],
          [
            -95.8538193664796,
            30.2665981808148
          ],
          [
            -95.8538151854075,
            30.2664150826992
          ],
          [
            -95.853810850778,
            30.2662182183019
          ],
          [
            -95.8537980279384,
            30.2660505542578
          ]
        ],
        "type": "LineString"
      },
      "id": 2960,
      "properties": {
        "COMM_PCT": null,
        "Country_L": null,
        "Country_R": null,
        "County_L": null,
        "County_R": null,
        "DiscrpAgID": null,
        "FromAddr_L": null,
        "FromAddr_R": null,
        "IncMuni_L": null,
        "IncMuni_R": null,
        "LSt_Name": null,
        "LSt_PosDir": null,
        "LSt_PreDir": null,
        "LSt_Type": null,
        "MAP_NAME": null,
        "MSAGComm_L": null,
        "MSAGComm_R": null,
        "OBJECTID": null,
        "OBJECTID_1": 2960,
        "PostCode_L": null,
        "PostCode_R": null,
        "RD_CLASS": null,
        "RD_NAME": null,
        "ROAD_NAME": null,
        "RoadClass": null,
        "STREET": "CEDAR",
        "SUBDIVISIO": null,
        "SURFACE_TY": null,
        "Shape_Leng": null,
        "Shape__Length": 932.7362342648096,
        "St_Name": null,
        "St_PosDir": null,
        "St_PosMod": null,
        "St_PosTyp": null,
        "St_PreDir": null,
        "St_PreMod": null,
        "St_PreSep": null,
        "St_PreTyp": null,
        "State_L": null,
        "State_R": null,
        "ToAddr_L": null,
        "ToAddr_R": null
      },
      "type": "Feature"
    },
    {
      "geometry": {
        "coordinates": [
          [
            -95.843847377814,
            30.2687866086472
          ],
          [
            -95.8438097976894,
            30.2687866926392
          ],
          [
            -95.8435602418215,
            30.2687844375587
          ],
          [
            -95.8433283198414,
            30.2687788782362
          ],
          [
            -95.8433274834931,
            30.2687788579468
          ],
          [
            -95.843093418364,
            30.2687673411196
          ],
          [
            -95.8429801196147,
            30.2687620231134
          ]
        ],
        "type": "LineString"
      },
      "id": 3922,
      "properties": {
        "COMM_PCT": null,
        "Country_L": null,
        "Country_R": null,
        "County_L": null,
        "County_R": null,
        "DiscrpAgID": null,
        "FromAddr_L": null,
        "FromAddr_R": null,
        "IncMuni_L": null,
        "IncMuni_R": null,
        "LSt_Name": null,
        "LSt_PosDir": null,
        "LSt_PreDir": null,
        "LSt_Type": null,
        "MAP_NAME": null,
        "MSAGComm_L": null,
        "MSAGComm_R": null,
        "OBJECTID": null,
        "OBJECTID_1": 3922,
        "PostCode_L": null,
        "PostCode_R": null,
        "RD_CLASS": null,
        "RD_NAME": null,
        "ROAD_NAME": null,
        "RoadClass": null,
        "STREET": "302",
        "SUBDIVISIO": null,
        "SURFACE_TY": null,
        "Shape_Leng": null,
        "Shape__Length": 273.9854211850853,
        "St_Name": null,
        "St_PosDir": null,
        "St_PosMod": null,
        "St_PosTyp": null,
        "St_PreDir": null,
        "St_PreMod": null,
        "St_PreSep": null,
        "St_PreTyp": null,
        "State_L": null,
        "State_R": null,
        "ToAddr_L": null,
        "ToAddr_R": null
      },
      "type": "Feature"
    },
    {
      "geometry": {
        "coordinates": [
          [
            -95.8338586784637,
            30.2791012146893
          ],
          [
            -95.8335120563427,
            30.2790987158088
          ],
          [
            -95.8333946660226,
            30.2791003531309
          ],
          [
            -95.8332882325656,
            30.2791049988933
          ],
          [
            -95.8331930350667,
            30.2791066906674
          ]
        ],
        "type": "LineString"
      },
      "id": 3856,
      "properties": {
        "COMM_PCT": null,
        "Country_L": null,
        "Country_R": null,
        "County_L": null,
        "County_R": null,
        "DiscrpAgID": null,
        "FromAddr_L": null,
        "FromAddr_R": null,
        "IncMuni_L": null,
        "IncMuni_R": null,
        "LSt_Name": null,
        "LSt_PosDir": null,
        "LSt_PreDir": null,
        "LSt_Type": null,
        "MAP_NAME": null,
        "MSAGComm_L": null,
        "MSAGComm_R": null,
        "OBJECTID": null,
        "OBJECTID_1": 3856,
        "PostCode_L": null,
        "PostCode_R": null,
        "RD_CLASS": null,
        "RD_NAME": null,
        "ROAD_NAME": null,
        "RoadClass": null,
        "STREET": "GLASS",
        "SUBDIVISIO": null,
        "SURFACE_TY": null,
        "Shape_Leng": null,
        "Shape__Length": 210.16988421361967,
        "St_Name": null,
        "St_PosDir": null,
        "St_PosMod": null,
        "St_PosTyp": null,
        "St_PreDir": null,
        "St_PreMod": null,
        "St_PreSep": null,
        "St_PreTyp": null,
        "State_L": null,
        "State_R": null,
        "ToAddr_L": null,
        "ToAddr_R": null
      },
      "type": "Feature"
    },
    {
      "geometry": {
        "coordinates": [
          [
            -95.8284620475037,
            30.2624260851756
          ],
          [
            -95.8282992726381,
            30.2624666256683
          ],
          [
            -95.8281422482278,
            30.262468840579
          ],
          [
            -95.8279457328332,
            30.2624681629079
          ],
          [
            -95.827695076807,
            30.2624728021305
          ],
          [
            -95.8274398748234,
            30.262472982526
          ],
          [
            -95.8272031334737,
            30.2624681791104
          ],
          [
            -95.82697752107,
            30.2624698718083
          ]
        ],
        "type": "LineString"
      },
      "id": 4065,
      "properties": {
        "COMM_PCT": null,
        "Country_L": null,
        "Country_R": null,
        "County_L": null,
        "County_R": null,
        "DiscrpAgID": null,
        "FromAddr_L": null,
        "FromAddr_R": null,
        "IncMuni_L": null,
        "IncMuni_R": null,
        "LSt_Name": null,
        "LSt_PosDir": null,
        "LSt_PreDir": null,
        "LSt_Type": null,
        "MAP_NAME": null,
        "MSAGComm_L": null,
        "MSAGComm_R": null,
        "OBJECTID": null,
        "OBJECTID_1": 4065,
        "PostCode_L": null,
        "PostCode_R": null,
        "RD_CLASS": null,
        "RD_NAME": null,
        "ROAD_NAME": null,
        "RoadClass": null,
        "STREET": "BRENTWOOD",
        "SUBDIVISIO": null,
        "SURFACE_TY": null,
        "Shape_Leng": null,
        "Shape__Length": 470.79789863320275,
        "St_Name": null,
        "St_PosDir": null,
        "St_PosMod": null,
        "St_PosTyp": null,
        "St_PreDir": null,
        "St_PreMod": null,
        "St_PreSep": null,
        "St_PreTyp": null,
        "State_L": null,
        "State_R": null,
        "ToAddr_L": null,
        "ToAddr_R": null
      },
      "type": "Feature"
    },
    {
      "geometry": {
        "coordinates": [
          [
            -95.8665748801491,
            30.2526063597632
          ],
          [
            -95.8665759667978,
            30.2525828782087
          ],
          [
            -95.866573242738,
            30.2525218994885
          ],
          [
            -95.8665729327633,
            30.2524601030478
          ],
          [
            -95.8665711836055,
            30.252395158823
          ],
          [
            -95.8665702722702,
            30.2523292561318
          ],
          [
            -95.8665701888374,
            30.2522625643588
          ],
          [
            -95.8665693837497,
            30.252194343312
          ],
          [
            -95.8665670391612,
            30.2521251648431
          ],
          [
            -95.8665647312457,
            30.2520551715011
          ],
          [
            -95.8665616709754,
            30.2519843348628
          ],
          [
            -95.8665602137776,
            30.2519130819615
          ],
          [
            -95.8665596054145,
            30.251840610062
          ],
          [
            -95.8665590437236,
            30.2517671521019
          ],
          [
            -95.8665584969294,
            30.2516933497831
          ],
          [
            -95.8665579332798,
            30.2516199341881
          ],
          [
            -95.8665558260599,
            30.2515456043644
          ],
          [
            -95.8665553030453,
            30.2514712882668
          ],
          [
            -95.8665539959352,
            30.2513968148144
          ],
          [
            -95.8665535226435,
            30.2513214242862
          ],
          [
            -95.8665514541794,
            30.2512462796631
          ],
          [
            -95.8665493747527,
            30.2511713495299
          ],
          [
            -95.8665472328402,
            30.2510977922176
          ],
          [
            -95.8665450918532,
            30.2510241925051
          ],
          [
            -95.8665445152081,
            30.2509510355702
          ],
          [
            -95.8665430909029,
            30.2508790949661
          ],
          [
            -95.8665432359044,
            30.2508074673063
          ],
          [
            -95.8665417560003,
            30.2507367282271
          ],
          [
            -95.8665410304065,
            30.2506667900807
          ],
          [
            -95.8665402829984,
            30.2505973233503
          ],
          [
            -95.8665410811484,
            30.2505287275839
          ],
          [
            -95.8665426375246,
            30.2504608480215
          ],
          [
            -95.8665465386367,
            30.2503936930531
          ],
          [
            -95.8665520069963,
            30.2503268951959
          ],
          [
            -95.8665573691295,
            30.2502966399235
          ]
        ],
        "type": "LineString"
      },
      "id": 3553,
      "properties": {
        "COMM_PCT": null,
        "Country_L": null,
        "Country_R": null,
        "County_L": null,
        "County_R": null,
        "DiscrpAgID": null,
        "FromAddr_L": null,
        "FromAddr_R": null,
        "IncMuni_L": null,
        "IncMuni_R": null,
        "LSt_Name": null,
        "LSt_PosDir": null,
        "LSt_PreDir": null,
        "LSt_Type": null,
        "MAP_NAME": null,
        "MSAGComm_L": null,
        "MSAGComm_R": null,
        "OBJECTID": null,
        "OBJECTID_1": 3553,
        "PostCode_L": null,
        "PostCode_R": null,
        "RD_CLASS": null,
        "RD_NAME": null,
        "ROAD_NAME": null,
        "RoadClass": null,
        "STREET": "HORSESHOE BEND",
        "SUBDIVISIO": null,
        "SURFACE_TY": null,
        "Shape_Leng": null,
        "Shape__Length": 840.3855243776444,
        "St_Name": null,
        "St_PosDir": null,
        "St_PosMod": null,
        "St_PosTyp": null,
        "St_PreDir": null,
        "St_PreMod": null,
        "St_PreSep": null,
        "St_PreTyp": null,
        "State_L": null,
        "State_R": null,
        "ToAddr_L": null,
        "ToAddr_R": null
      },
      "type": "Feature"
    },
    {
      "geometry": {
        "coordinates": [
          [
            -95.8533290028824,
            30.243495888296
          ],
          [
            -95.8532951323422,
            30.2434953479366
          ],
          [
            -95.8531867364225,
            30.2434919429028
          ],
          [
            -95.8530948912843,
            30.2434904494169
          ],
          [
            -95.8529937297177,
            30.2435018716706
          ],
          [
            -95.8528953627105,
            30.243504320917
          ],
          [
            -95.8527960551839,
            30.2435099620792
          ],
          [
            -95.852788045461,
            30.2435107652153
          ],
          [
            -95.8526949543862,
            30.2435200960849
          ],
          [
            -95.8525905517102,
            30.2435330829718
          ],
          [
            -95.8524834778535,
            30.2435523827688
          ],
          [
            -95.8523764369167,
            30.2435709947724
          ],
          [
            -95.8522691607449,
            30.2435946732501
          ],
          [
            -95.8521627473963,
            30.2436168325817
          ],
          [
            -95.8520571449481,
            30.2436385913612
          ],
          [
            -95.8519517406324,
            30.2436731265839
          ],
          [
            -95.8518491806583,
            30.2437146850516
          ],
          [
            -95.8517501695083,
            30.2437651368069
          ],
          [
            -95.8516458398894,
            30.2438106742424
          ],
          [
            -95.8515519096152,
            30.2438711508175
          ],
          [
            -95.8514579084218,
            30.2439331298601
          ],
          [
            -95.8513677140361,
            30.2439984669798
          ],
          [
            -95.8512797990948,
            30.2440659043528
          ],
          [
            -95.8511948948253,
            30.2441367586222
          ],
          [
            -95.8511146253177,
            30.2442101820075
          ],
          [
            -95.8510404251983,
            30.2442894072023
          ],
          [
            -95.8509701125482,
            30.2443702310154
          ],
          [
            -95.850905274522,
            30.2444525790026
          ],
          [
            -95.850846586631,
            30.2445390126674
          ],
          [
            -95.8507963942933,
            30.2446302144996
          ],
          [
            -95.8507440488317,
            30.2447165685961
          ],
          [
            -95.8506947379747,
            30.2448058249617
          ],
          [
            -95.8506440422611,
            30.2448907750964
          ],
          [
            -95.8505902947968,
            30.2449732105414
          ],
          [
            -95.8505311541541,
            30.2450523180366
          ],
          [
            -95.8504627954935,
            30.2451251694245
          ],
          [
            -95.8503905351337,
            30.245196723153
          ],
          [
            -95.8503121622392,
            30.2452633762736
          ],
          [
            -95.8502322459863,
            30.2453291582595
          ],
          [
            -95.8501463617404,
            30.2453869497849
          ],
          [
            -95.8500567712505,
            30.2454392351569
          ],
          [
            -95.8499657439662,
            30.2454883328374
          ],
          [
            -95.8498725367416,
            30.2455331830657
          ],
          [
            -95.8497779296723,
            30.2455740280229
          ],
          [
            -95.8496819666698,
            30.2456099673172
          ],
          [
            -95.8495854258658,
            30.2456412854967
          ],
          [
            -95.8494882833244,
            30.2456684981394
          ],
          [
            -95.8493906368235,
            30.2456895005623
          ],
          [
            -95.8492917440382,
            30.2457031933069
          ],
          [
            -95.8491930906295,
            30.2457117771252
          ],
          [
            -95.8490954704922,
            30.2457151525186
          ],
          [
            -95.8489994664446,
            30.2457178531395
          ],
          [
            -95.8489035700505,
            30.2457182362857
          ],
          [
            -95.8488070063074,
            30.2457159281303
          ],
          [
            -95.8487142533009,
            30.2457168509625
          ],
          [
            -95.848621358773,
            30.2457208645717
          ],
          [
            -95.8485331200337,
            30.2457269750287
          ],
          [
            -95.8484443075855,
            30.2457283787474
          ],
          [
            -95.8483601379362,
            30.2457321813188
          ],
          [
            -95.8482785948398,
            30.2457306155177
          ],
          [
            -95.8481899957681,
            30.2457274266196
          ],
          [
            -95.8481091839607,
            30.2457271755636
          ],
          [
            -95.8480307673262,
            30.2457265361703
          ],
          [
            -95.8479523757299,
            30.2457253802849
          ],
          [
            -95.8478755552656,
            30.24572449516
          ],
          [
            -95.8478010841124,
            30.2457242086985
          ],
          [
            -95.8477289124254,
            30.2457255935253
          ],
          [
            -95.8476615690748,
            30.2457253842173
          ],
          [
            -95.8475974858337,
            30.2457232252059
          ],
          [
            -95.8475380165488,
            30.245724107814
          ],
          [
            -95.8474825674337,
            30.2457237137803
          ],
          [
            -95.8474293310624,
            30.2457268794492
          ],
          [
            -95.8469786891174,
            30.2457299190566
          ]
        ],
        "type": "LineString"
      },
      "id": 3083,
      "properties": {
        "COMM_PCT": null,
        "Country_L": null,
        "Country_R": null,
        "County_L": null,
        "County_R": null,
        "DiscrpAgID": null,
        "FromAddr_L": null,
        "FromAddr_R": null,
        "IncMuni_L": null,
        "IncMuni_R": null,
        "LSt_Name": null,
        "LSt_PosDir": null,
        "LSt_PreDir": null,
        "LSt_Type": null,
        "MAP_NAME": null,
        "MSAGComm_L": null,
        "MSAGComm_R": null,
        "OBJECTID": null,
        "OBJECTID_1": 3083,
        "PostCode_L": null,
        "PostCode_R": null,
        "RD_CLASS": null,
        "RD_NAME": null,
        "ROAD_NAME": null,
        "RoadClass": null,
        "STREET": "TERRACE OAKS",
        "SUBDIVISIO": null,
        "SURFACE_TY": null,
        "Shape_Leng": null,
        "Shape__Length": 2331.672622778242,
        "St_Name": null,
        "St_PosDir": null,
        "St_PosMod": null,
        "St_PosTyp": null,
        "St_PreDir": null,
        "St_PreMod": null,
        "St_PreSep": null,
        "St_PreTyp": null,
        "State_L": null,
        "State_R": null,
        "ToAddr_L": null,
        "ToAddr_R": null
      },
      "type": "Feature"
    },
    {
      "geometry": {
        "coordinates": [
          [
            -95.8498882496704,
            30.2764927100528
          ],
          [
            -95.8491559336125,
            30.2764909817543
          ],
          [
            -95.8480651059527,
            30.2764773394317
          ],
          [
            -95.8480255604408,
            30.2764413844489
          ],
          [
            -95.8480025145969,
            30.276425613975
          ],
          [
            -95.847975654639,
            30.2764066150392
          ],
          [
            -95.8479481221609,
            30.2763850546905
          ],
          [
            -95.8479190708232,
            30.2763620661397
          ],
          [
            -95.8478868860646,
            30.2763382799043
          ],
          [
            -95.8478530996715,
            30.2763148239887
          ],
          [
            -95.8478169842231,
            30.2762903403409
          ],
          [
            -95.8477792601372,
            30.2762663601081
          ],
          [
            -95.8477415210794,
            30.276242679982
          ],
          [
            -95.8477045165555,
            30.2762202723756
          ],
          [
            -95.8476667067575,
            30.2761981372019
          ],
          [
            -95.8476288510551,
            30.2761769899118
          ],
          [
            -95.8475925341354,
            30.2761568426629
          ],
          [
            -95.8475562062619,
            30.2761369089907
          ],
          [
            -95.8475182508009,
            30.2761179087169
          ],
          [
            -95.8474810927266,
            30.2760988063476
          ],
          [
            -95.8474423140707,
            30.2760804642772
          ],
          [
            -95.8474036272357,
            30.2760601473068
          ],
          [
            -95.847364962266,
            30.2760393155733
          ],
          [
            -95.8473303239579,
            30.2760171622569
          ],
          [
            -95.8472973102424,
            30.2759941629939
          ],
          [
            -95.8472675436843,
            30.2759695151141
          ],
          [
            -95.8472393837833,
            30.2759444070747
          ],
          [
            -95.8472136757205,
            30.2759177083379
          ],
          [
            -95.8471904015606,
            30.275889804689
          ],
          [
            -95.8471679706267,
            30.2758608128617
          ],
          [
            -95.8471463070731,
            30.2758323643248
          ],
          [
            -95.8471238781772,
            30.2758033292244
          ],
          [
            -95.8471022625879,
            30.27577384952
          ],
          [
            -95.8470790303992,
            30.2757450444874
          ],
          [
            -95.8470526687976,
            30.2757153561229
          ],
          [
            -95.8470254469953,
            30.2756870993095
          ],
          [
            -95.846995001028,
            30.2756600197149
          ],
          [
            -95.8469605744795,
            30.2756333162152
          ],
          [
            -95.8469261658856,
            30.2756062269226
          ],
          [
            -95.8468917014504,
            30.2755803391385
          ],
          [
            -95.8468587986726,
            30.2755549366913
          ],
          [
            -95.8468282210811,
            30.2755306900434
          ],
          [
            -95.8468015342923,
            30.2755079989135
          ],
          [
            -95.846774862486,
            30.2754849634209
          ],
          [
            -95.8467498581688,
            30.2754601815666
          ],
          [
            -95.8467241244296,
            30.2754340406766
          ],
          [
            -95.8466999514088,
            30.2754084275299
          ],
          [
            -95.8466758263017,
            30.2753817841201
          ],
          [
            -95.8466517750502,
            30.2753535525032
          ],
          [
            -95.8466285850473,
            30.2753238451249
          ],
          [
            -95.8466039041344,
            30.2752921092225
          ],
          [
            -95.8465800026245,
            30.2752606579216
          ],
          [
            -95.8465561649996,
            30.2752278329384
          ],
          [
            -95.8465308225976,
            30.2751932777814
          ],
          [
            -95.8465063054485,
            30.2751580211345
          ],
          [
            -95.8464809930062,
            30.2751228223942
          ],
          [
            -95.846456517803,
            30.2750866643745
          ],
          [
            -95.8464319727542,
            30.2750520089231
          ],
          [
            -95.8464074197599,
            30.2750175247262
          ],
          [
            -95.8463836441555,
            30.2749833683976
          ],
          [
            -95.8463606548343,
            30.2749493262781
          ],
          [
            -95.8463384659008,
            30.2749151397499
          ],
          [
            -95.8463154596703,
            30.2748814843438
          ],
          [
            -95.8462948654099,
            30.2748470954569
          ],
          [
            -95.8462734378835,
            30.2748135811119
          ],
          [
            -95.8462519903802,
            30.2747804967137
          ],
          [
            -95.8462297695871,
            30.274746997006
          ],
          [
            -95.8462075228239,
            30.2747140561397
          ],
          [
            -95.8461845366792,
            30.2746799707603
          ],
          [
            -95.8461599299685,
            30.27464664567
          ],
          [
            -95.8461353472069,
            30.2746128058967
          ],
          [
            -95.8461116795984,
            30.274576331212
          ],
          [
            -95.8460895546723,
            30.2745407718651
          ],
          [
            -95.8460667183248,
            30.274503466795
          ],
          [
            -95.846047756759,
            30.2744680606886
          ],
          [
            -95.8460278901296,
            30.2744350731584
          ],
          [
            -95.8460096081312,
            30.2744020987036
          ],
          [
            -95.8459913002005,
            30.2743696821901
          ],
          [
            -95.845975376227,
            30.2743371343139
          ],
          [
            -95.8459610089651,
            30.2743051998227
          ],
          [
            -95.845945930237,
            30.2742715205114
          ],
          [
            -95.8459324401157,
            30.2742377686482
          ],
          [
            -95.8459189360884,
            30.2742043160362
          ],
          [
            -95.8459031179592,
            30.2741694931105
          ],
          [
            -95.8458880382339,
            30.2741358137563
          ],
          [
            -95.8458720904004,
            30.2741037805462
          ],
          [
            -95.8458566563788,
            30.2740777429824
          ],
          [
            -95.8458399731176,
            30.2740444805291
          ],
          [
            -95.8458240133273,
            30.2740127051031
          ],
          [
            -95.8458080435717,
            30.2739811441996
          ],
          [
            -95.8457937892456,
            30.2739468057912
          ],
          [
            -95.8457787525474,
            30.2739122250978
          ],
          [
            -95.8457636679502,
            30.2738786746608
          ],
          [
            -95.8457462114183,
            30.2738449977882
          ],
          [
            -95.8457312026691,
            30.2738098167815
          ],
          [
            -95.8457104331322,
            30.2737792063175
          ],
          [
            -95.8457003719632,
            30.273739898453
          ],
          [
            -95.8456894177114,
            30.2737027513743
          ],
          [
            -95.8456775723052,
            30.2736677236185
          ],
          [
            -95.8456712661286,
            30.273632889925
          ],
          [
            -95.845668956488,
            30.2735973358489
          ],
          [
            -95.8456697153211,
            30.2735639964841
          ],
          [
            -95.8456722413965,
            30.2735267203923
          ],
          [
            -95.845680055184,
            30.2734950465423
          ],
          [
            -95.8456881483808,
            30.2734573642051
          ],
          [
            -95.8456984808735,
            30.273422682786
          ],
          [
            -95.8457125512264,
            30.2733928207238
          ],
          [
            -95.8457268252402,
            30.2733585789365
          ],
          [
            -95.8457409475507,
            30.273327599181
          ],
          [
            -95.8457575027196,
            30.2732954578463
          ],
          [
            -95.8457765445405,
            30.2732609533414
          ],
          [
            -95.845795514505,
            30.2732279937703
          ],
          [
            -95.8458129627223,
            30.2731936916414
          ],
          [
            -95.8458310734875,
            30.2731621636497
          ],
          [
            -95.8458499535488,
            30.2731311365934
          ],
          [
            -95.845867122285,
            30.2731028438457
          ],
          [
            -95.8458899549051,
            30.2730720410235
          ],
          [
            -95.8459134032031,
            30.273045042631
          ],
          [
            -95.8459375998711,
            30.2730190175222
          ],
          [
            -95.8459633093222,
            30.2729945495231
          ],
          [
            -95.8459912798749,
            30.2729725685822
          ],
          [
            -95.8460215734584,
            30.2729517876241
          ],
          [
            -95.8460500977356,
            30.2729349433184
          ],
          [
            -95.846082560622,
            30.2729186233937
          ],
          [
            -95.8461173664912,
            30.272903074399
          ],
          [
            -95.846150448996,
            30.2728904741615
          ],
          [
            -95.8461819668498,
            30.2728774317903
          ],
          [
            -95.8462148946759,
            30.2728681801372
          ],
          [
            -95.8462463246684,
            30.2728570270077
          ],
          [
            -95.8462791616704,
            30.2728497060219
          ],
          [
            -95.8463114717591,
            30.2728366931776
          ],
          [
            -95.846341496765,
            30.272821663707
          ],
          [
            -95.8463692955193,
            30.272803374668
          ],
          [
            -95.846390145168,
            30.2727811442055
          ],
          [
            -95.8464047670537,
            30.2727564601776
          ],
          [
            -95.8464131742463,
            30.2727290639314
          ],
          [
            -95.8464175250571,
            30.2727036761387
          ],
          [
            -95.8464176239411,
            30.2726845025614
          ],
          [
            -95.8464136395763,
            30.2726679377823
          ],
          [
            -95.8463949159183,
            30.2725933264792
          ]
        ],
        "type": "LineString"
      },
      "id": 3198,
      "properties": {
        "COMM_PCT": null,
        "Country_L": null,
        "Country_R": null,
        "County_L": null,
        "County_R": null,
        "DiscrpAgID": null,
        "FromAddr_L": null,
        "FromAddr_R": null,
        "IncMuni_L": null,
        "IncMuni_R": null,
        "LSt_Name": null,
        "LSt_PosDir": null,
        "LSt_PreDir": null,
        "LSt_Type": null,
        "MAP_NAME": null,
        "MSAGComm_L": null,
        "MSAGComm_R": null,
        "OBJECTID": null,
        "OBJECTID_1": 3198,
        "PostCode_L": null,
        "PostCode_R": null,
        "RD_CLASS": null,
        "RD_NAME": null,
        "ROAD_NAME": null,
        "RoadClass": null,
        "STREET": "CRIPPLE SPUR",
        "SUBDIVISIO": null,
        "SURFACE_TY": null,
        "Shape_Leng": null,
        "Shape__Length": 2372.040193920654,
        "St_Name": null,
        "St_PosDir": null,
        "St_PosMod": null,
        "St_PosTyp": null,
        "St_PreDir": null,
        "St_PreMod": null,
        "St_PreSep": null,
        "St_PreTyp": null,
        "State_L": null,
        "State_R": null,
        "ToAddr_L": null,
        "ToAddr_R": null
      },
      "type": "Feature"
    },
    {
      "geometry": {
        "coordinates": [
          [
            -95.8492981776827,
            30.2499093595654
          ],
          [
            -95.8489214681905,
            30.2499169987587
          ],
          [
            -95.8488573193582,
            30.2499162140898
          ],
          [
            -95.8487939167255,
            30.2499164016846
          ],
          [
            -95.8487320415134,
            30.2499178471108
          ],
          [
            -95.8486685451556,
            30.2499200518932
          ],
          [
            -95.8483850628299,
            30.2499229136497
          ],
          [
            -95.8481989245715,
            30.2499259492764
          ],
          [
            -95.8481252399476,
            30.2499248022794
          ],
          [
            -95.8480008170236,
            30.2499310193032
          ],
          [
            -95.8479358232016,
            30.2499313656162
          ],
          [
            -95.8478707983925,
            30.2499323563339
          ],
          [
            -95.8478057906627,
            30.2499330018333
          ],
          [
            -95.8477399627478,
            30.2499342225642
          ],
          [
            -95.847672590534,
            30.2499345712052
          ],
          [
            -95.8476052173474,
            30.2499349631126
          ],
          [
            -95.8475354747029,
            30.2499351428817
          ],
          [
            -95.8474656942138,
            30.2499361816838
          ],
          [
            -95.847395884828,
            30.2499378198175
          ],
          [
            -95.8473245290513,
            30.2499386309209
          ],
          [
            -95.8472539315029,
            30.2499401998379
          ],
          [
            -95.8471833428844,
            30.2499415541553
          ],
          [
            -95.8471143814531,
            30.2499420192716
          ],
          [
            -95.8470438367357,
            30.2499424288847
          ],
          [
            -95.8470160925395,
            30.2499426170779
          ]
        ],
        "type": "LineString"
      },
      "id": 1967,
      "properties": {
        "COMM_PCT": null,
        "Country_L": null,
        "Country_R": null,
        "County_L": null,
        "County_R": null,
        "DiscrpAgID": null,
        "FromAddr_L": null,
        "FromAddr_R": null,
        "IncMuni_L": null,
        "IncMuni_R": null,
        "LSt_Name": null,
        "LSt_PosDir": null,
        "LSt_PreDir": null,
        "LSt_Type": null,
        "MAP_NAME": null,
        "MSAGComm_L": null,
        "MSAGComm_R": null,
        "OBJECTID": null,
        "OBJECTID_1": 1967,
        "PostCode_L": null,
        "PostCode_R": null,
        "RD_CLASS": null,
        "RD_NAME": null,
        "ROAD_NAME": null,
        "RoadClass": null,
        "STREET": "RENFAIRE",
        "SUBDIVISIO": null,
        "SURFACE_TY": null,
        "Shape_Leng": null,
        "Shape__Length": 720.746295374765,
        "St_Name": null,
        "St_PosDir": null,
        "St_PosMod": null,
        "St_PosTyp": null,
        "St_PreDir": null,
        "St_PreMod": null,
        "St_PreSep": null,
        "St_PreTyp": null,
        "State_L": null,
        "State_R": null,
        "ToAddr_L": null,
        "ToAddr_R": null
      },
      "type": "Feature"
    },
    {
      "geometry": {
        "coordinates": [
          [
            -95.8296290211215,
            30.2736428415753
          ],
          [
            -95.8294809006194,
            30.2735727927597
          ],
          [
            -95.8293537690588,
            30.2735115657823
          ],
          [
            -95.828861305998,
            30.273279173193
          ],
          [
            -95.8287474236643,
            30.2732567225022
          ],
          [
            -95.8286555145347,
            30.2732559839572
          ],
          [
            -95.8285670571819,
            30.2732492184171
          ],
          [
            -95.8284806381921,
            30.273249747201
          ],
          [
            -95.8284012056336,
            30.2732534034927
          ],
          [
            -95.8282527137384,
            30.2732592308487
          ]
        ],
        "type": "LineString"
      },
      "id": 3447,
      "properties": {
        "COMM_PCT": null,
        "Country_L": null,
        "Country_R": null,
        "County_L": null,
        "County_R": null,
        "DiscrpAgID": null,
        "FromAddr_L": null,
        "FromAddr_R": null,
        "IncMuni_L": null,
        "IncMuni_R": null,
        "LSt_Name": null,
        "LSt_PosDir": null,
        "LSt_PreDir": null,
        "LSt_Type": null,
        "MAP_NAME": null,
        "MSAGComm_L": null,
        "MSAGComm_R": null,
        "OBJECTID": null,
        "OBJECTID_1": 3447,
        "PostCode_L": null,
        "PostCode_R": null,
        "RD_CLASS": null,
        "RD_NAME": null,
        "ROAD_NAME": null,
        "RoadClass": null,
        "STREET": "MILL CREEK",
        "SUBDIVISIO": null,
        "SURFACE_TY": null,
        "Shape_Leng": null,
        "Shape__Length": 469.3146391969194,
        "St_Name": null,
        "St_PosDir": null,
        "St_PosMod": null,
        "St_PosTyp": null,
        "St_PreDir": null,
        "St_PreMod": null,
        "St_PreSep": null,
        "St_PreTyp": null,
        "State_L": null,
        "State_R": null,
        "ToAddr_L": null,
        "ToAddr_R": null
      },
      "type": "Feature"
    },
    {
      "geometry": {
        "coordinates": [
          [
            -95.8641817198215,
            30.2453577054355
          ],
          [
            -95.8641723639303,
            30.2450779287685
          ],
          [
            -95.8641616790517,
            30.2447144690315
          ],
          [
            -95.8641569010452,
            30.2444610972288
          ],
          [
            -95.8641751763283,
            30.2443040794462
          ],
          [
            -95.8642540161891,
            30.2441176586945
          ]
        ],
        "type": "LineString"
      },
      "id": 3590,
      "properties": {
        "COMM_PCT": null,
        "Country_L": null,
        "Country_R": null,
        "County_L": null,
        "County_R": null,
        "DiscrpAgID": null,
        "FromAddr_L": null,
        "FromAddr_R": null,
        "IncMuni_L": null,
        "IncMuni_R": null,
        "LSt_Name": null,
        "LSt_PosDir": null,
        "LSt_PreDir": null,
        "LSt_Type": null,
        "MAP_NAME": null,
        "MSAGComm_L": null,
        "MSAGComm_R": null,
        "OBJECTID": null,
        "OBJECTID_1": 3590,
        "PostCode_L": null,
        "PostCode_R": null,
        "RD_CLASS": null,
        "RD_NAME": null,
        "ROAD_NAME": null,
        "RoadClass": null,
        "STREET": "JULIANNE",
        "SUBDIVISIO": null,
        "SURFACE_TY": null,
        "Shape_Leng": null,
        "Shape__Length": 455.8082350225889,
        "St_Name": null,
        "St_PosDir": null,
        "St_PosMod": null,
        "St_PosTyp": null,
        "St_PreDir": null,
        "St_PreMod": null,
        "St_PreSep": null,
        "St_PreTyp": null,
        "State_L": null,
        "State_R": null,
        "ToAddr_L": null,
        "ToAddr_R": null
      },
      "type": "Feature"
    },
    {
      "geometry": {
        "coordinates": [
          [
            -95.8677955497372,
            30.2729111762684
          ],
          [
            -95.8676581382812,
            30.272917477894
          ],
          [
            -95.8673775127155,
            30.2729355562593
          ],
          [
            -95.8670794304119,
            30.2729540563711
          ],
          [
            -95.8667960526711,
            30.2729630932252
          ],
          [
            -95.8665326187434,
            30.272969342733
          ],
          [
            -95.8662859664671,
            30.2729726505027
          ],
          [
            -95.866052530995,
            30.2729814935186
          ],
          [
            -95.8658152751293,
            30.2729872777131
          ],
          [
            -95.8655569785344,
            30.2729852765231
          ],
          [
            -95.8652845229614,
            30.2729980892334
          ],
          [
            -95.8649857667777,
            30.2729968676619
          ],
          [
            -95.864666167923,
            30.273000724345
          ],
          [
            -95.8643250932248,
            30.2730062378997
          ],
          [
            -95.8639721944791,
            30.2730103484921
          ],
          [
            -95.8636404206333,
            30.2730203991391
          ],
          [
            -95.8632923442014,
            30.2730230429209
          ],
          [
            -95.8629352013269,
            30.2730331950381
          ],
          [
            -95.862582096518,
            30.2730417238816
          ],
          [
            -95.8622220649392,
            30.2730971347947
          ]
        ],
        "type": "LineString"
      },
      "id": 1618,
      "properties": {
        "COMM_PCT": null,
        "Country_L": null,
        "Country_R": null,
        "County_L": null,
        "County_R": null,
        "DiscrpAgID": null,
        "FromAddr_L": null,
        "FromAddr_R": null,
        "IncMuni_L": null,
        "IncMuni_R": null,
        "LSt_Name": null,
        "LSt_PosDir": null,
        "LSt_PreDir": null,
        "LSt_Type": null,
        "MAP_NAME": null,
        "MSAGComm_L": null,
        "MSAGComm_R": null,
        "OBJECTID": null,
        "OBJECTID_1": 1618,
        "PostCode_L": null,
        "PostCode_R": null,
        "RD_CLASS": null,
        "RD_NAME": null,
        "ROAD_NAME": null,
        "RoadClass": null,
        "STREET": "302",
        "SUBDIVISIO": null,
        "SURFACE_TY": null,
        "Shape_Leng": null,
        "Shape__Length": 1762.258499356009,
        "St_Name": null,
        "St_PosDir": null,
        "St_PosMod": null,
        "St_PosTyp": null,
        "St_PreDir": null,
        "St_PreMod": null,
        "St_PreSep": null,
        "St_PreTyp": null,
        "State_L": null,
        "State_R": null,
        "ToAddr_L": null,
        "ToAddr_R": null
      },
      "type": "Feature"
    },
    {
      "geometry": {
        "coordinates": [
          [
            -95.8350931494882,
            30.2956068111531
          ],
          [
            -95.8350382504026,
            30.2950135529232
          ],
          [
            -95.8349644877449,
            30.2943355412753
          ],
          [
            -95.8348701471742,
            30.2933284481796
          ],
          [
            -95.8347349840861,
            30.292118334506
          ],
          [
            -95.8346109569463,
            30.2909012878872
          ],
          [
            -95.8345065702394,
            30.2896865216191
          ],
          [
            -95.8343845313636,
            30.2884962170649
          ],
          [
            -95.8342590393999,
            30.2872914585845
          ],
          [
            -95.8341361725661,
            30.2861190405628
          ],
          [
            -95.8340113540234,
            30.2848999729296
          ],
          [
            -95.8338894941247,
            30.283706090765
          ],
          [
            -95.8337686658293,
            30.2827236519042
          ]
        ],
        "type": "LineString"
      },
      "id": 4039,
      "properties": {
        "COMM_PCT": null,
        "Country_L": null,
        "Country_R": null,
        "County_L": null,
        "County_R": null,
        "DiscrpAgID": null,
        "FromAddr_L": null,
        "FromAddr_R": null,
        "IncMuni_L": null,
        "IncMuni_R": null,
        "LSt_Name": null,
        "LSt_PosDir": null,
        "LSt_PreDir": null,
        "LSt_Type": null,
        "MAP_NAME": null,
        "MSAGComm_L": null,
        "MSAGComm_R": null,
        "OBJECTID": null,
        "OBJECTID_1": 4039,
        "PostCode_L": null,
        "PostCode_R": null,
        "RD_CLASS": null,
        "RD_NAME": null,
        "ROAD_NAME": null,
        "RoadClass": null,
        "STREET": "FM 1774",
        "SUBDIVISIO": null,
        "SURFACE_TY": null,
        "Shape_Leng": null,
        "Shape__Length": 4704.215957214395,
        "St_Name": null,
        "St_PosDir": null,
        "St_PosMod": null,
        "St_PosTyp": null,
        "St_PreDir": null,
        "St_PreMod": null,
        "St_PreSep": null,
        "St_PreTyp": null,
        "State_L": null,
        "State_R": null,
        "ToAddr_L": null,
        "ToAddr_R": null
      },
      "type": "Feature"
    },
    {
      "geometry": {
        "coordinates": [
          [
            -95.8551571202917,
            30.2496755779676
          ],
          [
            -95.8551356036101,
            30.2496440409552
          ],
          [
            -95.855122432412,
            30.2496034208175
          ],
          [
            -95.8551184335678,
            30.2495529745552
          ],
          [
            -95.8551194244237,
            30.2494974573536
          ],
          [
            -95.8551198193627,
            30.249437704917
          ],
          [
            -95.8551190492685,
            30.2493689268057
          ],
          [
            -95.855118588844,
            30.2492934515187
          ],
          [
            -95.8551183574564,
            30.2492130394578
          ],
          [
            -95.855119107494,
            30.2491285755221
          ],
          [
            -95.8551192166283,
            30.2490408236497
          ],
          [
            -95.8551186064039,
            30.2489514973711
          ],
          [
            -95.8551173165495,
            30.24885974039
          ],
          [
            -95.8551137499822,
            30.2487658399314
          ],
          [
            -95.8551118164267,
            30.2486708779761
          ],
          [
            -95.8551091714228,
            30.2485741712569
          ],
          [
            -95.8551065214826,
            30.2484775934698
          ],
          [
            -95.8551054347959,
            30.2483814576625
          ],
          [
            -95.8551042903613,
            30.2482865666404
          ],
          [
            -95.8551015746966,
            30.2481914058004
          ],
          [
            -95.8551005358572,
            30.248094238834
          ],
          [
            -95.8550986500837,
            30.247998247525
          ],
          [
            -95.8550982599629,
            30.2479041999418
          ],
          [
            -95.8550986041704,
            30.2478113815071
          ],
          [
            -95.8550988945584,
            30.2477197231292
          ],
          [
            -95.8550968963816,
            30.2476261772612
          ],
          [
            -95.8550941179822,
            30.2475323468035
          ],
          [
            -95.8550905026511,
            30.2474394765769
          ],
          [
            -95.8550907921602,
            30.2473478597006
          ],
          [
            -95.8550895282385,
            30.2472555447856
          ],
          [
            -95.8550904862921,
            30.2471665749048
          ],
          [
            -95.855090690117,
            30.2470768049264
          ],
          [
            -95.8550866521556,
            30.2469759651149
          ],
          [
            -95.8550844438404,
            30.2468869269395
          ],
          [
            -95.8550827766126,
            30.2468374650463
          ]
        ],
        "type": "LineString"
      },
      "id": 2863,
      "properties": {
        "COMM_PCT": null,
        "Country_L": null,
        "Country_R": null,
        "County_L": null,
        "County_R": null,
        "DiscrpAgID": null,
        "FromAddr_L": null,
        "FromAddr_R": null,
        "IncMuni_L": null,
        "IncMuni_R": null,
        "LSt_Name": null,
        "LSt_PosDir": null,
        "LSt_PreDir": null,
        "LSt_Type": null,
        "MAP_NAME": null,
        "MSAGComm_L": null,
        "MSAGComm_R": null,
        "OBJECTID": null,
        "OBJECTID_1": 2863,
        "PostCode_L": null,
        "PostCode_R": null,
        "RD_CLASS": null,
        "RD_NAME": null,
        "ROAD_NAME": null,
        "RoadClass": null,
        "STREET": "TERRACE OAKS",
        "SUBDIVISIO": null,
        "SURFACE_TY": null,
        "Shape_Leng": null,
        "Shape__Length": 1034.8240607544349,
        "St_Name": null,
        "St_PosDir": null,
        "St_PosMod": null,
        "St_PosTyp": null,
        "St_PreDir": null,
        "St_PreMod": null,
        "St_PreSep": null,
        "St_PreTyp": null,
        "State_L": null,
        "State_R": null,
        "ToAddr_L": null,
        "ToAddr_R": null
      },
      "type": "Feature"
    },
    {
      "geometry": {
        "coordinates": [
          [
            -95.8620537210964,
            30.249636748269
          ],
          [
            -95.8619507872864,
            30.249635046618
          ],
          [
            -95.8618755338932,
            30.2496344829233
          ],
          [
            -95.861736908973,
            30.2496334687425
          ],
          [
            -95.8610765490395,
            30.2496394736041
          ],
          [
            -95.8595259523876,
            30.2496702719197
          ],
          [
            -95.8583618704427,
            30.2496707884743
          ],
          [
            -95.8569571081267,
            30.2497008907406
          ],
          [
            -95.856257486849,
            30.2496990919561
          ],
          [
            -95.8553457169519,
            30.2497267616581
          ],
          [
            -95.8552280734278,
            30.2497175740315
          ],
          [
            -95.8551571202917,
            30.2496755779676
          ]
        ],
        "type": "LineString"
      },
      "id": 3398,
      "properties": {
        "COMM_PCT": null,
        "Country_L": null,
        "Country_R": null,
        "County_L": null,
        "County_R": null,
        "DiscrpAgID": null,
        "FromAddr_L": null,
        "FromAddr_R": null,
        "IncMuni_L": null,
        "IncMuni_R": null,
        "LSt_Name": null,
        "LSt_PosDir": null,
        "LSt_PreDir": null,
        "LSt_Type": null,
        "MAP_NAME": null,
        "MSAGComm_L": null,
        "MSAGComm_R": null,
        "OBJECTID": null,
        "OBJECTID_1": 3398,
        "PostCode_L": null,
        "PostCode_R": null,
        "RD_CLASS": null,
        "RD_NAME": null,
        "ROAD_NAME": null,
        "RoadClass": null,
        "STREET": "ROYAL FOREST",
        "SUBDIVISIO": null,
        "SURFACE_TY": null,
        "Shape_Leng": null,
        "Shape__Length": 2182.919475237143,
        "St_Name": null,
        "St_PosDir": null,
        "St_PosMod": null,
        "St_PosTyp": null,
        "St_PreDir": null,
        "St_PreMod": null,
        "St_PreSep": null,
        "St_PreTyp": null,
        "State_L": null,
        "State_R": null,
        "ToAddr_L": null,
        "ToAddr_R": null
      },
      "type": "Feature"
    },
    {
      "geometry": {
        "coordinates": [
          [
            -95.8470463657325,
            30.2518307958929
          ],
          [
            -95.8470419933122,
            30.2516186104251
          ],
          [
            -95.8470410444993,
            30.2515708499907
          ],
          [
            -95.8470394751114,
            30.2515193698257
          ],
          [
            -95.8470306187264,
            30.2513689559885
          ],
          [
            -95.8470298384712,
            30.2513175468044
          ],
          [
            -95.8470163155885,
            30.2508583786553
          ],
          [
            -95.847014872946,
            30.2508041944427
          ],
          [
            -95.8470089045084,
            30.2504723046561
          ],
          [
            -95.8470082849265,
            30.250417461322
          ],
          [
            -95.8470075964388,
            30.2503640781583
          ],
          [
            -95.8470076821204,
            30.2503110651912
          ],
          [
            -95.8470069377891,
            30.2502588835436
          ],
          [
            -95.847006104718,
            30.2502086335516
          ],
          [
            -95.8470067032151,
            30.2501616586189
          ],
          [
            -95.8470064128062,
            30.2501167597504
          ],
          [
            -95.8470067519373,
            30.2500753651507
          ],
          [
            -95.8470076367362,
            30.2500392793467
          ],
          [
            -95.8470098683811,
            30.2500083137263
          ],
          [
            -95.8470118736211,
            30.249982241637
          ],
          [
            -95.8470136104977,
            30.2499619211029
          ],
          [
            -95.8470160925395,
            30.2499426170779
          ]
        ],
        "type": "LineString"
      },
      "id": 3255,
      "properties": {
        "COMM_PCT": null,
        "Country_L": null,
        "Country_R": null,
        "County_L": null,
        "County_R": null,
        "DiscrpAgID": null,
        "FromAddr_L": null,
        "FromAddr_R": null,
        "IncMuni_L": null,
        "IncMuni_R": null,
        "LSt_Name": null,
        "LSt_PosDir": null,
        "LSt_PreDir": null,
        "LSt_Type": null,
        "MAP_NAME": null,
        "MSAGComm_L": null,
        "MSAGComm_R": null,
        "OBJECTID": null,
        "OBJECTID_1": 3255,
        "PostCode_L": null,
        "PostCode_R": null,
        "RD_CLASS": null,
        "RD_NAME": null,
        "ROAD_NAME": null,
        "RoadClass": null,
        "STREET": "NUTTALL",
        "SUBDIVISIO": null,
        "SURFACE_TY": null,
        "Shape_Leng": null,
        "Shape__Length": 686.9984361797552,
        "St_Name": null,
        "St_PosDir": null,
        "St_PosMod": null,
        "St_PosTyp": null,
        "St_PreDir": null,
        "St_PreMod": null,
        "St_PreSep": null,
        "St_PreTyp": null,
        "State_L": null,
        "State_R": null,
        "ToAddr_L": null,
        "ToAddr_R": null
      },
      "type": "Feature"
    },
    {
      "geometry": {
        "coordinates": [
          [
            -95.8327154337579,
            30.2764816730499
          ],
          [
            -95.8324005441908,
            30.2764862164705
          ],
          [
            -95.8320960568533,
            30.2765225984236
          ],
          [
            -95.8317936272055,
            30.2765318784024
          ],
          [
            -95.8314792304173,
            30.2764918494003
          ],
          [
            -95.8311630306366,
            30.2765074368905
          ],
          [
            -95.8307891407078,
            30.2765533291208
          ]
        ],
        "type": "LineString"
      },
      "id": 1583,
      "properties": {
        "COMM_PCT": null,
        "Country_L": null,
        "Country_R": null,
        "County_L": null,
        "County_R": null,
        "DiscrpAgID": null,
        "FromAddr_L": null,
        "FromAddr_R": null,
        "IncMuni_L": null,
        "IncMuni_R": null,
        "LSt_Name": null,
        "LSt_PosDir": null,
        "LSt_PreDir": null,
        "LSt_Type": null,
        "MAP_NAME": null,
        "MSAGComm_L": null,
        "MSAGComm_R": null,
        "OBJECTID": null,
        "OBJECTID_1": 1583,
        "PostCode_L": null,
        "PostCode_R": null,
        "RD_CLASS": null,
        "RD_NAME": null,
        "ROAD_NAME": null,
        "RoadClass": null,
        "STREET": "MISSION",
        "SUBDIVISIO": null,
        "SURFACE_TY": null,
        "Shape_Leng": null,
        "Shape__Length": 611.4343273413273,
        "St_Name": null,
        "St_PosDir": null,
        "St_PosMod": null,
        "St_PosTyp": null,
        "St_PreDir": null,
        "St_PreMod": null,
        "St_PreSep": null,
        "St_PreTyp": null,
        "State_L": null,
        "State_R": null,
        "ToAddr_L": null,
        "ToAddr_R": null
      },
      "type": "Feature"
    },
    {
      "geometry": {
        "coordinates": [
          [
            -95.8232244421069,
            30.2537562038646
          ],
          [
            -95.823234283089,
            30.2538339037704
          ],
          [
            -95.82315501359,
            30.2538513636744
          ],
          [
            -95.8231279327234,
            30.2537864718786
          ],
          [
            -95.8231468357349,
            30.2537211365431
          ],
          [
            -95.8231743259508,
            30.2536585548303
          ],
          [
            -95.823195479994,
            30.2535959215096
          ],
          [
            -95.8231915369923,
            30.2535276734678
          ],
          [
            -95.8231939070714,
            30.2534599926402
          ],
          [
            -95.8231908356018,
            30.2533731154406
          ],
          [
            -95.8231880181498,
            30.2532468617924
          ],
          [
            -95.823186484356,
            30.2531101181384
          ],
          [
            -95.8231843668599,
            30.2529858663575
          ],
          [
            -95.8231818399658,
            30.2528873129784
          ],
          [
            -95.8231835915985,
            30.2527989715035
          ],
          [
            -95.8231791523204,
            30.2527243861219
          ],
          [
            -95.823169750739,
            30.2526372859927
          ]
        ],
        "type": "LineString"
      },
      "id": 2104,
      "properties": {
        "COMM_PCT": null,
        "Country_L": null,
        "Country_R": null,
        "County_L": null,
        "County_R": null,
        "DiscrpAgID": null,
        "FromAddr_L": null,
        "FromAddr_R": null,
        "IncMuni_L": null,
        "IncMuni_R": null,
        "LSt_Name": null,
        "LSt_PosDir": null,
        "LSt_PreDir": null,
        "LSt_Type": null,
        "MAP_NAME": null,
        "MSAGComm_L": null,
        "MSAGComm_R": null,
        "OBJECTID": null,
        "OBJECTID_1": 2104,
        "PostCode_L": null,
        "PostCode_R": null,
        "RD_CLASS": null,
        "RD_NAME": null,
        "ROAD_NAME": null,
        "RoadClass": null,
        "STREET": "WOOD DUCK",
        "SUBDIVISIO": null,
        "SURFACE_TY": null,
        "Shape_Leng": null,
        "Shape__Length": 500.85732072504265,
        "St_Name": null,
        "St_PosDir": null,
        "St_PosMod": null,
        "St_PosTyp": null,
        "St_PreDir": null,
        "St_PreMod": null,
        "St_PreSep": null,
        "St_PreTyp": null,
        "State_L": null,
        "State_R": null,
        "ToAddr_L": null,
        "ToAddr_R": null
      },
      "type": "Feature"
    },
    {
      "geometry": {
        "coordinates": [
          [
            -95.8550827766126,
            30.2468374650463
          ],
          [
            -95.8550227047511,
            30.2468342465916
          ],
          [
            -95.8549569258415,
            30.2468344398326
          ],
          [
            -95.8549062516342,
            30.2468336129319
          ],
          [
            -95.8548539921815,
            30.2468327739073
          ],
          [
            -95.8547914414764,
            30.2468317473883
          ],
          [
            -95.8547407661919,
            30.2468309212872
          ],
          [
            -95.8546885097459,
            30.2468300398672
          ],
          [
            -95.8546307096605,
            30.2468290927442
          ],
          [
            -95.8545681579219,
            30.2468280660799
          ],
          [
            -95.8545032308767,
            30.2468269996444
          ],
          [
            -95.854438301909,
            30.2468259746387
          ],
          [
            -95.8543709996004,
            30.246824867493
          ],
          [
            -95.8542940437716,
            30.2468269057715
          ],
          [
            -95.8542286904906,
            30.246835025
          ],
          [
            -95.8541572972037,
            30.2468366989085
          ],
          [
            -95.8541017508805,
            30.2468384106584
          ],
          [
            -95.854033665456,
            30.2468371035036
          ],
          [
            -95.8539586424515,
            30.2468316407882
          ],
          [
            -95.8538888363059,
            30.2468332409599
          ],
          [
            -95.8538114369666,
            30.2468277383698
          ],
          [
            -95.8537354554795,
            30.2468258551098
          ],
          [
            -95.8536548280058,
            30.2468216154101
          ],
          [
            -95.8535684735957,
            30.246821259709
          ],
          [
            -95.8534830018982,
            30.2468189576377
          ],
          [
            -95.85339899088,
            30.2468193293227
          ],
          [
            -95.8533186703861,
            30.2468255485722
          ],
          [
            -95.8532401970602,
            30.2468261138852
          ],
          [
            -95.853162021675,
            30.2468202822071
          ],
          [
            -95.8530866171148,
            30.246823018652
          ],
          [
            -95.8530112962233,
            30.2468239523249
          ],
          [
            -95.8529375784824,
            30.2468245122974
          ],
          [
            -95.8528637710141,
            30.2468269605119
          ],
          [
            -95.8527938065291,
            30.2468319934181
          ],
          [
            -95.8527231953999,
            30.2468339087676
          ],
          [
            -95.8526572979879,
            30.2468366760607
          ],
          [
            -95.8526089173508,
            30.246837649291
          ]
        ],
        "type": "LineString"
      },
      "id": 2545,
      "properties": {
        "COMM_PCT": null,
        "Country_L": null,
        "Country_R": null,
        "County_L": null,
        "County_R": null,
        "DiscrpAgID": null,
        "FromAddr_L": null,
        "FromAddr_R": null,
        "IncMuni_L": null,
        "IncMuni_R": null,
        "LSt_Name": null,
        "LSt_PosDir": null,
        "LSt_PreDir": null,
        "LSt_Type": null,
        "MAP_NAME": null,
        "MSAGComm_L": null,
        "MSAGComm_R": null,
        "OBJECTID": null,
        "OBJECTID_1": 2545,
        "PostCode_L": null,
        "PostCode_R": null,
        "RD_CLASS": null,
        "RD_NAME": null,
        "ROAD_NAME": null,
        "RoadClass": null,
        "STREET": "PARKVIEW",
        "SUBDIVISIO": null,
        "SURFACE_TY": null,
        "Shape_Leng": null,
        "Shape__Length": 782.0492466142258,
        "St_Name": null,
        "St_PosDir": null,
        "St_PosMod": null,
        "St_PosTyp": null,
        "St_PreDir": null,
        "St_PreMod": null,
        "St_PreSep": null,
        "St_PreTyp": null,
        "State_L": null,
        "State_R": null,
        "ToAddr_L": null,
        "ToAddr_R": null
      },
      "type": "Feature"
    },
    {
      "geometry": {
        "coordinates": [
          [
            -95.8613185488567,
            30.2840579796201
          ],
          [
            -95.8612202415205,
            30.2839727670393
          ],
          [
            -95.861172287841,
            30.2838957195757
          ],
          [
            -95.8610372100376,
            30.2838170904349
          ],
          [
            -95.8609984211762,
            30.2837475430339
          ],
          [
            -95.8607969639477,
            30.2835790120589
          ],
          [
            -95.8606992469589,
            30.283498162258
          ],
          [
            -95.8606275718067,
            30.2834198557217
          ],
          [
            -95.8605570045439,
            30.2833347516142
          ],
          [
            -95.8605210942855,
            30.2832714952446
          ],
          [
            -95.8605091091942,
            30.2832051622615
          ],
          [
            -95.8605016623107,
            30.2830922059224
          ],
          [
            -95.8604983721035,
            30.2829238013128
          ],
          [
            -95.8605008437927,
            30.2827165975461
          ],
          [
            -95.8604961058901,
            30.2824939221939
          ],
          [
            -95.8604922068183,
            30.2822531735413
          ],
          [
            -95.8604758905771,
            30.2820237741378
          ],
          [
            -95.8604692462665,
            30.2817909268815
          ],
          [
            -95.8604722784892,
            30.2815887317245
          ],
          [
            -95.8604664776065,
            30.2814060912577
          ],
          [
            -95.8604587260536,
            30.2810774523887
          ],
          [
            -95.8604481518979,
            30.2809293869567
          ],
          [
            -95.8604601323405,
            30.2807735538566
          ],
          [
            -95.860455465922,
            30.2806177416979
          ],
          [
            -95.8604412803217,
            30.2805133652785
          ],
          [
            -95.8604386771943,
            30.280261741299
          ],
          [
            -95.8604307466756,
            30.280056668868
          ],
          [
            -95.8604301120564,
            30.2798651796259
          ],
          [
            -95.8604270554869,
            30.2796746395564
          ],
          [
            -95.8604293913618,
            30.2794874675338
          ],
          [
            -95.8604256284091,
            30.2793121669028
          ],
          [
            -95.8604286851734,
            30.2791778210008
          ],
          [
            -95.8604195228674,
            30.2790335028536
          ],
          [
            -95.8604192829997,
            30.2788676983944
          ],
          [
            -95.860417728503,
            30.2787131550409
          ],
          [
            -95.8604151106056,
            30.2786328311876
          ],
          [
            -95.8604101359351,
            30.2784836729493
          ],
          [
            -95.8604081803312,
            30.2783719836312
          ],
          [
            -95.8604031971875,
            30.2782401088212
          ],
          [
            -95.8604024645171,
            30.2780678364622
          ],
          [
            -95.8604003691459,
            30.2778565622413
          ],
          [
            -95.8603947130528,
            30.2776366057921
          ],
          [
            -95.8603885163181,
            30.2774112135044
          ],
          [
            -95.860385794842,
            30.2771963476502
          ],
          [
            -95.8603802874151,
            30.2769902854901
          ],
          [
            -95.8603765746954,
            30.2767797276262
          ],
          [
            -95.8603735826507,
            30.276570699942
          ],
          [
            -95.8603660807245,
            30.2763734682116
          ],
          [
            -95.8603598632117,
            30.2761485049562
          ],
          [
            -95.8603549025317,
            30.2759477497548
          ],
          [
            -95.8603535568688,
            30.2757374045634
          ],
          [
            -95.8603462964398,
            30.2755178651944
          ],
          [
            -95.8603442242199,
            30.2753061178261
          ],
          [
            -95.8603385518319,
            30.2751036187979
          ],
          [
            -95.8603345153315,
            30.2749171271391
          ],
          [
            -95.8603290745584,
            30.2747438318198
          ],
          [
            -95.8603260814926,
            30.2745690293876
          ],
          [
            -95.8603185457543,
            30.2744067097112
          ],
          [
            -95.8603157126315,
            30.2742626568319
          ],
          [
            -95.8603150825603,
            30.2741736738767
          ],
          [
            -95.8603141343206,
            30.2740573331845
          ],
          [
            -95.8603035366389,
            30.2739268964537
          ],
          [
            -95.8603016076476,
            30.2737975379613
          ],
          [
            -95.8602968520569,
            30.2736778394208
          ],
          [
            -95.8602953636638,
            30.2735731750886
          ],
          [
            -95.8602933310116,
            30.2734802303066
          ],
          [
            -95.8602931991637,
            30.2734146985275
          ],
          [
            -95.8602882234747,
            30.2733339483795
          ],
          [
            -95.8602788265065,
            30.2732118090272
          ],
          [
            -95.8602771838943,
            30.2731104499779
          ],
          [
            -95.8602755437061,
            30.2730261607612
          ]
        ],
        "type": "LineString"
      },
      "id": 3547,
      "properties": {
        "COMM_PCT": null,
        "Country_L": null,
        "Country_R": null,
        "County_L": null,
        "County_R": null,
        "DiscrpAgID": null,
        "FromAddr_L": null,
        "FromAddr_R": null,
        "IncMuni_L": null,
        "IncMuni_R": null,
        "LSt_Name": null,
        "LSt_PosDir": null,
        "LSt_PreDir": null,
        "LSt_Type": null,
        "MAP_NAME": null,
        "MSAGComm_L": null,
        "MSAGComm_R": null,
        "OBJECTID": null,
        "OBJECTID_1": 3547,
        "PostCode_L": null,
        "PostCode_R": null,
        "RD_CLASS": null,
        "RD_NAME": null,
        "ROAD_NAME": null,
        "RoadClass": null,
        "STREET": "MICREA",
        "SUBDIVISIO": null,
        "SURFACE_TY": null,
        "Shape_Leng": null,
        "Shape__Length": 4114.34895743223,
        "St_Name": null,
        "St_PosDir": null,
        "St_PosMod": null,
        "St_PosTyp": null,
        "St_PreDir": null,
        "St_PreMod": null,
        "St_PreSep": null,
        "St_PreTyp": null,
        "State_L": null,
        "State_R": null,
        "ToAddr_L": null,
        "ToAddr_R": null
      },
      "type": "Feature"
    },
    {
      "geometry": {
        "coordinates": [
          [
            -95.8385742447455,
            30.2827006390372
          ],
          [
            -95.8385017088603,
            30.2826922463216
          ],
          [
            -95.8383907573125,
            30.2826917073312
          ],
          [
            -95.8382792583358,
            30.2826859035668
          ],
          [
            -95.8381399197959,
            30.2826821310636
          ],
          [
            -95.8379767545869,
            30.2826793722116
          ],
          [
            -95.8377770804706,
            30.2826775673755
          ],
          [
            -95.8375588693783,
            30.282682291929
          ],
          [
            -95.8373401238939,
            30.2826814945775
          ],
          [
            -95.8371262308236,
            30.2826786299371
          ],
          [
            -95.8369320644414,
            30.2826777050541
          ],
          [
            -95.8367568264039,
            30.2826788635348
          ],
          [
            -95.8365900435208,
            30.2826856498117
          ],
          [
            -95.8364204372236,
            30.2826850274067
          ],
          [
            -95.8362527378015,
            30.2826775063434
          ],
          [
            -95.8360620220356,
            30.2826705529661
          ],
          [
            -95.8358610133199,
            30.2826633661445
          ],
          [
            -95.8356859793983,
            30.282660144352
          ],
          [
            -95.8355538555048,
            30.2826546451228
          ],
          [
            -95.8354452281825,
            30.2826552595588
          ],
          [
            -95.8353450739863,
            30.2826611595767
          ],
          [
            -95.8351991673699,
            30.2826622705265
          ],
          [
            -95.8350259042011,
            30.2826720530607
          ],
          [
            -95.8348672482958,
            30.2826745640549
          ],
          [
            -95.8347158118953,
            30.2826752663017
          ],
          [
            -95.8345674880649,
            30.2826771935818
          ],
          [
            -95.8344223387208,
            30.2826790624421
          ],
          [
            -95.8343610603098,
            30.2826806327818
          ]
        ],
        "type": "LineString"
      },
      "id": 3853,
      "properties": {
        "COMM_PCT": null,
        "Country_L": null,
        "Country_R": null,
        "County_L": null,
        "County_R": null,
        "DiscrpAgID": null,
        "FromAddr_L": null,
        "FromAddr_R": null,
        "IncMuni_L": null,
        "IncMuni_R": null,
        "LSt_Name": null,
        "LSt_PosDir": null,
        "LSt_PreDir": null,
        "LSt_Type": null,
        "MAP_NAME": null,
        "MSAGComm_L": null,
        "MSAGComm_R": null,
        "OBJECTID": null,
        "OBJECTID_1": 3853,
        "PostCode_L": null,
        "PostCode_R": null,
        "RD_CLASS": null,
        "RD_NAME": null,
        "ROAD_NAME": null,
        "RoadClass": null,
        "STREET": "354",
        "SUBDIVISIO": null,
        "SURFACE_TY": null,
        "Shape_Leng": null,
        "Shape__Length": 1330.7048471105784,
        "St_Name": null,
        "St_PosDir": null,
        "St_PosMod": null,
        "St_PosTyp": null,
        "St_PreDir": null,
        "St_PreMod": null,
        "St_PreSep": null,
        "St_PreTyp": null,
        "State_L": null,
        "State_R": null,
        "ToAddr_L": null,
        "ToAddr_R": null
      },
      "type": "Feature"
    },
    {
      "geometry": {
        "coordinates": [
          [
            -95.8342156936741,
            30.2687348021922
          ],
          [
            -95.8339750862641,
            30.2687777055391
          ],
          [
            -95.831684457539,
            30.2689670938554
          ]
        ],
        "type": "LineString"
      },
      "id": 4068,
      "properties": {
        "COMM_PCT": null,
        "Country_L": null,
        "Country_R": null,
        "County_L": null,
        "County_R": null,
        "DiscrpAgID": null,
        "FromAddr_L": null,
        "FromAddr_R": null,
        "IncMuni_L": null,
        "IncMuni_R": null,
        "LSt_Name": null,
        "LSt_PosDir": null,
        "LSt_PreDir": null,
        "LSt_Type": null,
        "MAP_NAME": null,
        "MSAGComm_L": null,
        "MSAGComm_R": null,
        "OBJECTID": null,
        "OBJECTID_1": 4068,
        "PostCode_L": null,
        "PostCode_R": null,
        "RD_CLASS": null,
        "RD_NAME": null,
        "ROAD_NAME": null,
        "RoadClass": null,
        "STREET": "302",
        "SUBDIVISIO": null,
        "SURFACE_TY": null,
        "Shape_Leng": null,
        "Shape__Length": 803.9370220811933,
        "St_Name": null,
        "St_PosDir": null,
        "St_PosMod": null,
        "St_PosTyp": null,
        "St_PreDir": null,
        "St_PreMod": null,
        "St_PreSep": null,
        "St_PreTyp": null,
        "State_L": null,
        "State_R": null,
        "ToAddr_L": null,
        "ToAddr_R": null
      },
      "type": "Feature"
    },
    {
      "geometry": {
        "coordinates": [
          [
            -95.8423140482442,
            30.2632832704851
          ],
          [
            -95.8423159073623,
            30.2632331932802
          ],
          [
            -95.8423177940593,
            30.2630684004844
          ],
          [
            -95.8423238857633,
            30.2628665259523
          ],
          [
            -95.8423308938985,
            30.2626804497146
          ],
          [
            -95.8423294598276,
            30.2624983767446
          ],
          [
            -95.8423290743875,
            30.2623292393083
          ],
          [
            -95.842332635824,
            30.2621817394096
          ],
          [
            -95.8423276386246,
            30.2620052753922
          ],
          [
            -95.842327969907,
            30.2618562285354
          ],
          [
            -95.8423152641089,
            30.2616680273501
          ],
          [
            -95.8423076361138,
            30.2614771377263
          ],
          [
            -95.8423131116916,
            30.261323972876
          ],
          [
            -95.8423147248352,
            30.2611119081593
          ],
          [
            -95.8423206947702,
            30.260942218058
          ],
          [
            -95.8423179371832,
            30.2608235903578
          ]
        ],
        "type": "LineString"
      },
      "id": 3925,
      "properties": {
        "COMM_PCT": null,
        "Country_L": null,
        "Country_R": null,
        "County_L": null,
        "County_R": null,
        "DiscrpAgID": null,
        "FromAddr_L": null,
        "FromAddr_R": null,
        "IncMuni_L": null,
        "IncMuni_R": null,
        "LSt_Name": null,
        "LSt_PosDir": null,
        "LSt_PreDir": null,
        "LSt_Type": null,
        "MAP_NAME": null,
        "MSAGComm_L": null,
        "MSAGComm_R": null,
        "OBJECTID": null,
        "OBJECTID_1": 3925,
        "PostCode_L": null,
        "PostCode_R": null,
        "RD_CLASS": null,
        "RD_NAME": null,
        "ROAD_NAME": null,
        "RoadClass": null,
        "STREET": "MAIN",
        "SUBDIVISIO": null,
        "SURFACE_TY": null,
        "Shape_Leng": null,
        "Shape__Length": 894.8927309771949,
        "St_Name": null,
        "St_PosDir": null,
        "St_PosMod": null,
        "St_PosTyp": null,
        "St_PreDir": null,
        "St_PreMod": null,
        "St_PreSep": null,
        "St_PreTyp": null,
        "State_L": null,
        "State_R": null,
        "ToAddr_L": null,
        "ToAddr_R": null
      },
      "type": "Feature"
    },
    {
      "geometry": {
        "coordinates": [
          [
            -95.8680361361144,
            30.2439568466942
          ],
          [
            -95.8680105603624,
            30.2439615875685
          ],
          [
            -95.8679889748224,
            30.2439657362927
          ],
          [
            -95.8679602000482,
            30.243971139324
          ],
          [
            -95.8679282252145,
            30.2439772044785
          ],
          [
            -95.8678898909217,
            30.2439836924775
          ],
          [
            -95.8678435733427,
            30.2439914937506
          ],
          [
            -95.8677884455836,
            30.244001309837
          ],
          [
            -95.8677253027968,
            30.2440131251194
          ],
          [
            -95.8676573430424,
            30.2440262755878
          ],
          [
            -95.867587045679,
            30.2440385725865
          ],
          [
            -95.8675160525841,
            30.2440487805288
          ],
          [
            -95.8674436341894,
            30.2440555423064
          ],
          [
            -95.8673689955012,
            30.2440589150562
          ],
          [
            -95.8672949800758,
            30.2440659650287
          ],
          [
            -95.8672191047601,
            30.2440618137739
          ],
          [
            -95.8671437941245,
            30.2440625835932
          ],
          [
            -95.8670690650432,
            30.2440679320036
          ],
          [
            -95.8669947907113,
            30.2440634067108
          ],
          [
            -95.8669218315041,
            30.2440647305899
          ],
          [
            -95.8668520256877,
            30.2440664235262
          ],
          [
            -95.8667838148813,
            30.2440678714185
          ],
          [
            -95.8667195773708,
            30.2440690705541
          ],
          [
            -95.8666608903929,
            30.2440702050582
          ],
          [
            -95.8666053647394,
            30.2440714922394
          ],
          [
            -95.8665561131315,
            30.2440742026125
          ],
          [
            -95.8665099473113,
            30.2440786980506
          ],
          [
            -95.8664685061177,
            30.2440838313581
          ],
          [
            -95.8664302978527,
            30.2440876148525
          ],
          [
            -95.8663985394029,
            30.2440890006238
          ],
          [
            -95.8662973892216,
            30.2440831076695
          ]
        ],
        "type": "LineString"
      },
      "id": 344,
      "properties": {
        "COMM_PCT": null,
        "Country_L": null,
        "Country_R": null,
        "County_L": null,
        "County_R": null,
        "DiscrpAgID": null,
        "FromAddr_L": null,
        "FromAddr_R": null,
        "IncMuni_L": null,
        "IncMuni_R": null,
        "LSt_Name": null,
        "LSt_PosDir": null,
        "LSt_PreDir": null,
        "LSt_Type": null,
        "MAP_NAME": null,
        "MSAGComm_L": null,
        "MSAGComm_R": null,
        "OBJECTID": null,
        "OBJECTID_1": 344,
        "PostCode_L": null,
        "PostCode_R": null,
        "RD_CLASS": null,
        "RD_NAME": null,
        "ROAD_NAME": null,
        "RoadClass": null,
        "STREET": "NATHAN",
        "SUBDIVISIO": null,
        "SURFACE_TY": null,
        "Shape_Leng": null,
        "Shape__Length": 553.3785029132421,
        "St_Name": null,
        "St_PosDir": null,
        "St_PosMod": null,
        "St_PosTyp": null,
        "St_PreDir": null,
        "St_PreMod": null,
        "St_PreSep": null,
        "St_PreTyp": null,
        "State_L": null,
        "State_R": null,
        "ToAddr_L": null,
        "ToAddr_R": null
      },
      "type": "Feature"
    },
    {
      "geometry": {
        "coordinates": [
          [
            -95.8266233232697,
            30.2697753436566
          ],
          [
            -95.8265638005392,
            30.2697601347361
          ],
          [
            -95.8264331888088,
            30.2697396292737
          ],
          [
            -95.8263356353972,
            30.2697240282605
          ],
          [
            -95.8262467581121,
            30.2697093770906
          ],
          [
            -95.8261590453611,
            30.2697037103477
          ],
          [
            -95.8260181765041,
            30.2696991839883
          ],
          [
            -95.8259019550075,
            30.269709970231
          ],
          [
            -95.8258095048487,
            30.2697208634161
          ],
          [
            -95.8255154075467,
            30.269762795941
          ]
        ],
        "type": "LineString"
      },
      "id": 2096,
      "properties": {
        "COMM_PCT": null,
        "Country_L": null,
        "Country_R": null,
        "County_L": null,
        "County_R": null,
        "DiscrpAgID": null,
        "FromAddr_L": null,
        "FromAddr_R": null,
        "IncMuni_L": null,
        "IncMuni_R": null,
        "LSt_Name": null,
        "LSt_PosDir": null,
        "LSt_PreDir": null,
        "LSt_Type": null,
        "MAP_NAME": null,
        "MSAGComm_L": null,
        "MSAGComm_R": null,
        "OBJECTID": null,
        "OBJECTID_1": 2096,
        "PostCode_L": null,
        "PostCode_R": null,
        "RD_CLASS": null,
        "RD_NAME": null,
        "ROAD_NAME": null,
        "RoadClass": null,
        "STREET": "OAKWOOD",
        "SUBDIVISIO": null,
        "SURFACE_TY": null,
        "Shape_Leng": null,
        "Shape__Length": 354.0653432869698,
        "St_Name": null,
        "St_PosDir": null,
        "St_PosMod": null,
        "St_PosTyp": null,
        "St_PreDir": null,
        "St_PreMod": null,
        "St_PreSep": null,
        "St_PreTyp": null,
        "State_L": null,
        "State_R": null,
        "ToAddr_L": null,
        "ToAddr_R": null
      },
      "type": "Feature"
    },
    {
      "geometry": {
        "coordinates": [
          [
            -95.8363887224648,
            30.250125296466
          ],
          [
            -95.8362266966329,
            30.2501243276738
          ],
          [
            -95.8360047674234,
            30.2501250333363
          ],
          [
            -95.835756687972,
            30.2501267089388
          ],
          [
            -95.835595484483,
            30.250131435315
          ],
          [
            -95.8353940570268,
            30.2501356921624
          ],
          [
            -95.8351840735157,
            30.250136815975
          ],
          [
            -95.8349412920806,
            30.2501415091844
          ],
          [
            -95.834721490874,
            30.2501432308369
          ],
          [
            -95.8345297492054,
            30.2501497162053
          ],
          [
            -95.834324108517,
            30.250150991173
          ],
          [
            -95.8340150845891,
            30.2501533554116
          ],
          [
            -95.833871815164,
            30.25016234543
          ],
          [
            -95.8337065535006,
            30.2501660935349
          ],
          [
            -95.8335236022604,
            30.2501656374095
          ],
          [
            -95.8332853236017,
            30.2501715970931
          ],
          [
            -95.8329426604889,
            30.2501738880636
          ],
          [
            -95.8327277312756,
            30.2501806672642
          ],
          [
            -95.8324675878013,
            30.2501834681107
          ],
          [
            -95.8322155188529,
            30.2501901355839
          ],
          [
            -95.8319692211326,
            30.2501910331695
          ],
          [
            -95.8317146274243,
            30.2501928340154
          ],
          [
            -95.8315479364476,
            30.2501977235482
          ],
          [
            -95.8314421784973,
            30.2501940057707
          ],
          [
            -95.8313571897832,
            30.2501874346924
          ],
          [
            -95.8312588001933,
            30.2501732266428
          ],
          [
            -95.8311773372843,
            30.2501500579897
          ],
          [
            -95.8310893403077,
            30.2501194937654
          ],
          [
            -95.8309962951337,
            30.2500791972937
          ],
          [
            -95.8309134757745,
            30.2500261213161
          ],
          [
            -95.8308443354158,
            30.2499747206708
          ],
          [
            -95.8307854218267,
            30.2499105423994
          ],
          [
            -95.8307278808752,
            30.2498464114573
          ],
          [
            -95.830686155172,
            30.2497971690607
          ],
          [
            -95.8306416438259,
            30.2497191636908
          ],
          [
            -95.830586867256,
            30.2496252704108
          ],
          [
            -95.830544341493,
            30.2495341967612
          ],
          [
            -95.8305102058239,
            30.2494696951206
          ],
          [
            -95.8304465773851,
            30.2493886285831
          ],
          [
            -95.8304112736842,
            30.249349167505
          ],
          [
            -95.8303371971941,
            30.2492856493894
          ],
          [
            -95.8302650698034,
            30.2492303966058
          ]
        ],
        "type": "LineString"
      },
      "id": 1357,
      "properties": {
        "COMM_PCT": null,
        "Country_L": null,
        "Country_R": null,
        "County_L": null,
        "County_R": null,
        "DiscrpAgID": null,
        "FromAddr_L": null,
        "FromAddr_R": null,
        "IncMuni_L": null,
        "IncMuni_R": null,
        "LSt_Name": null,
        "LSt_PosDir": null,
        "LSt_PreDir": null,
        "LSt_Type": null,
        "MAP_NAME": null,
        "MSAGComm_L": null,
        "MSAGComm_R": null,
        "OBJECTID": null,
        "OBJECTID_1": 1357,
        "PostCode_L": null,
        "PostCode_R": null,
        "RD_CLASS": null,
        "RD_NAME": null,
        "ROAD_NAME": null,
        "RoadClass": null,
        "STREET": "RENFAIRE",
        "SUBDIVISIO": null,
        "SURFACE_TY": null,
        "Shape_Leng": null,
        "Shape__Length": 2102.046340626359,
        "St_Name": null,
        "St_PosDir": null,
        "St_PosMod": null,
        "St_PosTyp": null,
        "St_PreDir": null,
        "St_PreMod": null,
        "St_PreSep": null,
        "St_PreTyp": null,
        "State_L": null,
        "State_R": null,
        "ToAddr_L": null,
        "ToAddr_R": null
      },
      "type": "Feature"
    },
    {
      "geometry": {
        "coordinates": [
          [
            -95.8330373565532,
            30.2781484098922
          ],
          [
            -95.8329808907069,
            30.2777975531294
          ],
          [
            -95.8327400358555,
            30.2766339755471
          ],
          [
            -95.8327154337579,
            30.2764816730499
          ]
        ],
        "type": "LineString"
      },
      "id": 3859,
      "properties": {
        "COMM_PCT": null,
        "Country_L": null,
        "Country_R": null,
        "County_L": null,
        "County_R": null,
        "DiscrpAgID": null,
        "FromAddr_L": null,
        "FromAddr_R": null,
        "IncMuni_L": null,
        "IncMuni_R": null,
        "LSt_Name": null,
        "LSt_PosDir": null,
        "LSt_PreDir": null,
        "LSt_Type": null,
        "MAP_NAME": null,
        "MSAGComm_L": null,
        "MSAGComm_R": null,
        "OBJECTID": null,
        "OBJECTID_1": 3859,
        "PostCode_L": null,
        "PostCode_R": null,
        "RD_CLASS": null,
        "RD_NAME": null,
        "ROAD_NAME": null,
        "RoadClass": null,
        "STREET": "FM 1774",
        "SUBDIVISIO": null,
        "SURFACE_TY": null,
        "Shape_Leng": null,
        "Shape__Length": 614.7305914290152,
        "St_Name": null,
        "St_PosDir": null,
        "St_PosMod": null,
        "St_PosTyp": null,
        "St_PreDir": null,
        "St_PreMod": null,
        "St_PreSep": null,
        "St_PreTyp": null,
        "State_L": null,
        "State_R": null,
        "ToAddr_L": null,
        "ToAddr_R": null
      },
      "type": "Feature"
    },
    {
      "geometry": {
        "coordinates": [
          [
            -95.8640254915022,
            30.2537896492542
          ],
          [
            -95.8640249527245,
            30.2537670571329
          ],
          [
            -95.8640232093032,
            30.2537362533138
          ],
          [
            -95.8640248601498,
            30.2537006231788
          ],
          [
            -95.8640274521606,
            30.2536617585673
          ],
          [
            -95.8640325786647,
            30.2536194993082
          ],
          [
            -95.8640385152657,
            30.2535768810085
          ],
          [
            -95.8640367737618,
            30.2535289217876
          ],
          [
            -95.8640360102711,
            30.2534769547528
          ],
          [
            -95.8640323723887,
            30.2534186091664
          ],
          [
            -95.8640312222909,
            30.2533579001338
          ],
          [
            -95.8640309377717,
            30.2532955890021
          ],
          [
            -95.8640306900695,
            30.2532324602937
          ],
          [
            -95.8640296512859,
            30.2531693473139
          ],
          [
            -95.8640278163461,
            30.2531062923181
          ],
          [
            -95.8640251405469,
            30.2530442832417
          ],
          [
            -95.8640239427534,
            30.2529846044742
          ],
          [
            -95.8640226385808,
            30.252927200723
          ],
          [
            -95.8640219585751,
            30.2528734309548
          ],
          [
            -95.8640211165864,
            30.2528231819657
          ],
          [
            -95.864019269804,
            30.2527774968983
          ],
          [
            -95.8640179795751,
            30.2527369060294
          ],
          [
            -95.8640148208594,
            30.2527024406199
          ],
          [
            -95.8640106562617,
            30.2526725851376
          ],
          [
            -95.8640089685793,
            30.252657691933
          ],
          [
            -95.8640073833132,
            30.2526406093422
          ]
        ],
        "type": "LineString"
      },
      "id": 919,
      "properties": {
        "COMM_PCT": null,
        "Country_L": null,
        "Country_R": null,
        "County_L": null,
        "County_R": null,
        "DiscrpAgID": null,
        "FromAddr_L": null,
        "FromAddr_R": null,
        "IncMuni_L": null,
        "IncMuni_R": null,
        "LSt_Name": null,
        "LSt_PosDir": null,
        "LSt_PreDir": null,
        "LSt_Type": null,
        "MAP_NAME": null,
        "MSAGComm_L": null,
        "MSAGComm_R": null,
        "OBJECTID": null,
        "OBJECTID_1": 919,
        "PostCode_L": null,
        "PostCode_R": null,
        "RD_CLASS": null,
        "RD_NAME": null,
        "ROAD_NAME": null,
        "RoadClass": null,
        "STREET": "BRIDLE",
        "SUBDIVISIO": null,
        "SURFACE_TY": null,
        "Shape_Leng": null,
        "Shape__Length": 418.4033883020126,
        "St_Name": null,
        "St_PosDir": null,
        "St_PosMod": null,
        "St_PosTyp": null,
        "St_PreDir": null,
        "St_PreMod": null,
        "St_PreSep": null,
        "St_PreTyp": null,
        "State_L": null,
        "State_R": null,
        "ToAddr_L": null,
        "ToAddr_R": null
      },
      "type": "Feature"
    },
    {
      "geometry": {
        "coordinates": [
          [
            -95.8550827766126,
            30.2468374650463
          ],
          [
            -95.8550830614975,
            30.2467971872623
          ],
          [
            -95.8550808173105,
            30.2467089224589
          ],
          [
            -95.8550768615064,
            30.2466233920488
          ],
          [
            -95.8550734737132,
            30.2465426980837
          ],
          [
            -95.8550694134561,
            30.2464594418533
          ],
          [
            -95.8550672115677,
            30.2463873454508
          ],
          [
            -95.8550664903013,
            30.2463174937934
          ],
          [
            -95.8550658865836,
            30.2462451084009
          ],
          [
            -95.8550646879282,
            30.2461684896132
          ],
          [
            -95.8550650903718,
            30.2460914961693
          ],
          [
            -95.8550645642688,
            30.2460174378456
          ],
          [
            -95.8550649000485,
            30.2459419037479
          ],
          [
            -95.8550645571881,
            30.245863895646
          ],
          [
            -95.8550611774188,
            30.2457830295248
          ],
          [
            -95.8550586843397,
            30.2457001305501
          ],
          [
            -95.8550568838693,
            30.2456194045248
          ]
        ],
        "type": "LineString"
      },
      "id": 2963,
      "properties": {
        "COMM_PCT": null,
        "Country_L": null,
        "Country_R": null,
        "County_L": null,
        "County_R": null,
        "DiscrpAgID": null,
        "FromAddr_L": null,
        "FromAddr_R": null,
        "IncMuni_L": null,
        "IncMuni_R": null,
        "LSt_Name": null,
        "LSt_PosDir": null,
        "LSt_PreDir": null,
        "LSt_Type": null,
        "MAP_NAME": null,
        "MSAGComm_L": null,
        "MSAGComm_R": null,
        "OBJECTID": null,
        "OBJECTID_1": 2963,
        "PostCode_L": null,
        "PostCode_R": null,
        "RD_CLASS": null,
        "RD_NAME": null,
        "ROAD_NAME": null,
        "RoadClass": null,
        "STREET": "TERRACE OAKS",
        "SUBDIVISIO": null,
        "SURFACE_TY": null,
        "Shape_Leng": null,
        "Shape__Length": 443.126429327195,
        "St_Name": null,
        "St_PosDir": null,
        "St_PosMod": null,
        "St_PosTyp": null,
        "St_PreDir": null,
        "St_PreMod": null,
        "St_PreSep": null,
        "St_PreTyp": null,
        "State_L": null,
        "State_R": null,
        "ToAddr_L": null,
        "ToAddr_R": null
      },
      "type": "Feature"
    },
    {
      "geometry": {
        "coordinates": [
          [
            -95.8605285820065,
            30.2632587022957
          ],
          [
            -95.8603651206002,
            30.2632630124554
          ],
          [
            -95.8601691689237,
            30.2632673035882
          ],
          [
            -95.8599510137755,
            30.2632718517677
          ],
          [
            -95.8597055296548,
            30.2632846475315
          ],
          [
            -95.8594615959453,
            30.2632811142936
          ],
          [
            -95.8592229441059,
            30.2632832687291
          ],
          [
            -95.8590367936002,
            30.2632812800818
          ],
          [
            -95.8588718969225,
            30.263282355737
          ],
          [
            -95.8587614772558,
            30.2632879571013
          ],
          [
            -95.8586497427956,
            30.263304777909
          ]
        ],
        "type": "LineString"
      },
      "id": 3435,
      "properties": {
        "COMM_PCT": null,
        "Country_L": null,
        "Country_R": null,
        "County_L": null,
        "County_R": null,
        "DiscrpAgID": null,
        "FromAddr_L": null,
        "FromAddr_R": null,
        "IncMuni_L": null,
        "IncMuni_R": null,
        "LSt_Name": null,
        "LSt_PosDir": null,
        "LSt_PreDir": null,
        "LSt_Type": null,
        "MAP_NAME": null,
        "MSAGComm_L": null,
        "MSAGComm_R": null,
        "OBJECTID": null,
        "OBJECTID_1": 3435,
        "PostCode_L": null,
        "PostCode_R": null,
        "RD_CLASS": null,
        "RD_NAME": null,
        "ROAD_NAME": null,
        "RoadClass": null,
        "STREET": "HICKORY",
        "SUBDIVISIO": null,
        "SURFACE_TY": null,
        "Shape_Leng": null,
        "Shape__Length": 593.968748940252,
        "St_Name": null,
        "St_PosDir": null,
        "St_PosMod": null,
        "St_PosTyp": null,
        "St_PreDir": null,
        "St_PreMod": null,
        "St_PreSep": null,
        "St_PreTyp": null,
        "State_L": null,
        "State_R": null,
        "ToAddr_L": null,
        "ToAddr_R": null
      },
      "type": "Feature"
    },
    {
      "geometry": {
        "coordinates": [
          [
            -95.8470160925395,
            30.2499426170779
          ],
          [
            -95.8469732890524,
            30.2499428798852
          ],
          [
            -95.8469027393811,
            30.2499434183519
          ],
          [
            -95.846831389587,
            30.2499441002859
          ],
          [
            -95.8467607949686,
            30.2499455832654
          ],
          [
            -95.8466894362388,
            30.249946479681
          ],
          [
            -95.8466180325609,
            30.2499483206477
          ],
          [
            -95.8465466159664,
            30.2499504617646
          ],
          [
            -95.8464744161407,
            30.2499523605264
          ],
          [
            -95.8464022352833,
            30.2499538735012
          ],
          [
            -95.8463292563774,
            30.2499555300111
          ],
          [
            -95.8462570715349,
            30.2499571285333
          ],
          [
            -95.8461849126689,
            30.2499581681707
          ],
          [
            -95.8461119297753,
            30.2499599101862
          ],
          [
            -95.8460397688524,
            30.2499609939085
          ],
          [
            -95.8459668457274,
            30.2499614053587
          ],
          [
            -95.845821677972,
            30.249964745527
          ],
          [
            -95.845748687063,
            30.2499666594957
          ],
          [
            -95.8456765321655,
            30.2499676132173
          ],
          [
            -95.8456043512842,
            30.2499691257426
          ],
          [
            -95.8455321694693,
            30.2499706806275
          ],
          [
            -95.8454616316486,
            30.2499709180744
          ],
          [
            -95.845391898059,
            30.2499709236517
          ],
          [
            -95.8453236698442,
            30.2499726603095
          ],
          [
            -95.8452570307983,
            30.2499742810875
          ],
          [
            -95.8451911939284,
            30.249975714168
          ],
          [
            -95.845063409807,
            30.2499800933661
          ],
          [
            -95.8446804268397,
            30.2499853298367
          ],
          [
            -95.8446185575579,
            30.2499866434806
          ],
          [
            -95.8445558581783,
            30.2499887450599
          ],
          [
            -95.8441728891086,
            30.2499936798603
          ],
          [
            -95.8441086593246,
            30.249994610772
          ],
          [
            -95.8440427914537,
            30.2499966867979
          ],
          [
            -95.8439745572016,
            30.2499985516319
          ],
          [
            -95.8438365323717,
            30.2500016235397
          ],
          [
            -95.8437667946931,
            30.2500017156646
          ],
          [
            -95.8434836748094,
            30.2500065808731
          ],
          [
            -95.8434131520414,
            30.2500065152728
          ],
          [
            -95.8433434013292,
            30.2500068649202
          ],
          [
            -95.8432728436245,
            30.2500075726467
          ],
          [
            -95.8432014777823,
            30.2500085959779
          ],
          [
            -95.8431309529585,
            30.250008574389
          ],
          [
            -95.8430612003368,
            30.2500090095848
          ],
          [
            -95.8429922238781,
            30.2500097716978
          ],
          [
            -95.8429255838349,
            30.2500114336636
          ],
          [
            -95.8428605878641,
            30.2500117773294
          ],
          [
            -95.8427352099499,
            30.250015550627
          ],
          [
            -95.8425446334059,
            30.2500240452526
          ],
          [
            -95.8424708672419,
            30.2500255861931
          ],
          [
            -95.8423914023971,
            30.2500303670341
          ],
          [
            -95.8422532786593,
            30.250028431183
          ],
          [
            -95.8420750801875,
            30.2500293474807
          ],
          [
            -95.8419237467771,
            30.2500294154352
          ],
          [
            -95.8417247804513,
            30.2500331862082
          ],
          [
            -95.8415829233106,
            30.2500365708893
          ],
          [
            -95.841117910335,
            30.250048861492
          ],
          [
            -95.8410449622361,
            30.250049827218
          ],
          [
            -95.8409720160654,
            30.2500507514399
          ],
          [
            -95.8408990709316,
            30.2500516756567
          ],
          [
            -95.8408277090171,
            30.2500526120367
          ],
          [
            -95.8407571402377,
            30.2500535328651
          ],
          [
            -95.8406857703075,
            30.2500546413258
          ],
          [
            -95.8404643072465,
            30.2500546605302
          ],
          [
            -95.8403143483967,
            30.2500547748098
          ],
          [
            -95.8400912340985,
            30.2500600847158
          ],
          [
            -95.8399914344779,
            30.250061359942
          ],
          [
            -95.8398446869913,
            30.2500663632348
          ],
          [
            -95.8397187916973,
            30.2500667234932
          ]
        ],
        "type": "LineString"
      },
      "id": 69,
      "properties": {
        "COMM_PCT": null,
        "Country_L": null,
        "Country_R": null,
        "County_L": null,
        "County_R": null,
        "DiscrpAgID": null,
        "FromAddr_L": null,
        "FromAddr_R": null,
        "IncMuni_L": null,
        "IncMuni_R": null,
        "LSt_Name": null,
        "LSt_PosDir": null,
        "LSt_PreDir": null,
        "LSt_Type": null,
        "MAP_NAME": null,
        "MSAGComm_L": null,
        "MSAGComm_R": null,
        "OBJECTID": null,
        "OBJECTID_1": 69,
        "PostCode_L": null,
        "PostCode_R": null,
        "RD_CLASS": null,
        "RD_NAME": null,
        "ROAD_NAME": null,
        "RoadClass": null,
        "STREET": "RENFAIRE",
        "SUBDIVISIO": null,
        "SURFACE_TY": null,
        "Shape_Leng": null,
        "Shape__Length": 2304.775970231898,
        "St_Name": null,
        "St_PosDir": null,
        "St_PosMod": null,
        "St_PosTyp": null,
        "St_PreDir": null,
        "St_PreMod": null,
        "St_PreSep": null,
        "St_PreTyp": null,
        "State_L": null,
        "State_R": null,
        "ToAddr_L": null,
        "ToAddr_R": null
      },
      "type": "Feature"
    },
    {
      "geometry": {
        "coordinates": [
          [
            -95.8315804826977,
            30.2688843294753
          ],
          [
            -95.8313425437072,
            30.2689058017182
          ],
          [
            -95.831158103359,
            30.268951817881
          ],
          [
            -95.8309502521635,
            30.2690069438739
          ],
          [
            -95.8307407609436,
            30.2690462754502
          ],
          [
            -95.8305214433414,
            30.2690244182043
          ],
          [
            -95.8304009187991,
            30.2689634812418
          ],
          [
            -95.8303093423765,
            30.2689033388681
          ],
          [
            -95.8301184403375,
            30.2687717442936
          ]
        ],
        "type": "LineString"
      },
      "id": 2066,
      "properties": {
        "COMM_PCT": null,
        "Country_L": null,
        "Country_R": null,
        "County_L": null,
        "County_R": null,
        "DiscrpAgID": null,
        "FromAddr_L": null,
        "FromAddr_R": null,
        "IncMuni_L": null,
        "IncMuni_R": null,
        "LSt_Name": null,
        "LSt_PosDir": null,
        "LSt_PreDir": null,
        "LSt_Type": null,
        "MAP_NAME": null,
        "MSAGComm_L": null,
        "MSAGComm_R": null,
        "OBJECTID": null,
        "OBJECTID_1": 2066,
        "PostCode_L": null,
        "PostCode_R": null,
        "RD_CLASS": null,
        "RD_NAME": null,
        "ROAD_NAME": null,
        "RoadClass": null,
        "STREET": "WILDWOOD",
        "SUBDIVISIO": null,
        "SURFACE_TY": null,
        "Shape_Leng": null,
        "Shape__Length": 499.3065181970635,
        "St_Name": null,
        "St_PosDir": null,
        "St_PosMod": null,
        "St_PosTyp": null,
        "St_PreDir": null,
        "St_PreMod": null,
        "St_PreSep": null,
        "St_PreTyp": null,
        "State_L": null,
        "State_R": null,
        "ToAddr_L": null,
        "ToAddr_R": null
      },
      "type": "Feature"
    },
    {
      "geometry": {
        "coordinates": [
          [
            -95.8298271206138,
            30.2577656526341
          ],
          [
            -95.8296931914553,
            30.2577780202274
          ],
          [
            -95.829450446954,
            30.2577967161311
          ],
          [
            -95.8291974516984,
            30.2578374161271
          ],
          [
            -95.8288758014773,
            30.2578587511154
          ],
          [
            -95.8286218998379,
            30.2578704406774
          ],
          [
            -95.8283840962636,
            30.2578993551284
          ]
        ],
        "type": "LineString"
      },
      "id": 1225,
      "properties": {
        "COMM_PCT": null,
        "Country_L": null,
        "Country_R": null,
        "County_L": null,
        "County_R": null,
        "DiscrpAgID": null,
        "FromAddr_L": null,
        "FromAddr_R": null,
        "IncMuni_L": null,
        "IncMuni_R": null,
        "LSt_Name": null,
        "LSt_PosDir": null,
        "LSt_PreDir": null,
        "LSt_Type": null,
        "MAP_NAME": null,
        "MSAGComm_L": null,
        "MSAGComm_R": null,
        "OBJECTID": null,
        "OBJECTID_1": 1225,
        "PostCode_L": null,
        "PostCode_R": null,
        "RD_CLASS": null,
        "RD_NAME": null,
        "ROAD_NAME": null,
        "RoadClass": null,
        "STREET": "GREENWAY",
        "SUBDIVISIO": null,
        "SURFACE_TY": null,
        "Shape_Leng": null,
        "Shape__Length": 458.63686398332743,
        "St_Name": null,
        "St_PosDir": null,
        "St_PosMod": null,
        "St_PosTyp": null,
        "St_PreDir": null,
        "St_PreMod": null,
        "St_PreSep": null,
        "St_PreTyp": null,
        "State_L": null,
        "State_R": null,
        "ToAddr_L": null,
        "ToAddr_R": null
      },
      "type": "Feature"
    },
    {
      "geometry": {
        "coordinates": [
          [
            -95.8423140482442,
            30.2632832704851
          ],
          [
            -95.8418871448206,
            30.2632675594543
          ],
          [
            -95.84127218552,
            30.26323643719
          ]
        ],
        "type": "LineString"
      },
      "id": 3930,
      "properties": {
        "COMM_PCT": null,
        "Country_L": null,
        "Country_R": null,
        "County_L": null,
        "County_R": null,
        "DiscrpAgID": null,
        "FromAddr_L": null,
        "FromAddr_R": null,
        "IncMuni_L": null,
        "IncMuni_R": null,
        "LSt_Name": null,
        "LSt_PosDir": null,
        "LSt_PreDir": null,
        "LSt_Type": null,
        "MAP_NAME": null,
        "MSAGComm_L": null,
        "MSAGComm_R": null,
        "OBJECTID": null,
        "OBJECTID_1": 3930,
        "PostCode_L": null,
        "PostCode_R": null,
        "RD_CLASS": null,
        "RD_NAME": null,
        "ROAD_NAME": null,
        "RoadClass": null,
        "STREET": "DEERWOOD",
        "SUBDIVISIO": null,
        "SURFACE_TY": null,
        "Shape_Leng": null,
        "Shape__Length": 329.37214896516133,
        "St_Name": null,
        "St_PosDir": null,
        "St_PosMod": null,
        "St_PosTyp": null,
        "St_PreDir": null,
        "St_PreMod": null,
        "St_PreSep": null,
        "St_PreTyp": null,
        "State_L": null,
        "State_R": null,
        "ToAddr_L": null,
        "ToAddr_R": null
      },
      "type": "Feature"
    },
    {
      "geometry": {
        "coordinates": [
          [
            -95.8288890363104,
            30.2678656958571
          ],
          [
            -95.8288516077792,
            30.2679009525966
          ],
          [
            -95.8286103459693,
            30.2681693000696
          ],
          [
            -95.8284271029299,
            30.2683807099056
          ]
        ],
        "type": "LineString"
      },
      "id": 2172,
      "properties": {
        "COMM_PCT": null,
        "Country_L": null,
        "Country_R": null,
        "County_L": null,
        "County_R": null,
        "DiscrpAgID": null,
        "FromAddr_L": null,
        "FromAddr_R": null,
        "IncMuni_L": null,
        "IncMuni_R": null,
        "LSt_Name": null,
        "LSt_PosDir": null,
        "LSt_PreDir": null,
        "LSt_Type": null,
        "MAP_NAME": null,
        "MSAGComm_L": null,
        "MSAGComm_R": null,
        "OBJECTID": null,
        "OBJECTID_1": 2172,
        "PostCode_L": null,
        "PostCode_R": null,
        "RD_CLASS": null,
        "RD_NAME": null,
        "ROAD_NAME": null,
        "RoadClass": null,
        "STREET": "SUNSET",
        "SUBDIVISIO": null,
        "SURFACE_TY": null,
        "Shape_Leng": null,
        "Shape__Length": 237.4525387008702,
        "St_Name": null,
        "St_PosDir": null,
        "St_PosMod": null,
        "St_PosTyp": null,
        "St_PreDir": null,
        "St_PreMod": null,
        "St_PreSep": null,
        "St_PreTyp": null,
        "State_L": null,
        "State_R": null,
        "ToAddr_L": null,
        "ToAddr_R": null
      },
      "type": "Feature"
    },
    {
      "geometry": {
        "coordinates": [
          [
            -95.8620537210964,
            30.249636748269
          ],
          [
            -95.8620567065585,
            30.2495894271202
          ],
          [
            -95.8620424999024,
            30.2494855666851
          ],
          [
            -95.8620587439019,
            30.2493059778705
          ],
          [
            -95.8620484906567,
            30.2490996656876
          ]
        ],
        "type": "LineString"
      },
      "id": 515,
      "properties": {
        "COMM_PCT": null,
        "Country_L": null,
        "Country_R": null,
        "County_L": null,
        "County_R": null,
        "DiscrpAgID": null,
        "FromAddr_L": null,
        "FromAddr_R": null,
        "IncMuni_L": null,
        "IncMuni_R": null,
        "LSt_Name": null,
        "LSt_PosDir": null,
        "LSt_PreDir": null,
        "LSt_Type": null,
        "MAP_NAME": null,
        "MSAGComm_L": null,
        "MSAGComm_R": null,
        "OBJECTID": null,
        "OBJECTID_1": 515,
        "PostCode_L": null,
        "PostCode_R": null,
        "RD_CLASS": null,
        "RD_NAME": null,
        "ROAD_NAME": null,
        "RoadClass": null,
        "STREET": "WOODFOREST",
        "SUBDIVISIO": null,
        "SURFACE_TY": null,
        "Shape_Leng": null,
        "Shape__Length": 195.89378803573786,
        "St_Name": null,
        "St_PosDir": null,
        "St_PosMod": null,
        "St_PosTyp": null,
        "St_PreDir": null,
        "St_PreMod": null,
        "St_PreSep": null,
        "St_PreTyp": null,
        "State_L": null,
        "State_R": null,
        "ToAddr_L": null,
        "ToAddr_R": null
      },
      "type": "Feature"
    },
    {
      "geometry": {
        "coordinates": [
          [
            -95.8537980279384,
            30.2660505542578
          ],
          [
            -95.8538045059449,
            30.2658597865365
          ],
          [
            -95.853794196177,
            30.2656721305762
          ],
          [
            -95.8537866328526,
            30.2654765291764
          ],
          [
            -95.8537795255607,
            30.2652540286036
          ],
          [
            -95.8537747231538,
            30.2650160429781
          ],
          [
            -95.8537677212888,
            30.2647741975797
          ],
          [
            -95.8537723770247,
            30.2645373155737
          ],
          [
            -95.8537640541969,
            30.2643239307901
          ],
          [
            -95.8537627753762,
            30.2643002807114
          ],
          [
            -95.8537589657162,
            30.2642286858902
          ],
          [
            -95.8537559215944,
            30.2641747473745
          ],
          [
            -95.8537473683076,
            30.2637785299705
          ],
          [
            -95.8537033565711,
            30.2623023152843
          ],
          [
            -95.8537066618242,
            30.2622140295482
          ],
          [
            -95.8537137153171,
            30.262147457924
          ],
          [
            -95.8537412465235,
            30.262049484402
          ]
        ],
        "type": "LineString"
      },
      "id": 993,
      "properties": {
        "COMM_PCT": null,
        "Country_L": null,
        "Country_R": null,
        "County_L": null,
        "County_R": null,
        "DiscrpAgID": null,
        "FromAddr_L": null,
        "FromAddr_R": null,
        "IncMuni_L": null,
        "IncMuni_R": null,
        "LSt_Name": null,
        "LSt_PosDir": null,
        "LSt_PreDir": null,
        "LSt_Type": null,
        "MAP_NAME": null,
        "MSAGComm_L": null,
        "MSAGComm_R": null,
        "OBJECTID": null,
        "OBJECTID_1": 993,
        "PostCode_L": null,
        "PostCode_R": null,
        "RD_CLASS": null,
        "RD_NAME": null,
        "ROAD_NAME": null,
        "RoadClass": null,
        "STREET": "CEDAR",
        "SUBDIVISIO": null,
        "SURFACE_TY": null,
        "Shape_Leng": null,
        "Shape__Length": 1456.8551140385775,
        "St_Name": null,
        "St_PosDir": null,
        "St_PosMod": null,
        "St_PosTyp": null,
        "St_PreDir": null,
        "St_PreMod": null,
        "St_PreSep": null,
        "St_PreTyp": null,
        "State_L": null,
        "State_R": null,
        "ToAddr_L": null,
        "ToAddr_R": null
      },
      "type": "Feature"
    },
    {
      "geometry": {
        "coordinates": [
          [
            -95.8297165067401,
            30.2764384826235
          ],
          [
            -95.8296906264979,
            30.2761608396149
          ],
          [
            -95.8297001338987,
            30.2758892140779
          ],
          [
            -95.8296756681994,
            30.2756152330538
          ],
          [
            -95.8296622971976,
            30.2753412990247
          ],
          [
            -95.8296576750106,
            30.2750667246176
          ],
          [
            -95.8296419602471,
            30.2747920626589
          ],
          [
            -95.8296175060412,
            30.2745178671569
          ],
          [
            -95.8296025767834,
            30.2742433619199
          ],
          [
            -95.8295892442917,
            30.2739686112779
          ],
          [
            -95.8296290211215,
            30.2736428415753
          ]
        ],
        "type": "LineString"
      },
      "id": 1663,
      "properties": {
        "COMM_PCT": null,
        "Country_L": null,
        "Country_R": null,
        "County_L": null,
        "County_R": null,
        "DiscrpAgID": null,
        "FromAddr_L": null,
        "FromAddr_R": null,
        "IncMuni_L": null,
        "IncMuni_R": null,
        "LSt_Name": null,
        "LSt_PosDir": null,
        "LSt_PreDir": null,
        "LSt_Type": null,
        "MAP_NAME": null,
        "MSAGComm_L": null,
        "MSAGComm_R": null,
        "OBJECTID": null,
        "OBJECTID_1": 1663,
        "PostCode_L": null,
        "PostCode_R": null,
        "RD_CLASS": null,
        "RD_NAME": null,
        "ROAD_NAME": null,
        "RoadClass": null,
        "STREET": "BERRY",
        "SUBDIVISIO": null,
        "SURFACE_TY": null,
        "Shape_Leng": null,
        "Shape__Length": 1018.8045292885721,
        "St_Name": null,
        "St_PosDir": null,
        "St_PosMod": null,
        "St_PosTyp": null,
        "St_PreDir": null,
        "St_PreMod": null,
        "St_PreSep": null,
        "St_PreTyp": null,
        "State_L": null,
        "State_R": null,
        "ToAddr_L": null,
        "ToAddr_R": null
      },
      "type": "Feature"
    },
    {
      "geometry": {
        "coordinates": [
          [
            -95.8286512774808,
            30.245197421804
          ],
          [
            -95.8286523019653,
            30.2450226743217
          ],
          [
            -95.8286501084491,
            30.2447300866115
          ],
          [
            -95.8286264871054,
            30.244421266005
          ],
          [
            -95.8286077932683,
            30.2439106418273
          ]
        ],
        "type": "LineString"
      },
      "id": 2799,
      "properties": {
        "COMM_PCT": null,
        "Country_L": null,
        "Country_R": null,
        "County_L": null,
        "County_R": null,
        "DiscrpAgID": null,
        "FromAddr_L": null,
        "FromAddr_R": null,
        "IncMuni_L": null,
        "IncMuni_R": null,
        "LSt_Name": null,
        "LSt_PosDir": null,
        "LSt_PreDir": null,
        "LSt_Type": null,
        "MAP_NAME": null,
        "MSAGComm_L": null,
        "MSAGComm_R": null,
        "OBJECTID": null,
        "OBJECTID_1": 2799,
        "PostCode_L": null,
        "PostCode_R": null,
        "RD_CLASS": null,
        "RD_NAME": null,
        "ROAD_NAME": null,
        "RoadClass": null,
        "STREET": "BRITTANY",
        "SUBDIVISIO": null,
        "SURFACE_TY": null,
        "Shape_Leng": null,
        "Shape__Length": 468.333723362792,
        "St_Name": null,
        "St_PosDir": null,
        "St_PosMod": null,
        "St_PosTyp": null,
        "St_PreDir": null,
        "St_PreMod": null,
        "St_PreSep": null,
        "St_PreTyp": null,
        "State_L": null,
        "State_R": null,
        "ToAddr_L": null,
        "ToAddr_R": null
      },
      "type": "Feature"
    },
    {
      "geometry": {
        "coordinates": [
          [
            -95.8295419330539,
            30.2558105272258
          ],
          [
            -95.82953339082,
            30.2557562318211
          ],
          [
            -95.8294927415352,
            30.2555234343644
          ]
        ],
        "type": "LineString"
      },
      "id": 3933,
      "properties": {
        "COMM_PCT": null,
        "Country_L": null,
        "Country_R": null,
        "County_L": null,
        "County_R": null,
        "DiscrpAgID": null,
        "FromAddr_L": null,
        "FromAddr_R": null,
        "IncMuni_L": null,
        "IncMuni_R": null,
        "LSt_Name": null,
        "LSt_PosDir": null,
        "LSt_PreDir": null,
        "LSt_Type": null,
        "MAP_NAME": null,
        "MSAGComm_L": null,
        "MSAGComm_R": null,
        "OBJECTID": null,
        "OBJECTID_1": 3933,
        "PostCode_L": null,
        "PostCode_R": null,
        "RD_CLASS": null,
        "RD_NAME": null,
        "ROAD_NAME": null,
        "RoadClass": null,
        "STREET": "FM 1774",
        "SUBDIVISIO": null,
        "SURFACE_TY": null,
        "Shape_Leng": null,
        "Shape__Length": 105.5633667331885,
        "St_Name": null,
        "St_PosDir": null,
        "St_PosMod": null,
        "St_PosTyp": null,
        "St_PreDir": null,
        "St_PreMod": null,
        "St_PreSep": null,
        "St_PreTyp": null,
        "State_L": null,
        "State_R": null,
        "ToAddr_L": null,
        "ToAddr_R": null
      },
      "type": "Feature"
    },
    {
      "geometry": {
        "coordinates": [
          [
            -95.8364035005645,
            30.2558702780395
          ],
          [
            -95.8364973965091,
            30.2555633875671
          ],
          [
            -95.8365068354653,
            30.2554789185472
          ],
          [
            -95.8365067852987,
            30.2553618680295
          ],
          [
            -95.8365069584035,
            30.2552400475575
          ],
          [
            -95.8364954202254,
            30.2551333428021
          ],
          [
            -95.8364871838402,
            30.2550148103967
          ],
          [
            -95.8364829986007,
            30.2549274741001
          ],
          [
            -95.8364745410529,
            30.2548137117237
          ],
          [
            -95.8364683362347,
            30.254592534383
          ],
          [
            -95.8364523646654,
            30.2543447380355
          ],
          [
            -95.836452371204,
            30.2542264941647
          ],
          [
            -95.8364502307301,
            30.2540066539915
          ],
          [
            -95.8364496468479,
            30.2537534257225
          ],
          [
            -95.8364474921734,
            30.2535634444676
          ],
          [
            -95.8364343584191,
            30.2534614614783
          ],
          [
            -95.8364210177233,
            30.2533343896055
          ],
          [
            -95.8364149176966,
            30.2532290702504
          ],
          [
            -95.8364090006638,
            30.2530903145658
          ],
          [
            -95.8364037752827,
            30.2529957759609
          ],
          [
            -95.8363990891856,
            30.252919171216
          ],
          [
            -95.8363926569397,
            30.2528210059843
          ],
          [
            -95.8364062871191,
            30.252727554716
          ],
          [
            -95.8363997494106,
            30.2526202247323
          ],
          [
            -95.8363980729284,
            30.2525092897988
          ],
          [
            -95.8363954745793,
            30.2524115571296
          ],
          [
            -95.8363958092737,
            30.2523163380186
          ],
          [
            -95.8363879134434,
            30.2522031822127
          ],
          [
            -95.8363808241959,
            30.252089857009
          ],
          [
            -95.8363790515182,
            30.2520144469986
          ],
          [
            -95.8363811407108,
            30.2519496716465
          ],
          [
            -95.8363791299014,
            30.2518628775748
          ],
          [
            -95.836374687211,
            30.2517707598692
          ],
          [
            -95.8363883418387,
            30.2517029192433
          ],
          [
            -95.8363861817913,
            30.2516311809983
          ],
          [
            -95.8363884345182,
            30.2515237660592
          ],
          [
            -95.8363866623394,
            30.2514436802957
          ],
          [
            -95.8363868192346,
            30.2513517195931
          ],
          [
            -95.836388556706,
            30.251284895102
          ],
          [
            -95.8363949301538,
            30.2511776248651
          ]
        ],
        "type": "LineString"
      },
      "id": 3927,
      "properties": {
        "COMM_PCT": null,
        "Country_L": null,
        "Country_R": null,
        "County_L": null,
        "County_R": null,
        "DiscrpAgID": null,
        "FromAddr_L": null,
        "FromAddr_R": null,
        "IncMuni_L": null,
        "IncMuni_R": null,
        "LSt_Name": null,
        "LSt_PosDir": null,
        "LSt_PreDir": null,
        "LSt_Type": null,
        "MAP_NAME": null,
        "MSAGComm_L": null,
        "MSAGComm_R": null,
        "OBJECTID": null,
        "OBJECTID_1": 3927,
        "PostCode_L": null,
        "PostCode_R": null,
        "RD_CLASS": null,
        "RD_NAME": null,
        "ROAD_NAME": null,
        "RoadClass": null,
        "STREET": "FESTIVAL",
        "SUBDIVISIO": null,
        "SURFACE_TY": null,
        "Shape_Leng": null,
        "Shape__Length": 1712.8403174688835,
        "St_Name": null,
        "St_PosDir": null,
        "St_PosMod": null,
        "St_PosTyp": null,
        "St_PreDir": null,
        "St_PreMod": null,
        "St_PreSep": null,
        "St_PreTyp": null,
        "State_L": null,
        "State_R": null,
        "ToAddr_L": null,
        "ToAddr_R": null
      },
      "type": "Feature"
    },
    {
      "geometry": {
        "coordinates": [
          [
            -95.8665748801491,
            30.2526063597632
          ],
          [
            -95.8664978573645,
            30.2526097357564
          ],
          [
            -95.8664073324019,
            30.2526138017812
          ],
          [
            -95.8663168699667,
            30.2526164940201
          ],
          [
            -95.8662272384324,
            30.2526183547874
          ],
          [
            -95.86613844665,
            30.252619170424
          ],
          [
            -95.8660488766846,
            30.2526197006466
          ],
          [
            -95.8659585027133,
            30.2526205034003
          ],
          [
            -95.8658673385539,
            30.2526212351899
          ],
          [
            -95.8657762021786,
            30.2526213666033
          ],
          [
            -95.8656834636005,
            30.2526218727052
          ],
          [
            -95.8655915131731,
            30.2526224486683
          ],
          [
            -95.8654979527297,
            30.2526236130132
          ],
          [
            -95.8654044071841,
            30.2526244329308
          ],
          [
            -95.8653116248742,
            30.2526258833975
          ],
          [
            -95.8652203871436,
            30.252628203839
          ],
          [
            -95.8651291911345,
            30.2526296228474
          ],
          [
            -95.8650387088287,
            30.2526327423338
          ],
          [
            -95.8649482841011,
            30.2526346178683
          ],
          [
            -95.8648579527581,
            30.2526344760774
          ],
          [
            -95.8647691858567,
            30.2526347752189
          ],
          [
            -95.8646804149486,
            30.2526351608301
          ],
          [
            -95.8645924561761,
            30.2526351431688
          ],
          [
            -95.8645053142293,
            30.2526345535718
          ],
          [
            -95.8644196721581,
            30.2526358219028
          ],
          [
            -95.864334053956,
            30.2526365745941
          ],
          [
            -95.8642492319062,
            30.252637269243
          ],
          [
            -95.8641659672874,
            30.2526385336987
          ],
          [
            -95.8640811302984,
            30.2526395283556
          ],
          [
            -95.8640073833132,
            30.2526406093422
          ]
        ],
        "type": "LineString"
      },
      "id": 2267,
      "properties": {
        "COMM_PCT": null,
        "Country_L": null,
        "Country_R": null,
        "County_L": null,
        "County_R": null,
        "DiscrpAgID": null,
        "FromAddr_L": null,
        "FromAddr_R": null,
        "IncMuni_L": null,
        "IncMuni_R": null,
        "LSt_Name": null,
        "LSt_PosDir": null,
        "LSt_PreDir": null,
        "LSt_Type": null,
        "MAP_NAME": null,
        "MSAGComm_L": null,
        "MSAGComm_R": null,
        "OBJECTID": null,
        "OBJECTID_1": 2267,
        "PostCode_L": null,
        "PostCode_R": null,
        "RD_CLASS": null,
        "RD_NAME": null,
        "ROAD_NAME": null,
        "RoadClass": null,
        "STREET": "STEEPLECHASE",
        "SUBDIVISIO": null,
        "SURFACE_TY": null,
        "Shape_Leng": null,
        "Shape__Length": 810.8362719951668,
        "St_Name": null,
        "St_PosDir": null,
        "St_PosMod": null,
        "St_PosTyp": null,
        "St_PreDir": null,
        "St_PreMod": null,
        "St_PreSep": null,
        "St_PreTyp": null,
        "State_L": null,
        "State_R": null,
        "ToAddr_L": null,
        "ToAddr_R": null
      },
      "type": "Feature"
    },
    {
      "geometry": {
        "coordinates": [
          [
            -95.8268723748997,
            30.2688551432145
          ],
          [
            -95.8267936375305,
            30.2688439874155
          ],
          [
            -95.8267167784031,
            30.2688265777888
          ],
          [
            -95.8266204431431,
            30.2688019047736
          ],
          [
            -95.8262912920209,
            30.268705014926
          ],
          [
            -95.826220606478,
            30.268674192087
          ],
          [
            -95.8261342289134,
            30.2686399794046
          ],
          [
            -95.8260577710288,
            30.2685630747441
          ],
          [
            -95.8259771299898,
            30.2684738977164
          ],
          [
            -95.8258863720847,
            30.2683807523577
          ],
          [
            -95.8258319909464,
            30.2682553927008
          ],
          [
            -95.8257637497366,
            30.2681553005106
          ],
          [
            -95.825702808525,
            30.268051638055
          ],
          [
            -95.8256395685729,
            30.2679293196801
          ]
        ],
        "type": "LineString"
      },
      "id": 1222,
      "properties": {
        "COMM_PCT": null,
        "Country_L": null,
        "Country_R": null,
        "County_L": null,
        "County_R": null,
        "DiscrpAgID": null,
        "FromAddr_L": null,
        "FromAddr_R": null,
        "IncMuni_L": null,
        "IncMuni_R": null,
        "LSt_Name": null,
        "LSt_PosDir": null,
        "LSt_PreDir": null,
        "LSt_Type": null,
        "MAP_NAME": null,
        "MSAGComm_L": null,
        "MSAGComm_R": null,
        "OBJECTID": null,
        "OBJECTID_1": 1222,
        "PostCode_L": null,
        "PostCode_R": null,
        "RD_CLASS": null,
        "RD_NAME": null,
        "ROAD_NAME": null,
        "RoadClass": null,
        "STREET": "LARGENT",
        "SUBDIVISIO": null,
        "SURFACE_TY": null,
        "Shape_Leng": null,
        "Shape__Length": 551.2806407548916,
        "St_Name": null,
        "St_PosDir": null,
        "St_PosMod": null,
        "St_PosTyp": null,
        "St_PreDir": null,
        "St_PreMod": null,
        "St_PreSep": null,
        "St_PreTyp": null,
        "State_L": null,
        "State_R": null,
        "ToAddr_L": null,
        "ToAddr_R": null
      },
      "type": "Feature"
    },
    {
      "geometry": {
        "coordinates": [
          [
            -95.8537412465235,
            30.262049484402
          ],
          [
            -95.8538570284171,
            30.2620479011312
          ],
          [
            -95.8539062835658,
            30.2620453245315
          ],
          [
            -95.854984306698,
            30.2619898068915
          ],
          [
            -95.8551523779187,
            30.2619885475719
          ],
          [
            -95.8553024203466,
            30.2619830012346
          ],
          [
            -95.8554451625217,
            30.2619811132479
          ],
          [
            -95.855584685986,
            30.2619802293706
          ],
          [
            -95.855716303181,
            30.2619789398337
          ],
          [
            -95.8558661155226,
            30.2619783738196
          ],
          [
            -95.8560373706296,
            30.2619768364297
          ],
          [
            -95.8562142648302,
            30.2619733029643
          ],
          [
            -95.8564165081759,
            30.261970053141
          ],
          [
            -95.8566322370804,
            30.261966501539
          ],
          [
            -95.8568067456506,
            30.2619631411782
          ],
          [
            -95.8569621354084,
            30.2619619517644
          ],
          [
            -95.8571081160514,
            30.261958540093
          ],
          [
            -95.8572444884887,
            30.261957243643
          ],
          [
            -95.8573792505485,
            30.2619564938585
          ],
          [
            -95.8575188924585,
            30.2619530750724
          ],
          [
            -95.8576656195194,
            30.2619506783498
          ],
          [
            -95.8578218262742,
            30.2619489142589
          ],
          [
            -95.8579850874602,
            30.2619488572502
          ],
          [
            -95.8581555472437,
            30.2619473759135
          ],
          [
            -95.8583356102254,
            30.2619438635734
          ],
          [
            -95.85850447266,
            30.2619426699392
          ],
          [
            -95.8586519281849,
            30.2619416301123
          ]
        ],
        "type": "LineString"
      },
      "id": 2925,
      "properties": {
        "COMM_PCT": null,
        "Country_L": null,
        "Country_R": null,
        "County_L": null,
        "County_R": null,
        "DiscrpAgID": null,
        "FromAddr_L": null,
        "FromAddr_R": null,
        "IncMuni_L": null,
        "IncMuni_R": null,
        "LSt_Name": null,
        "LSt_PosDir": null,
        "LSt_PreDir": null,
        "LSt_Type": null,
        "MAP_NAME": null,
        "MSAGComm_L": null,
        "MSAGComm_R": null,
        "OBJECTID": null,
        "OBJECTID_1": 2925,
        "PostCode_L": null,
        "PostCode_R": null,
        "RD_CLASS": null,
        "RD_NAME": null,
        "ROAD_NAME": null,
        "RoadClass": null,
        "STREET": "CEDAR",
        "SUBDIVISIO": null,
        "SURFACE_TY": null,
        "Shape_Leng": null,
        "Shape__Length": 1551.1602959145416,
        "St_Name": null,
        "St_PosDir": null,
        "St_PosMod": null,
        "St_PosTyp": null,
        "St_PreDir": null,
        "St_PreMod": null,
        "St_PreSep": null,
        "St_PreTyp": null,
        "State_L": null,
        "State_R": null,
        "ToAddr_L": null,
        "ToAddr_R": null
      },
      "type": "Feature"
    },
    {
      "geometry": {
        "coordinates": [
          [
            -95.8602755437061,
            30.2730261607612
          ],
          [
            -95.8602288260502,
            30.2729738789572
          ],
          [
            -95.8601329171331,
            30.2729055613739
          ],
          [
            -95.8600336657185,
            30.2728238834182
          ],
          [
            -95.8599244675997,
            30.2727344620503
          ],
          [
            -95.8598176357133,
            30.2726453389973
          ],
          [
            -95.8596983659485,
            30.2725509648726
          ],
          [
            -95.8595819262514,
            30.2724639138946
          ],
          [
            -95.8594702088055,
            30.2723775856854
          ],
          [
            -95.8593535586178,
            30.2722950837031
          ],
          [
            -95.8592360725572,
            30.2722135419107
          ],
          [
            -95.8591239098488,
            30.2721368300907
          ],
          [
            -95.8590185895024,
            30.2720664196596
          ],
          [
            -95.8589170466555,
            30.2719999672726
          ]
        ],
        "type": "LineString"
      },
      "id": 3174,
      "properties": {
        "COMM_PCT": null,
        "Country_L": null,
        "Country_R": null,
        "County_L": null,
        "County_R": null,
        "DiscrpAgID": null,
        "FromAddr_L": null,
        "FromAddr_R": null,
        "IncMuni_L": null,
        "IncMuni_R": null,
        "LSt_Name": null,
        "LSt_PosDir": null,
        "LSt_PreDir": null,
        "LSt_Type": null,
        "MAP_NAME": null,
        "MSAGComm_L": null,
        "MSAGComm_R": null,
        "OBJECTID": null,
        "OBJECTID_1": 3174,
        "PostCode_L": null,
        "PostCode_R": null,
        "RD_CLASS": null,
        "RD_NAME": null,
        "ROAD_NAME": null,
        "RoadClass": null,
        "STREET": "302",
        "SUBDIVISIO": null,
        "SURFACE_TY": null,
        "Shape_Leng": null,
        "Shape__Length": 569.421590780272,
        "St_Name": null,
        "St_PosDir": null,
        "St_PosMod": null,
        "St_PosTyp": null,
        "St_PreDir": null,
        "St_PreMod": null,
        "St_PreSep": null,
        "St_PreTyp": null,
        "State_L": null,
        "State_R": null,
        "ToAddr_L": null,
        "ToAddr_R": null
      },
      "type": "Feature"
    },
    {
      "geometry": {
        "coordinates": [
          [
            -95.8301184403375,
            30.2687717442936
          ],
          [
            -95.8299254164589,
            30.2686339418468
          ],
          [
            -95.8297269135134,
            30.2684751496018
          ],
          [
            -95.8295354175723,
            30.2683327352966
          ],
          [
            -95.8293530997364,
            30.2682059302559
          ],
          [
            -95.8291859913955,
            30.2680834823971
          ],
          [
            -95.8290084717751,
            30.2679482469484
          ],
          [
            -95.8288890363104,
            30.2678656958571
          ]
        ],
        "type": "LineString"
      },
      "id": 1737,
      "properties": {
        "COMM_PCT": null,
        "Country_L": null,
        "Country_R": null,
        "County_L": null,
        "County_R": null,
        "DiscrpAgID": null,
        "FromAddr_L": null,
        "FromAddr_R": null,
        "IncMuni_L": null,
        "IncMuni_R": null,
        "LSt_Name": null,
        "LSt_PosDir": null,
        "LSt_PreDir": null,
        "LSt_Type": null,
        "MAP_NAME": null,
        "MSAGComm_L": null,
        "MSAGComm_R": null,
        "OBJECTID": null,
        "OBJECTID_1": 1737,
        "PostCode_L": null,
        "PostCode_R": null,
        "RD_CLASS": null,
        "RD_NAME": null,
        "ROAD_NAME": null,
        "RoadClass": null,
        "STREET": "WILDWOOD",
        "SUBDIVISIO": null,
        "SURFACE_TY": null,
        "Shape_Leng": null,
        "Shape__Length": 509.27379468242754,
        "St_Name": null,
        "St_PosDir": null,
        "St_PosMod": null,
        "St_PosTyp": null,
        "St_PreDir": null,
        "St_PreMod": null,
        "St_PreSep": null,
        "St_PreTyp": null,
        "State_L": null,
        "State_R": null,
        "ToAddr_L": null,
        "ToAddr_R": null
      },
      "type": "Feature"
    },
    {
      "geometry": {
        "coordinates": [
          [
            -95.8298271206138,
            30.2577656526341
          ],
          [
            -95.8297914895472,
            30.2575113086198
          ],
          [
            -95.8295977168655,
            30.2561825902582
          ]
        ],
        "type": "LineString"
      },
      "id": 3932,
      "properties": {
        "COMM_PCT": null,
        "Country_L": null,
        "Country_R": null,
        "County_L": null,
        "County_R": null,
        "DiscrpAgID": null,
        "FromAddr_L": null,
        "FromAddr_R": null,
        "IncMuni_L": null,
        "IncMuni_R": null,
        "LSt_Name": null,
        "LSt_PosDir": null,
        "LSt_PreDir": null,
        "LSt_Type": null,
        "MAP_NAME": null,
        "MSAGComm_L": null,
        "MSAGComm_R": null,
        "OBJECTID": null,
        "OBJECTID_1": 3932,
        "PostCode_L": null,
        "PostCode_R": null,
        "RD_CLASS": null,
        "RD_NAME": null,
        "ROAD_NAME": null,
        "RoadClass": null,
        "STREET": "FM 1774",
        "SUBDIVISIO": null,
        "SURFACE_TY": null,
        "Shape_Leng": null,
        "Shape__Length": 580.2828066745608,
        "St_Name": null,
        "St_PosDir": null,
        "St_PosMod": null,
        "St_PosTyp": null,
        "St_PreDir": null,
        "St_PreMod": null,
        "St_PreSep": null,
        "St_PreTyp": null,
        "State_L": null,
        "State_R": null,
        "ToAddr_L": null,
        "ToAddr_R": null
      },
      "type": "Feature"
    },
    {
      "geometry": {
        "coordinates": [
          [
            -95.8294927415352,
            30.2555234343644
          ],
          [
            -95.8292645564055,
            30.2542861966352
          ],
          [
            -95.829063119613,
            30.2533084415791
          ],
          [
            -95.8289431734579,
            30.2525600648939
          ]
        ],
        "type": "LineString"
      },
      "id": 580,
      "properties": {
        "COMM_PCT": null,
        "Country_L": null,
        "Country_R": null,
        "County_L": null,
        "County_R": null,
        "DiscrpAgID": null,
        "FromAddr_L": null,
        "FromAddr_R": null,
        "IncMuni_L": null,
        "IncMuni_R": null,
        "LSt_Name": null,
        "LSt_PosDir": null,
        "LSt_PreDir": null,
        "LSt_Type": null,
        "MAP_NAME": null,
        "MSAGComm_L": null,
        "MSAGComm_R": null,
        "OBJECTID": null,
        "OBJECTID_1": 580,
        "PostCode_L": null,
        "PostCode_R": null,
        "RD_CLASS": null,
        "RD_NAME": null,
        "ROAD_NAME": null,
        "RoadClass": null,
        "STREET": "FM 1774",
        "SUBDIVISIO": null,
        "SURFACE_TY": null,
        "Shape_Leng": null,
        "Shape__Length": 1091.7443274566267,
        "St_Name": null,
        "St_PosDir": null,
        "St_PosMod": null,
        "St_PosTyp": null,
        "St_PreDir": null,
        "St_PreMod": null,
        "St_PreSep": null,
        "St_PreTyp": null,
        "State_L": null,
        "State_R": null,
        "ToAddr_L": null,
        "ToAddr_R": null
      },
      "type": "Feature"
    },
    {
      "geometry": {
        "coordinates": [
          [
            -95.8306978569854,
            30.2632719391609
          ],
          [
            -95.8304941899826,
            30.2619771110553
          ],
          [
            -95.8303957927884,
            30.2613283695191
          ]
        ],
        "type": "LineString"
      },
      "id": 629,
      "properties": {
        "COMM_PCT": null,
        "Country_L": null,
        "Country_R": null,
        "County_L": null,
        "County_R": null,
        "DiscrpAgID": null,
        "FromAddr_L": null,
        "FromAddr_R": null,
        "IncMuni_L": null,
        "IncMuni_R": null,
        "LSt_Name": null,
        "LSt_PosDir": null,
        "LSt_PreDir": null,
        "LSt_Type": null,
        "MAP_NAME": null,
        "MSAGComm_L": null,
        "MSAGComm_R": null,
        "OBJECTID": null,
        "OBJECTID_1": 629,
        "PostCode_L": null,
        "PostCode_R": null,
        "RD_CLASS": null,
        "RD_NAME": null,
        "ROAD_NAME": null,
        "RoadClass": null,
        "STREET": "FM 1774",
        "SUBDIVISIO": null,
        "SURFACE_TY": null,
        "Shape_Leng": null,
        "Shape__Length": 713.2623482866953,
        "St_Name": null,
        "St_PosDir": null,
        "St_PosMod": null,
        "St_PosTyp": null,
        "St_PreDir": null,
        "St_PreMod": null,
        "St_PreSep": null,
        "St_PreTyp": null,
        "State_L": null,
        "State_R": null,
        "ToAddr_L": null,
        "ToAddr_R": null
      },
      "type": "Feature"
    },
    {
      "geometry": {
        "coordinates": [
          [
            -95.8641682364564,
            30.2492525626543
          ],
          [
            -95.8642775724126,
            30.2490646988035
          ],
          [
            -95.8643675971363,
            30.2489002392872
          ],
          [
            -95.8645092620574,
            30.2486725603927
          ],
          [
            -95.8646361610281,
            30.2484276060865
          ],
          [
            -95.8647372425072,
            30.2482053984598
          ]
        ],
        "type": "LineString"
      },
      "id": 517,
      "properties": {
        "COMM_PCT": null,
        "Country_L": null,
        "Country_R": null,
        "County_L": null,
        "County_R": null,
        "DiscrpAgID": null,
        "FromAddr_L": null,
        "FromAddr_R": null,
        "IncMuni_L": null,
        "IncMuni_R": null,
        "LSt_Name": null,
        "LSt_PosDir": null,
        "LSt_PreDir": null,
        "LSt_Type": null,
        "MAP_NAME": null,
        "MSAGComm_L": null,
        "MSAGComm_R": null,
        "OBJECTID": null,
        "OBJECTID_1": 517,
        "PostCode_L": null,
        "PostCode_R": null,
        "RD_CLASS": null,
        "RD_NAME": null,
        "ROAD_NAME": null,
        "RoadClass": null,
        "STREET": "COACHWHIP",
        "SUBDIVISIO": null,
        "SURFACE_TY": null,
        "Shape_Leng": null,
        "Shape__Length": 421.4609370030181,
        "St_Name": null,
        "St_PosDir": null,
        "St_PosMod": null,
        "St_PosTyp": null,
        "St_PreDir": null,
        "St_PreMod": null,
        "St_PreSep": null,
        "St_PreTyp": null,
        "State_L": null,
        "State_R": null,
        "ToAddr_L": null,
        "ToAddr_R": null
      },
      "type": "Feature"
    },
    {
      "geometry": {
        "coordinates": [
          [
            -95.8285217493221,
            30.2506805468486
          ],
          [
            -95.8283827677669,
            30.2503865120285
          ],
          [
            -95.8281514068922,
            30.2499679736067
          ],
          [
            -95.8276821910309,
            30.2494689369382
          ],
          [
            -95.827281356902,
            30.2490965194724
          ],
          [
            -95.8263466817264,
            30.2482591281716
          ],
          [
            -95.8254562180024,
            30.2473893789347
          ],
          [
            -95.8253755116777,
            30.2473110526258
          ]
        ],
        "type": "LineString"
      },
      "id": 3563,
      "properties": {
        "COMM_PCT": null,
        "Country_L": null,
        "Country_R": null,
        "County_L": null,
        "County_R": null,
        "DiscrpAgID": null,
        "FromAddr_L": null,
        "FromAddr_R": null,
        "IncMuni_L": null,
        "IncMuni_R": null,
        "LSt_Name": null,
        "LSt_PosDir": null,
        "LSt_PreDir": null,
        "LSt_Type": null,
        "MAP_NAME": null,
        "MSAGComm_L": null,
        "MSAGComm_R": null,
        "OBJECTID": null,
        "OBJECTID_1": 3563,
        "PostCode_L": null,
        "PostCode_R": null,
        "RD_CLASS": null,
        "RD_NAME": null,
        "ROAD_NAME": null,
        "RoadClass": null,
        "STREET": "FM 1774",
        "SUBDIVISIO": null,
        "SURFACE_TY": null,
        "Shape_Leng": null,
        "Shape__Length": 1589.6205364468672,
        "St_Name": null,
        "St_PosDir": null,
        "St_PosMod": null,
        "St_PosTyp": null,
        "St_PreDir": null,
        "St_PreMod": null,
        "St_PreSep": null,
        "St_PreTyp": null,
        "State_L": null,
        "State_R": null,
        "ToAddr_L": null,
        "ToAddr_R": null
      },
      "type": "Feature"
    },
    {
      "geometry": {
        "coordinates": [
          [
            -95.8275375554456,
            30.2723133661196
          ],
          [
            -95.8274316293282,
            30.2723073178589
          ],
          [
            -95.8272943111959,
            30.2723115174707
          ],
          [
            -95.827179271836,
            30.2723138761421
          ],
          [
            -95.8270881499366,
            30.2723132932411
          ],
          [
            -95.826991564076,
            30.2723108839124
          ],
          [
            -95.8268954587611,
            30.2723151570683
          ],
          [
            -95.8268096444348,
            30.2723197046378
          ],
          [
            -95.826724741661,
            30.2723217048136
          ],
          [
            -95.8266359906013,
            30.2723212483406
          ],
          [
            -95.8265531088896,
            30.2723308870982
          ],
          [
            -95.8264028462959,
            30.2723407344026
          ],
          [
            -95.826295632652,
            30.2723452608849
          ],
          [
            -95.8262009404448,
            30.2723531945962
          ],
          [
            -95.8260999269336,
            30.2723607324605
          ]
        ],
        "type": "LineString"
      },
      "id": 2177,
      "properties": {
        "COMM_PCT": null,
        "Country_L": null,
        "Country_R": null,
        "County_L": null,
        "County_R": null,
        "DiscrpAgID": null,
        "FromAddr_L": null,
        "FromAddr_R": null,
        "IncMuni_L": null,
        "IncMuni_R": null,
        "LSt_Name": null,
        "LSt_PosDir": null,
        "LSt_PreDir": null,
        "LSt_Type": null,
        "MAP_NAME": null,
        "MSAGComm_L": null,
        "MSAGComm_R": null,
        "OBJECTID": null,
        "OBJECTID_1": 2177,
        "PostCode_L": null,
        "PostCode_R": null,
        "RD_CLASS": null,
        "RD_NAME": null,
        "ROAD_NAME": null,
        "RoadClass": null,
        "STREET": "WHISPERING PINES",
        "SUBDIVISIO": null,
        "SURFACE_TY": null,
        "Shape_Leng": null,
        "Shape__Length": 454.7127425496909,
        "St_Name": null,
        "St_PosDir": null,
        "St_PosMod": null,
        "St_PosTyp": null,
        "St_PreDir": null,
        "St_PreMod": null,
        "St_PreSep": null,
        "St_PreTyp": null,
        "State_L": null,
        "State_R": null,
        "ToAddr_L": null,
        "ToAddr_R": null
      },
      "type": "Feature"
    },
    {
      "geometry": {
        "coordinates": [
          [
            -95.8310777463044,
            30.2656718789637
          ],
          [
            -95.8308563197136,
            30.2643130138988
          ],
          [
            -95.8307336150363,
            30.2635165240645
          ]
        ],
        "type": "LineString"
      },
      "id": 3488,
      "properties": {
        "COMM_PCT": null,
        "Country_L": null,
        "Country_R": null,
        "County_L": null,
        "County_R": null,
        "DiscrpAgID": null,
        "FromAddr_L": null,
        "FromAddr_R": null,
        "IncMuni_L": null,
        "IncMuni_R": null,
        "LSt_Name": null,
        "LSt_PosDir": null,
        "LSt_PreDir": null,
        "LSt_Type": null,
        "MAP_NAME": null,
        "MSAGComm_L": null,
        "MSAGComm_R": null,
        "OBJECTID": null,
        "OBJECTID_1": 3488,
        "PostCode_L": null,
        "PostCode_R": null,
        "RD_CLASS": null,
        "RD_NAME": null,
        "ROAD_NAME": null,
        "RoadClass": null,
        "STREET": "FM 1774",
        "SUBDIVISIO": null,
        "SURFACE_TY": null,
        "Shape_Leng": null,
        "Shape__Length": 791.3788012784794,
        "St_Name": null,
        "St_PosDir": null,
        "St_PosMod": null,
        "St_PosTyp": null,
        "St_PreDir": null,
        "St_PreMod": null,
        "St_PreSep": null,
        "St_PreTyp": null,
        "State_L": null,
        "State_R": null,
        "ToAddr_L": null,
        "ToAddr_R": null
      },
      "type": "Feature"
    },
    {
      "geometry": {
        "coordinates": [
          [
            -95.8317543912396,
            30.2557829425341
          ],
          [
            -95.8315930561437,
            30.2558202690933
          ],
          [
            -95.8313569932658,
            30.2558669131041
          ],
          [
            -95.8311406497977,
            30.255921414814
          ]
        ],
        "type": "LineString"
      },
      "id": 3935,
      "properties": {
        "COMM_PCT": null,
        "Country_L": null,
        "Country_R": null,
        "County_L": null,
        "County_R": null,
        "DiscrpAgID": null,
        "FromAddr_L": null,
        "FromAddr_R": null,
        "IncMuni_L": null,
        "IncMuni_R": null,
        "LSt_Name": null,
        "LSt_PosDir": null,
        "LSt_PreDir": null,
        "LSt_Type": null,
        "MAP_NAME": null,
        "MSAGComm_L": null,
        "MSAGComm_R": null,
        "OBJECTID": null,
        "OBJECTID_1": 3935,
        "PostCode_L": null,
        "PostCode_R": null,
        "RD_CLASS": null,
        "RD_NAME": null,
        "ROAD_NAME": null,
        "RoadClass": null,
        "STREET": "RENFEST",
        "SUBDIVISIO": null,
        "SURFACE_TY": null,
        "Shape_Leng": null,
        "Shape__Length": 200.27819954114327,
        "St_Name": null,
        "St_PosDir": null,
        "St_PosMod": null,
        "St_PosTyp": null,
        "St_PreDir": null,
        "St_PreMod": null,
        "St_PreSep": null,
        "St_PreTyp": null,
        "State_L": null,
        "State_R": null,
        "ToAddr_L": null,
        "ToAddr_R": null
      },
      "type": "Feature"
    },
    {
      "geometry": {
        "coordinates": [
          [
            -95.8265642523407,
            30.2526278023492
          ],
          [
            -95.826627581024,
            30.2525274389224
          ],
          [
            -95.8266957676053,
            30.2524248385559
          ],
          [
            -95.8267648213505,
            30.2523206345401
          ],
          [
            -95.8268275678653,
            30.2522157363622
          ],
          [
            -95.8268861221461,
            30.2521157627741
          ],
          [
            -95.8269482812264,
            30.2520234411537
          ],
          [
            -95.82701122926,
            30.2519311915087
          ],
          [
            -95.8270756873558,
            30.2518405415318
          ],
          [
            -95.8271225710467,
            30.2517868546004
          ],
          [
            -95.8271920167897,
            30.2517082045224
          ],
          [
            -95.8272766600781,
            30.2516374617158
          ],
          [
            -95.8273645035799,
            30.2515946884726
          ],
          [
            -95.8274994092065,
            30.2515693372621
          ],
          [
            -95.8276288025762,
            30.251571688708
          ],
          [
            -95.8281483210736,
            30.2515811318134
          ]
        ],
        "type": "LineString"
      },
      "id": 3929,
      "properties": {
        "COMM_PCT": null,
        "Country_L": null,
        "Country_R": null,
        "County_L": null,
        "County_R": null,
        "DiscrpAgID": null,
        "FromAddr_L": null,
        "FromAddr_R": null,
        "IncMuni_L": null,
        "IncMuni_R": null,
        "LSt_Name": null,
        "LSt_PosDir": null,
        "LSt_PreDir": null,
        "LSt_Type": null,
        "MAP_NAME": null,
        "MSAGComm_L": null,
        "MSAGComm_R": null,
        "OBJECTID": null,
        "OBJECTID_1": 3929,
        "PostCode_L": null,
        "PostCode_R": null,
        "RD_CLASS": null,
        "RD_NAME": null,
        "ROAD_NAME": null,
        "RoadClass": null,
        "STREET": "MAGNOLIA",
        "SUBDIVISIO": null,
        "SURFACE_TY": null,
        "Shape_Leng": null,
        "Shape__Length": 706.789478511121,
        "St_Name": null,
        "St_PosDir": null,
        "St_PosMod": null,
        "St_PosTyp": null,
        "St_PreDir": null,
        "St_PreMod": null,
        "St_PreSep": null,
        "St_PreTyp": null,
        "State_L": null,
        "State_R": null,
        "ToAddr_L": null,
        "ToAddr_R": null
      },
      "type": "Feature"
    },
    {
      "geometry": {
        "coordinates": [
          [
            -95.8259904501718,
            30.2706660415389
          ],
          [
            -95.8258180383387,
            30.2704035358814
          ],
          [
            -95.8257355474231,
            30.2702860158487
          ],
          [
            -95.8256369340797,
            30.2701583303028
          ],
          [
            -95.8255480867641,
            30.2698804951959
          ],
          [
            -95.8255154075467,
            30.269762795941
          ]
        ],
        "type": "LineString"
      },
      "id": 2618,
      "properties": {
        "COMM_PCT": null,
        "Country_L": null,
        "Country_R": null,
        "County_L": null,
        "County_R": null,
        "DiscrpAgID": null,
        "FromAddr_L": null,
        "FromAddr_R": null,
        "IncMuni_L": null,
        "IncMuni_R": null,
        "LSt_Name": null,
        "LSt_PosDir": null,
        "LSt_PreDir": null,
        "LSt_Type": null,
        "MAP_NAME": null,
        "MSAGComm_L": null,
        "MSAGComm_R": null,
        "OBJECTID": null,
        "OBJECTID_1": 2618,
        "PostCode_L": null,
        "PostCode_R": null,
        "RD_CLASS": null,
        "RD_NAME": null,
        "ROAD_NAME": null,
        "RoadClass": null,
        "STREET": "MISTY VALLEY",
        "SUBDIVISIO": null,
        "SURFACE_TY": null,
        "Shape_Leng": null,
        "Shape__Length": 364.7489412342905,
        "St_Name": null,
        "St_PosDir": null,
        "St_PosMod": null,
        "St_PosTyp": null,
        "St_PreDir": null,
        "St_PreMod": null,
        "St_PreSep": null,
        "St_PreTyp": null,
        "State_L": null,
        "State_R": null,
        "ToAddr_L": null,
        "ToAddr_R": null
      },
      "type": "Feature"
    },
    {
      "geometry": {
        "coordinates": [
          [
            -95.8284320359293,
            30.2593019392312
          ],
          [
            -95.8284105812576,
            30.2590297034658
          ],
          [
            -95.8284189209937,
            30.2588850085058
          ],
          [
            -95.8284142226148,
            30.258697030698
          ],
          [
            -95.8284168541973,
            30.2585218213252
          ],
          [
            -95.8284150138052,
            30.2583575062744
          ],
          [
            -95.8284058268917,
            30.2582317592907
          ],
          [
            -95.8284041417976,
            30.258132032299
          ],
          [
            -95.8284002302592,
            30.2580460710855
          ],
          [
            -95.8283942063202,
            30.2579713878327
          ],
          [
            -95.8283840962636,
            30.2578993551284
          ]
        ],
        "type": "LineString"
      },
      "id": 1224,
      "properties": {
        "COMM_PCT": null,
        "Country_L": null,
        "Country_R": null,
        "County_L": null,
        "County_R": null,
        "DiscrpAgID": null,
        "FromAddr_L": null,
        "FromAddr_R": null,
        "IncMuni_L": null,
        "IncMuni_R": null,
        "LSt_Name": null,
        "LSt_PosDir": null,
        "LSt_PreDir": null,
        "LSt_Type": null,
        "MAP_NAME": null,
        "MSAGComm_L": null,
        "MSAGComm_R": null,
        "OBJECTID": null,
        "OBJECTID_1": 1224,
        "PostCode_L": null,
        "PostCode_R": null,
        "RD_CLASS": null,
        "RD_NAME": null,
        "ROAD_NAME": null,
        "RoadClass": null,
        "STREET": "SUTTON",
        "SUBDIVISIO": null,
        "SURFACE_TY": null,
        "Shape_Leng": null,
        "Shape__Length": 510.80778903653965,
        "St_Name": null,
        "St_PosDir": null,
        "St_PosMod": null,
        "St_PosTyp": null,
        "St_PreDir": null,
        "St_PreMod": null,
        "St_PreSep": null,
        "St_PreTyp": null,
        "State_L": null,
        "State_R": null,
        "ToAddr_L": null,
        "ToAddr_R": null
      },
      "type": "Feature"
    },
    {
      "geometry": {
        "coordinates": [
          [
            -95.8244851774122,
            30.2556064993612
          ],
          [
            -95.8244592931293,
            30.2554481304954
          ],
          [
            -95.824455359096,
            30.2553796697635
          ],
          [
            -95.8244528069205,
            30.2553155560918
          ],
          [
            -95.8244571044563,
            30.2552405470766
          ],
          [
            -95.8244699833653,
            30.2551684204942
          ],
          [
            -95.8244793817638,
            30.2551029661289
          ],
          [
            -95.8245115009846,
            30.2549921739838
          ],
          [
            -95.8245827562658,
            30.2549596823148
          ],
          [
            -95.824616254306,
            30.2548872496957
          ],
          [
            -95.8247124020779,
            30.25481384107
          ],
          [
            -95.8247921490858,
            30.2547522383166
          ],
          [
            -95.8248495422064,
            30.2547111329635
          ],
          [
            -95.8249658967995,
            30.2546462170745
          ],
          [
            -95.8250466112999,
            30.2545978486161
          ],
          [
            -95.8251344570747,
            30.2545494738352
          ],
          [
            -95.8252128911678,
            30.2544990035513
          ],
          [
            -95.8252801668013,
            30.2544499036785
          ],
          [
            -95.8253473809805,
            30.254385150928
          ],
          [
            -95.8254064457539,
            30.2543082434951
          ],
          [
            -95.8254590666552,
            30.2542165762501
          ],
          [
            -95.8254971069529,
            30.2541317051331
          ],
          [
            -95.8255327660107,
            30.2540639059003
          ],
          [
            -95.825567014857,
            30.2539753748315
          ],
          [
            -95.8256067284148,
            30.2538885853735
          ],
          [
            -95.825647644363,
            30.2538100070972
          ],
          [
            -95.8256954540708,
            30.2537365296211
          ],
          [
            -95.8257546444518,
            30.2536569179654
          ],
          [
            -95.8258106473783,
            30.2535946513526
          ],
          [
            -95.8258754721108,
            30.2535301149062
          ],
          [
            -95.8259534372468,
            30.2534557214924
          ],
          [
            -95.8260187138785,
            30.2533815260862
          ],
          [
            -95.8261037069262,
            30.2533094013909
          ],
          [
            -95.8261890472535,
            30.2532128219896
          ],
          [
            -95.8262756281434,
            30.2530896714734
          ],
          [
            -95.826359570821,
            30.2529721032931
          ],
          [
            -95.8264279460038,
            30.2528485277577
          ],
          [
            -95.8264989775196,
            30.2527359221472
          ],
          [
            -95.8265642523407,
            30.2526278023492
          ]
        ],
        "type": "LineString"
      },
      "id": 3374,
      "properties": {
        "COMM_PCT": null,
        "Country_L": null,
        "Country_R": null,
        "County_L": null,
        "County_R": null,
        "DiscrpAgID": null,
        "FromAddr_L": null,
        "FromAddr_R": null,
        "IncMuni_L": null,
        "IncMuni_R": null,
        "LSt_Name": null,
        "LSt_PosDir": null,
        "LSt_PreDir": null,
        "LSt_Type": null,
        "MAP_NAME": null,
        "MSAGComm_L": null,
        "MSAGComm_R": null,
        "OBJECTID": null,
        "OBJECTID_1": 3374,
        "PostCode_L": null,
        "PostCode_R": null,
        "RD_CLASS": null,
        "RD_NAME": null,
        "ROAD_NAME": null,
        "RoadClass": null,
        "STREET": "MAGNOLIA",
        "SUBDIVISIO": null,
        "SURFACE_TY": null,
        "Shape_Leng": null,
        "Shape__Length": 1326.47961993796,
        "St_Name": null,
        "St_PosDir": null,
        "St_PosMod": null,
        "St_PosTyp": null,
        "St_PreDir": null,
        "St_PreMod": null,
        "St_PreSep": null,
        "St_PreTyp": null,
        "State_L": null,
        "State_R": null,
        "ToAddr_L": null,
        "ToAddr_R": null
      },
      "type": "Feature"
    },
    {
      "geometry": {
        "coordinates": [
          [
            -95.8327154337579,
            30.2764816730499
          ],
          [
            -95.8325491878536,
            30.2754406662472
          ],
          [
            -95.8323658132958,
            30.274257163978
          ],
          [
            -95.8321898929877,
            30.2731348521187
          ]
        ],
        "type": "LineString"
      },
      "id": 2068,
      "properties": {
        "COMM_PCT": null,
        "Country_L": null,
        "Country_R": null,
        "County_L": null,
        "County_R": null,
        "DiscrpAgID": null,
        "FromAddr_L": null,
        "FromAddr_R": null,
        "IncMuni_L": null,
        "IncMuni_R": null,
        "LSt_Name": null,
        "LSt_PosDir": null,
        "LSt_PreDir": null,
        "LSt_Type": null,
        "MAP_NAME": null,
        "MSAGComm_L": null,
        "MSAGComm_R": null,
        "OBJECTID": null,
        "OBJECTID_1": 2068,
        "PostCode_L": null,
        "PostCode_R": null,
        "RD_CLASS": null,
        "RD_NAME": null,
        "ROAD_NAME": null,
        "RoadClass": null,
        "STREET": "FM 1774",
        "SUBDIVISIO": null,
        "SURFACE_TY": null,
        "Shape_Leng": null,
        "Shape__Length": 1228.458734385311,
        "St_Name": null,
        "St_PosDir": null,
        "St_PosMod": null,
        "St_PosTyp": null,
        "St_PreDir": null,
        "St_PreMod": null,
        "St_PreSep": null,
        "St_PreTyp": null,
        "State_L": null,
        "State_R": null,
        "ToAddr_L": null,
        "ToAddr_R": null
      },
      "type": "Feature"
    },
    {
      "geometry": {
        "coordinates": [
          [
            -95.8533441219149,
            30.242495747967
          ],
          [
            -95.853346720061,
            30.2428068817801
          ],
          [
            -95.8533465762106,
            30.2428782515552
          ],
          [
            -95.8533472418272,
            30.2429108939879
          ],
          [
            -95.85334802754,
            30.2429494180273
          ],
          [
            -95.8533479783059,
            30.2430187714888
          ],
          [
            -95.8533464765279,
            30.2430852771743
          ],
          [
            -95.853344353941,
            30.2431480640636
          ],
          [
            -95.8533424833803,
            30.2432054428072
          ],
          [
            -95.8533408638504,
            30.2432574124676
          ],
          [
            -95.853339427584,
            30.2433054332538
          ],
          [
            -95.8533374054722,
            30.2433490042739
          ],
          [
            -95.853335617416,
            30.2433875095937
          ],
          [
            -95.8533290028824,
            30.243495888296
          ]
        ],
        "type": "LineString"
      },
      "id": 1229,
      "properties": {
        "COMM_PCT": null,
        "Country_L": null,
        "Country_R": null,
        "County_L": null,
        "County_R": null,
        "DiscrpAgID": null,
        "FromAddr_L": null,
        "FromAddr_R": null,
        "IncMuni_L": null,
        "IncMuni_R": null,
        "LSt_Name": null,
        "LSt_PosDir": null,
        "LSt_PreDir": null,
        "LSt_Type": null,
        "MAP_NAME": null,
        "MSAGComm_L": null,
        "MSAGComm_R": null,
        "OBJECTID": null,
        "OBJECTID_1": 1229,
        "PostCode_L": null,
        "PostCode_R": null,
        "RD_CLASS": null,
        "RD_NAME": null,
        "ROAD_NAME": null,
        "RoadClass": null,
        "STREET": "STONE BRIDGE",
        "SUBDIVISIO": null,
        "SURFACE_TY": null,
        "Shape_Leng": null,
        "Shape__Length": 363.86368644833374,
        "St_Name": null,
        "St_PosDir": null,
        "St_PosMod": null,
        "St_PosTyp": null,
        "St_PreDir": null,
        "St_PreMod": null,
        "St_PreSep": null,
        "St_PreTyp": null,
        "State_L": null,
        "State_R": null,
        "ToAddr_L": null,
        "ToAddr_R": null
      },
      "type": "Feature"
    },
    {
      "geometry": {
        "coordinates": [
          [
            -95.8295977168655,
            30.2561825902582
          ],
          [
            -95.8295942188093,
            30.2561428417789
          ],
          [
            -95.8295419330539,
            30.2558105272258
          ]
        ],
        "type": "LineString"
      },
      "id": 3934,
      "properties": {
        "COMM_PCT": null,
        "Country_L": null,
        "Country_R": null,
        "County_L": null,
        "County_R": null,
        "DiscrpAgID": null,
        "FromAddr_L": null,
        "FromAddr_R": null,
        "IncMuni_L": null,
        "IncMuni_R": null,
        "LSt_Name": null,
        "LSt_PosDir": null,
        "LSt_PreDir": null,
        "LSt_Type": null,
        "MAP_NAME": null,
        "MSAGComm_L": null,
        "MSAGComm_R": null,
        "OBJECTID": null,
        "OBJECTID_1": 3934,
        "PostCode_L": null,
        "PostCode_R": null,
        "RD_CLASS": null,
        "RD_NAME": null,
        "ROAD_NAME": null,
        "RoadClass": null,
        "STREET": "FM 1774",
        "SUBDIVISIO": null,
        "SURFACE_TY": null,
        "Shape_Leng": null,
        "Shape__Length": 136.47995464319655,
        "St_Name": null,
        "St_PosDir": null,
        "St_PosMod": null,
        "St_PosTyp": null,
        "St_PreDir": null,
        "St_PreMod": null,
        "St_PreSep": null,
        "St_PreTyp": null,
        "State_L": null,
        "State_R": null,
        "ToAddr_L": null,
        "ToAddr_R": null
      },
      "type": "Feature"
    },
    {
      "geometry": {
        "coordinates": [
          [
            -95.8283840962636,
            30.2578993551284
          ],
          [
            -95.8282618663034,
            30.2579033535786
          ],
          [
            -95.8280730727555,
            30.2579072458051
          ],
          [
            -95.8277678057601,
            30.2579106100877
          ],
          [
            -95.8267531419725,
            30.2579164867351
          ],
          [
            -95.8266674296455,
            30.2579191459006
          ],
          [
            -95.8261312948736,
            30.2579279247233
          ],
          [
            -95.8246488111941,
            30.2579391198908
          ],
          [
            -95.8237518135417,
            30.2579538441632
          ],
          [
            -95.8235310002466,
            30.2579645580526
          ],
          [
            -95.8221473256751,
            30.2579641524287
          ],
          [
            -95.8217605374998,
            30.2579652755202
          ],
          [
            -95.8216034579845,
            30.2579688146197
          ],
          [
            -95.8214758659723,
            30.2579688339179
          ],
          [
            -95.821318559701,
            30.2579772228552
          ],
          [
            -95.8211409399963,
            30.2579963339882
          ]
        ],
        "type": "LineString"
      },
      "id": 1223,
      "properties": {
        "COMM_PCT": null,
        "Country_L": null,
        "Country_R": null,
        "County_L": null,
        "County_R": null,
        "DiscrpAgID": null,
        "FromAddr_L": null,
        "FromAddr_R": null,
        "IncMuni_L": null,
        "IncMuni_R": null,
        "LSt_Name": null,
        "LSt_PosDir": null,
        "LSt_PreDir": null,
        "LSt_Type": null,
        "MAP_NAME": null,
        "MSAGComm_L": null,
        "MSAGComm_R": null,
        "OBJECTID": null,
        "OBJECTID_1": 1223,
        "PostCode_L": null,
        "PostCode_R": null,
        "RD_CLASS": null,
        "RD_NAME": null,
        "ROAD_NAME": null,
        "RoadClass": null,
        "STREET": "GREENWAY",
        "SUBDIVISIO": null,
        "SURFACE_TY": null,
        "Shape_Leng": null,
        "Shape__Length": 2287.6513523877406,
        "St_Name": null,
        "St_PosDir": null,
        "St_PosMod": null,
        "St_PosTyp": null,
        "St_PreDir": null,
        "St_PreMod": null,
        "St_PreSep": null,
        "St_PreTyp": null,
        "State_L": null,
        "State_R": null,
        "ToAddr_L": null,
        "ToAddr_R": null
      },
      "type": "Feature"
    },
    {
      "geometry": {
        "coordinates": [
          [
            -95.8364035005645,
            30.2558702780395
          ],
          [
            -95.8362906109555,
            30.2558085381358
          ],
          [
            -95.8361775646413,
            30.2557544053185
          ],
          [
            -95.8359703402852,
            30.2557136856929
          ],
          [
            -95.8357238772876,
            30.2556883091105
          ],
          [
            -95.835412898504,
            30.2556893311805
          ],
          [
            -95.8350712560466,
            30.2556988310732
          ],
          [
            -95.8347269774434,
            30.2557058476571
          ],
          [
            -95.8343878598026,
            30.2557202122187
          ],
          [
            -95.8340573164425,
            30.2557277095129
          ],
          [
            -95.8337022719064,
            30.2557295682277
          ],
          [
            -95.8332753574214,
            30.255738456234
          ],
          [
            -95.8329942618124,
            30.2557476891662
          ],
          [
            -95.8328040436499,
            30.2557553372754
          ]
        ],
        "type": "LineString"
      },
      "id": 3937,
      "properties": {
        "COMM_PCT": null,
        "Country_L": null,
        "Country_R": null,
        "County_L": null,
        "County_R": null,
        "DiscrpAgID": null,
        "FromAddr_L": null,
        "FromAddr_R": null,
        "IncMuni_L": null,
        "IncMuni_R": null,
        "LSt_Name": null,
        "LSt_PosDir": null,
        "LSt_PreDir": null,
        "LSt_Type": null,
        "MAP_NAME": null,
        "MSAGComm_L": null,
        "MSAGComm_R": null,
        "OBJECTID": null,
        "OBJECTID_1": 3937,
        "PostCode_L": null,
        "PostCode_R": null,
        "RD_CLASS": null,
        "RD_NAME": null,
        "ROAD_NAME": null,
        "RoadClass": null,
        "STREET": "RENFEST",
        "SUBDIVISIO": null,
        "SURFACE_TY": null,
        "Shape_Leng": null,
        "Shape__Length": 1150.6268280769964,
        "St_Name": null,
        "St_PosDir": null,
        "St_PosMod": null,
        "St_PosTyp": null,
        "St_PreDir": null,
        "St_PreMod": null,
        "St_PreSep": null,
        "St_PreTyp": null,
        "State_L": null,
        "State_R": null,
        "ToAddr_L": null,
        "ToAddr_R": null
      },
      "type": "Feature"
    },
    {
      "geometry": {
        "coordinates": [
          [
            -95.8301184403375,
            30.2687717442936
          ],
          [
            -95.8298555061653,
            30.2689601136365
          ],
          [
            -95.8297585138409,
            30.269034399694
          ],
          [
            -95.8296553083399,
            30.2691059744892
          ],
          [
            -95.8295728763545,
            30.2691569934626
          ],
          [
            -95.8294779569502,
            30.269220818815
          ],
          [
            -95.8293882931485,
            30.2692569646551
          ],
          [
            -95.8292322041482,
            30.269272888548
          ],
          [
            -95.8291122433713,
            30.2692958870581
          ],
          [
            -95.8290160272675,
            30.2692686397632
          ],
          [
            -95.8288884935447,
            30.2692500949532
          ],
          [
            -95.8287620728204,
            30.2692247086361
          ],
          [
            -95.828623013576,
            30.2692153887889
          ],
          [
            -95.8284707974355,
            30.2691823020272
          ],
          [
            -95.8283797588408,
            30.269162975459
          ],
          [
            -95.8282652174681,
            30.2691377924808
          ],
          [
            -95.8281687202875,
            30.2691165962986
          ],
          [
            -95.8280777108781,
            30.2690966692486
          ],
          [
            -95.8279608138907,
            30.2690710158205
          ],
          [
            -95.8278784414407,
            30.2690528107834
          ],
          [
            -95.8277733145171,
            30.2690297208488
          ],
          [
            -95.8276574190773,
            30.2690165705519
          ],
          [
            -95.8275414258101,
            30.2689885406568
          ],
          [
            -95.8274182319565,
            30.2689619339163
          ],
          [
            -95.8272995863942,
            30.268939787277
          ],
          [
            -95.8272019365003,
            30.2689262898261
          ],
          [
            -95.827122567092,
            30.2689117164254
          ],
          [
            -95.8270372112733,
            30.2688895363178
          ],
          [
            -95.8269854583129,
            30.2688776109911
          ]
        ],
        "type": "LineString"
      },
      "id": 2065,
      "properties": {
        "COMM_PCT": null,
        "Country_L": null,
        "Country_R": null,
        "County_L": null,
        "County_R": null,
        "DiscrpAgID": null,
        "FromAddr_L": null,
        "FromAddr_R": null,
        "IncMuni_L": null,
        "IncMuni_R": null,
        "LSt_Name": null,
        "LSt_PosDir": null,
        "LSt_PreDir": null,
        "LSt_Type": null,
        "MAP_NAME": null,
        "MSAGComm_L": null,
        "MSAGComm_R": null,
        "OBJECTID": null,
        "OBJECTID_1": 2065,
        "PostCode_L": null,
        "PostCode_R": null,
        "RD_CLASS": null,
        "RD_NAME": null,
        "ROAD_NAME": null,
        "RoadClass": null,
        "STREET": "LARGENT",
        "SUBDIVISIO": null,
        "SURFACE_TY": null,
        "Shape_Leng": null,
        "Shape__Length": 1069.1561695080263,
        "St_Name": null,
        "St_PosDir": null,
        "St_PosMod": null,
        "St_PosTyp": null,
        "St_PreDir": null,
        "St_PreMod": null,
        "St_PreSep": null,
        "St_PreTyp": null,
        "State_L": null,
        "State_R": null,
        "ToAddr_L": null,
        "ToAddr_R": null
      },
      "type": "Feature"
    },
    {
      "geometry": {
        "coordinates": [
          [
            -95.8280192693584,
            30.2672321816167
          ],
          [
            -95.8278462285371,
            30.2670924433543
          ],
          [
            -95.8276196184957,
            30.2669418633538
          ],
          [
            -95.8274232616138,
            30.2667887629593
          ],
          [
            -95.8271906249175,
            30.2666396665715
          ],
          [
            -95.8271291729783,
            30.2665941990994
          ],
          [
            -95.8271288763328,
            30.2665939810103
          ]
        ],
        "type": "LineString"
      },
      "id": 1667,
      "properties": {
        "COMM_PCT": null,
        "Country_L": null,
        "Country_R": null,
        "County_L": null,
        "County_R": null,
        "DiscrpAgID": null,
        "FromAddr_L": null,
        "FromAddr_R": null,
        "IncMuni_L": null,
        "IncMuni_R": null,
        "LSt_Name": null,
        "LSt_PosDir": null,
        "LSt_PreDir": null,
        "LSt_Type": null,
        "MAP_NAME": null,
        "MSAGComm_L": null,
        "MSAGComm_R": null,
        "OBJECTID": null,
        "OBJECTID_1": 1667,
        "PostCode_L": null,
        "PostCode_R": null,
        "RD_CLASS": null,
        "RD_NAME": null,
        "ROAD_NAME": null,
        "RoadClass": null,
        "STREET": "WILDWOOD",
        "SUBDIVISIO": null,
        "SURFACE_TY": null,
        "Shape_Leng": null,
        "Shape__Length": 364.936063489198,
        "St_Name": null,
        "St_PosDir": null,
        "St_PosMod": null,
        "St_PosTyp": null,
        "St_PreDir": null,
        "St_PreMod": null,
        "St_PreSep": null,
        "St_PreTyp": null,
        "State_L": null,
        "State_R": null,
        "ToAddr_L": null,
        "ToAddr_R": null
      },
      "type": "Feature"
    },
    {
      "geometry": {
        "coordinates": [
          [
            -95.8300648642213,
            30.2592602075262
          ],
          [
            -95.8298703258793,
            30.2579978040268
          ],
          [
            -95.8298271206138,
            30.2577656526341
          ]
        ],
        "type": "LineString"
      },
      "id": 1226,
      "properties": {
        "COMM_PCT": null,
        "Country_L": null,
        "Country_R": null,
        "County_L": null,
        "County_R": null,
        "DiscrpAgID": null,
        "FromAddr_L": null,
        "FromAddr_R": null,
        "IncMuni_L": null,
        "IncMuni_R": null,
        "LSt_Name": null,
        "LSt_PosDir": null,
        "LSt_PreDir": null,
        "LSt_Type": null,
        "MAP_NAME": null,
        "MSAGComm_L": null,
        "MSAGComm_R": null,
        "OBJECTID": null,
        "OBJECTID_1": 1226,
        "PostCode_L": null,
        "PostCode_R": null,
        "RD_CLASS": null,
        "RD_NAME": null,
        "ROAD_NAME": null,
        "RoadClass": null,
        "STREET": "FM 1774",
        "SUBDIVISIO": null,
        "SURFACE_TY": null,
        "Shape_Leng": null,
        "Shape__Length": 548.7394817279516,
        "St_Name": null,
        "St_PosDir": null,
        "St_PosMod": null,
        "St_PosTyp": null,
        "St_PreDir": null,
        "St_PreMod": null,
        "St_PreSep": null,
        "St_PreTyp": null,
        "State_L": null,
        "State_R": null,
        "ToAddr_L": null,
        "ToAddr_R": null
      },
      "type": "Feature"
    },
    {
      "geometry": {
        "coordinates": [
          [
            -95.84127218552,
            30.26323643719
          ],
          [
            -95.8410762362315,
            30.2632486748621
          ],
          [
            -95.8406643589301,
            30.2632294502067
          ],
          [
            -95.8402170983848,
            30.2632018171711
          ],
          [
            -95.8395855449954,
            30.2631724944437
          ],
          [
            -95.8394045546708,
            30.2631589774509
          ],
          [
            -95.8384821180643,
            30.2631122759793
          ],
          [
            -95.8377779403206,
            30.2630962403069
          ],
          [
            -95.837451231405,
            30.2630799955538
          ],
          [
            -95.8372794113572,
            30.2630510339642
          ]
        ],
        "type": "LineString"
      },
      "id": 3931,
      "properties": {
        "COMM_PCT": null,
        "Country_L": null,
        "Country_R": null,
        "County_L": null,
        "County_R": null,
        "DiscrpAgID": null,
        "FromAddr_L": null,
        "FromAddr_R": null,
        "IncMuni_L": null,
        "IncMuni_R": null,
        "LSt_Name": null,
        "LSt_PosDir": null,
        "LSt_PreDir": null,
        "LSt_Type": null,
        "MAP_NAME": null,
        "MSAGComm_L": null,
        "MSAGComm_R": null,
        "OBJECTID": null,
        "OBJECTID_1": 3931,
        "PostCode_L": null,
        "PostCode_R": null,
        "RD_CLASS": null,
        "RD_NAME": null,
        "ROAD_NAME": null,
        "RoadClass": null,
        "STREET": "DEERWOOD",
        "SUBDIVISIO": null,
        "SURFACE_TY": null,
        "Shape_Leng": null,
        "Shape__Length": 1263.4952737041713,
        "St_Name": null,
        "St_PosDir": null,
        "St_PosMod": null,
        "St_PosTyp": null,
        "St_PreDir": null,
        "St_PreMod": null,
        "St_PreSep": null,
        "St_PreTyp": null,
        "State_L": null,
        "State_R": null,
        "ToAddr_L": null,
        "ToAddr_R": null
      },
      "type": "Feature"
    },
    {
      "geometry": {
        "coordinates": [
          [
            -95.8303957927884,
            30.2613283695191
          ],
          [
            -95.8301710853604,
            30.2613317057063
          ],
          [
            -95.8300116991281,
            30.2613336267301
          ],
          [
            -95.8298483188506,
            30.2613362223765
          ],
          [
            -95.8296477315405,
            30.2613379401229
          ],
          [
            -95.8294186365781,
            30.2613391705824
          ],
          [
            -95.82918547834,
            30.2613425364956
          ],
          [
            -95.8289577132966,
            30.2613492317259
          ],
          [
            -95.8287627154693,
            30.2613500269559
          ],
          [
            -95.8285938517474,
            30.2613512680019
          ],
          [
            -95.8284455475346,
            30.2613534892845
          ]
        ],
        "type": "LineString"
      },
      "id": 628,
      "properties": {
        "COMM_PCT": null,
        "Country_L": null,
        "Country_R": null,
        "County_L": null,
        "County_R": null,
        "DiscrpAgID": null,
        "FromAddr_L": null,
        "FromAddr_R": null,
        "IncMuni_L": null,
        "IncMuni_R": null,
        "LSt_Name": null,
        "LSt_PosDir": null,
        "LSt_PreDir": null,
        "LSt_Type": null,
        "MAP_NAME": null,
        "MSAGComm_L": null,
        "MSAGComm_R": null,
        "OBJECTID": null,
        "OBJECTID_1": 628,
        "PostCode_L": null,
        "PostCode_R": null,
        "RD_CLASS": null,
        "RD_NAME": null,
        "ROAD_NAME": null,
        "RoadClass": null,
        "STREET": "GREENBRIAR",
        "SUBDIVISIO": null,
        "SURFACE_TY": null,
        "Shape_Leng": null,
        "Shape__Length": 615.8039649901228,
        "St_Name": null,
        "St_PosDir": null,
        "St_PosMod": null,
        "St_PosTyp": null,
        "St_PreDir": null,
        "St_PreMod": null,
        "St_PreSep": null,
        "St_PreTyp": null,
        "State_L": null,
        "State_R": null,
        "ToAddr_L": null,
        "ToAddr_R": null
      },
      "type": "Feature"
    },
    {
      "geometry": {
        "coordinates": [
          [
            -95.8429801196147,
            30.2687620231134
          ],
          [
            -95.8429813387349,
            30.2687571923638
          ],
          [
            -95.8430050780834,
            30.2686597106783
          ],
          [
            -95.8430297545345,
            30.2686074738751
          ],
          [
            -95.8430548729555,
            30.26858219759
          ],
          [
            -95.8431090140142,
            30.2685719127649
          ],
          [
            -95.8431621328841,
            30.2685658922735
          ],
          [
            -95.8432786069278,
            30.2685654412903
          ],
          [
            -95.8436313227518,
            30.2685804604533
          ],
          [
            -95.8437611579143,
            30.2685834783797
          ],
          [
            -95.8439015553962,
            30.2685818014971
          ],
          [
            -95.8440385990243,
            30.2685829754232
          ],
          [
            -95.844180085951,
            30.2685851120624
          ],
          [
            -95.8443042217156,
            30.268589261363
          ],
          [
            -95.8444111751608,
            30.2685965117877
          ],
          [
            -95.8445104166914,
            30.2685962601743
          ],
          [
            -95.8445919727161,
            30.2685932011421
          ],
          [
            -95.8446637213438,
            30.2685920689891
          ],
          [
            -95.8447178682963,
            30.2685880042071
          ],
          [
            -95.8447767930799,
            30.2685811310996
          ],
          [
            -95.8448479562263,
            30.2685860345213
          ],
          [
            -95.8449346250303,
            30.2685871657177
          ],
          [
            -95.8450343697333,
            30.26858984838
          ],
          [
            -95.8451310124599,
            30.2685877528252
          ],
          [
            -95.8452274889536,
            30.2685877107317
          ],
          [
            -95.8453253052621,
            30.2685804188271
          ],
          [
            -95.8455129860979,
            30.2685750964053
          ],
          [
            -95.8455949774158,
            30.2685636366967
          ],
          [
            -95.8456538103974,
            30.2685293897366
          ],
          [
            -95.8457082137209,
            30.2684720547347
          ],
          [
            -95.8457426773104,
            30.2683700676708
          ],
          [
            -95.8457666288378,
            30.2682810904596
          ],
          [
            -95.8457765847362,
            30.2682327089498
          ],
          [
            -95.8458322039023,
            30.2681166530199
          ],
          [
            -95.8458634837045,
            30.2678878320917
          ],
          [
            -95.8458506834612,
            30.2674577045757
          ],
          [
            -95.8458494254322,
            30.2673212472153
          ],
          [
            -95.8458213660725,
            30.267092098831
          ],
          [
            -95.8458439067332,
            30.2669328427623
          ],
          [
            -95.8458442370639,
            30.2667333936443
          ],
          [
            -95.8458545129831,
            30.2666011783234
          ],
          [
            -95.8458739010959,
            30.266477776089
          ],
          [
            -95.8458807740548,
            30.2663332298523
          ],
          [
            -95.8458790138067,
            30.2661832359146
          ],
          [
            -95.8458755770931,
            30.2660365941386
          ],
          [
            -95.8458759965558,
            30.2659030701788
          ],
          [
            -95.8458496040196,
            30.2657095264762
          ],
          [
            -95.8458437590656,
            30.2655984838243
          ],
          [
            -95.8458373137276,
            30.2654530222719
          ],
          [
            -95.8458100627821,
            30.2652342143554
          ],
          [
            -95.8458025529629,
            30.2651116474168
          ],
          [
            -95.845800503186,
            30.2649663398691
          ],
          [
            -95.8457928953398,
            30.2646564916331
          ],
          [
            -95.845789801621,
            30.2644863052129
          ],
          [
            -95.8457782709078,
            30.264308178015
          ],
          [
            -95.8457721805777,
            30.2641550855366
          ],
          [
            -95.8457677562631,
            30.2640135164828
          ],
          [
            -95.8457613307495,
            30.2638202805194
          ],
          [
            -95.8457444082421,
            30.2637107610358
          ],
          [
            -95.845738446635,
            30.2632067254988
          ],
          [
            -95.8457307101232,
            30.2629943342857
          ],
          [
            -95.8457232760005,
            30.2626709162924
          ],
          [
            -95.845722173565,
            30.2625466634715
          ],
          [
            -95.8457255595283,
            30.2623998734543
          ],
          [
            -95.8457358628521,
            30.2622670623821
          ],
          [
            -95.8457002140057,
            30.2619872060023
          ],
          [
            -95.8456969196641,
            30.2618509319317
          ],
          [
            -95.8456928060437,
            30.2617026856053
          ],
          [
            -95.8456927695356,
            30.2615259172545
          ],
          [
            -95.8456881445421,
            30.2614182614443
          ],
          [
            -95.8456882925955,
            30.2613263006644
          ],
          [
            -95.8456846522062,
            30.2612270395684
          ],
          [
            -95.8456855640967,
            30.2611482435488
          ],
          [
            -95.8456496658786,
            30.2610621846134
          ],
          [
            -95.8455618456047,
            30.2609683350146
          ],
          [
            -95.8454228709493,
            30.2608856620306
          ],
          [
            -95.8452388034977,
            30.2608481112825
          ],
          [
            -95.8451284983215,
            30.2608385562388
          ],
          [
            -95.844995071152,
            30.2608481469865
          ],
          [
            -95.8448653388384,
            30.2608567385445
          ],
          [
            -95.8447700038601,
            30.2608653419238
          ],
          [
            -95.844665274715,
            30.2608688373116
          ],
          [
            -95.8445496122677,
            30.260870755884
          ],
          [
            -95.8444160925479,
            30.2608720475748
          ],
          [
            -95.8443100721282,
            30.2608588293435
          ],
          [
            -95.8442155964644,
            30.2608638258261
          ],
          [
            -95.8442271665374,
            30.2607925691224
          ],
          [
            -95.8442635297259,
            30.2606911276342
          ],
          [
            -95.8442862548238,
            30.2606166785745
          ],
          [
            -95.8443040396377,
            30.2605301128011
          ],
          [
            -95.8443388198924,
            30.2604035342622
          ],
          [
            -95.8443588224004,
            30.2602988911808
          ],
          [
            -95.8443961488767,
            30.2601915121066
          ],
          [
            -95.8444277666004,
            30.2600737796995
          ],
          [
            -95.8444778105339,
            30.2599381299905
          ],
          [
            -95.8445121759618,
            30.2597899375527
          ],
          [
            -95.8445455362052,
            30.2596479484444
          ],
          [
            -95.8445830868104,
            30.2595103594337
          ],
          [
            -95.8446105799454,
            30.2593699622244
          ],
          [
            -95.8446495554272,
            30.2592274702113
          ],
          [
            -95.8446902078706,
            30.2590874926653
          ],
          [
            -95.8447319498847,
            30.2589407667172
          ],
          [
            -95.8447804813135,
            30.258801166406
          ],
          [
            -95.8448137570656,
            30.258656997577
          ],
          [
            -95.8448561696402,
            30.2585176486652
          ],
          [
            -95.8449005933796,
            30.2583799339315
          ],
          [
            -95.8449374740139,
            30.2582429316982
          ],
          [
            -95.8449746900816,
            30.2581061389348
          ],
          [
            -95.8450161798139,
            30.2579708131671
          ],
          [
            -95.8450459360584,
            30.2578447491225
          ],
          [
            -95.8450753567964,
            30.257723505268
          ],
          [
            -95.8451056987342,
            30.2576045236855
          ],
          [
            -95.8451329405994,
            30.257489272296
          ],
          [
            -95.8451631990556,
            30.2573855465252
          ],
          [
            -95.8451795913721,
            30.2572825563545
          ],
          [
            -95.8452204542479,
            30.2571139094756
          ],
          [
            -95.84524425146,
            30.2569123043841
          ],
          [
            -95.8452481916326,
            30.2568766389029
          ]
        ],
        "type": "LineString"
      },
      "id": 3900,
      "properties": {
        "COMM_PCT": null,
        "Country_L": null,
        "Country_R": null,
        "County_L": null,
        "County_R": null,
        "DiscrpAgID": null,
        "FromAddr_L": null,
        "FromAddr_R": null,
        "IncMuni_L": null,
        "IncMuni_R": null,
        "LSt_Name": null,
        "LSt_PosDir": null,
        "LSt_PreDir": null,
        "LSt_Type": null,
        "MAP_NAME": null,
        "MSAGComm_L": null,
        "MSAGComm_R": null,
        "OBJECTID": null,
        "OBJECTID_1": 3900,
        "PostCode_L": null,
        "PostCode_R": null,
        "RD_CLASS": null,
        "RD_NAME": null,
        "ROAD_NAME": null,
        "RoadClass": null,
        "STREET": "BRUCE CARRAGE",
        "SUBDIVISIO": null,
        "SURFACE_TY": null,
        "Shape_Leng": null,
        "Shape__Length": 5600.531583817631,
        "St_Name": null,
        "St_PosDir": null,
        "St_PosMod": null,
        "St_PosTyp": null,
        "St_PreDir": null,
        "St_PreMod": null,
        "St_PreSep": null,
        "St_PreTyp": null,
        "State_L": null,
        "State_R": null,
        "ToAddr_L": null,
        "ToAddr_R": null
      },
      "type": "Feature"
    },
    {
      "geometry": {
        "coordinates": [
          [
            -95.8253755116777,
            30.2473110526258
          ],
          [
            -95.8253089665492,
            30.2473672409534
          ],
          [
            -95.8252596505607,
            30.2474049642524
          ],
          [
            -95.8252170788548,
            30.2474405143838
          ],
          [
            -95.8251677418052,
            30.2474734545825
          ],
          [
            -95.825122260282,
            30.2475074044412
          ]
        ],
        "type": "LineString"
      },
      "id": 2786,
      "properties": {
        "COMM_PCT": null,
        "Country_L": null,
        "Country_R": null,
        "County_L": null,
        "County_R": null,
        "DiscrpAgID": null,
        "FromAddr_L": null,
        "FromAddr_R": null,
        "IncMuni_L": null,
        "IncMuni_R": null,
        "LSt_Name": null,
        "LSt_PosDir": null,
        "LSt_PreDir": null,
        "LSt_Type": null,
        "MAP_NAME": null,
        "MSAGComm_L": null,
        "MSAGComm_R": null,
        "OBJECTID": null,
        "OBJECTID_1": 2786,
        "PostCode_L": null,
        "PostCode_R": null,
        "RD_CLASS": null,
        "RD_NAME": null,
        "ROAD_NAME": null,
        "RoadClass": null,
        "STREET": "VILLAGE",
        "SUBDIVISIO": null,
        "SURFACE_TY": null,
        "Shape_Leng": null,
        "Shape__Length": 107.3065704360718,
        "St_Name": null,
        "St_PosDir": null,
        "St_PosMod": null,
        "St_PosTyp": null,
        "St_PreDir": null,
        "St_PreMod": null,
        "St_PreSep": null,
        "St_PreTyp": null,
        "State_L": null,
        "State_R": null,
        "ToAddr_L": null,
        "ToAddr_R": null
      },
      "type": "Feature"
    },
    {
      "geometry": {
        "coordinates": [
          [
            -95.8623044012108,
            30.2860820420391
          ],
          [
            -95.8622719504313,
            30.2859783176653
          ],
          [
            -95.8622568324443,
            30.2858769189917
          ],
          [
            -95.8622560425727,
            30.2857742147197
          ],
          [
            -95.8622714441906,
            30.2856642498335
          ],
          [
            -95.862300906387,
            30.285558773382
          ],
          [
            -95.8623319214523,
            30.2854539975458
          ],
          [
            -95.8623624461248,
            30.2853597812076
          ],
          [
            -95.8623867118158,
            30.285280911165
          ],
          [
            -95.8624063918137,
            30.285215468626
          ],
          [
            -95.8624204552359,
            30.2851514641872
          ],
          [
            -95.8624520150723,
            30.2850349254553
          ],
          [
            -95.8624754299789,
            30.2849230896852
          ],
          [
            -95.862496313389,
            30.2848145638071
          ],
          [
            -95.8625111186342,
            30.2847345465344
          ],
          [
            -95.8625324513288,
            30.2846334304857
          ],
          [
            -95.8625549592404,
            30.284524057568
          ],
          [
            -95.8625693188174,
            30.2844536569991
          ],
          [
            -95.8625809830185,
            30.2843901267712
          ],
          [
            -95.8625880512384,
            30.2842889002252
          ]
        ],
        "type": "LineString"
      },
      "id": 468,
      "properties": {
        "COMM_PCT": null,
        "Country_L": null,
        "Country_R": null,
        "County_L": null,
        "County_R": null,
        "DiscrpAgID": null,
        "FromAddr_L": null,
        "FromAddr_R": null,
        "IncMuni_L": null,
        "IncMuni_R": null,
        "LSt_Name": null,
        "LSt_PosDir": null,
        "LSt_PreDir": null,
        "LSt_Type": null,
        "MAP_NAME": null,
        "MSAGComm_L": null,
        "MSAGComm_R": null,
        "OBJECTID": null,
        "OBJECTID_1": 468,
        "PostCode_L": null,
        "PostCode_R": null,
        "RD_CLASS": null,
        "RD_NAME": null,
        "ROAD_NAME": null,
        "RoadClass": null,
        "STREET": "EMERY",
        "SUBDIVISIO": null,
        "SURFACE_TY": null,
        "Shape_Leng": null,
        "Shape__Length": 664.7517991881067,
        "St_Name": null,
        "St_PosDir": null,
        "St_PosMod": null,
        "St_PosTyp": null,
        "St_PreDir": null,
        "St_PreMod": null,
        "St_PreSep": null,
        "St_PreTyp": null,
        "State_L": null,
        "State_R": null,
        "ToAddr_L": null,
        "ToAddr_R": null
      },
      "type": "Feature"
    },
    {
      "geometry": {
        "coordinates": [
          [
            -95.8253755116777,
            30.2473110526258
          ],
          [
            -95.8236462792499,
            30.2456273403366
          ],
          [
            -95.8223619443248,
            30.2442707821098
          ]
        ],
        "type": "LineString"
      },
      "id": 3562,
      "properties": {
        "COMM_PCT": null,
        "Country_L": null,
        "Country_R": null,
        "County_L": null,
        "County_R": null,
        "DiscrpAgID": null,
        "FromAddr_L": null,
        "FromAddr_R": null,
        "IncMuni_L": null,
        "IncMuni_R": null,
        "LSt_Name": null,
        "LSt_PosDir": null,
        "LSt_PreDir": null,
        "LSt_Type": null,
        "MAP_NAME": null,
        "MSAGComm_L": null,
        "MSAGComm_R": null,
        "OBJECTID": null,
        "OBJECTID_1": 3562,
        "PostCode_L": null,
        "PostCode_R": null,
        "RD_CLASS": null,
        "RD_NAME": null,
        "ROAD_NAME": null,
        "RoadClass": null,
        "STREET": "FM 1774",
        "SUBDIVISIO": null,
        "SURFACE_TY": null,
        "Shape_Leng": null,
        "Shape__Length": 1459.0896392267239,
        "St_Name": null,
        "St_PosDir": null,
        "St_PosMod": null,
        "St_PosTyp": null,
        "St_PreDir": null,
        "St_PreMod": null,
        "St_PreSep": null,
        "St_PreTyp": null,
        "State_L": null,
        "State_R": null,
        "ToAddr_L": null,
        "ToAddr_R": null
      },
      "type": "Feature"
    },
    {
      "geometry": {
        "coordinates": [
          [
            -95.8641682364564,
            30.2492525626543
          ],
          [
            -95.8641527379775,
            30.2492450131552
          ],
          [
            -95.8640788871815,
            30.2492141864712
          ],
          [
            -95.8640025824812,
            30.2491849948849
          ],
          [
            -95.8639238081302,
            30.2491578233483
          ],
          [
            -95.863842526281,
            30.2491334442562
          ],
          [
            -95.8637578970528,
            30.2491129053601
          ],
          [
            -95.863672311791,
            30.2490959010001
          ],
          [
            -95.8635858181521,
            30.2490814018129
          ],
          [
            -95.8634975693701,
            30.2490705817061
          ],
          [
            -95.8634075733242,
            30.2490632703177
          ],
          [
            -95.8633150797852,
            30.2490585792599
          ],
          [
            -95.8632208081228,
            30.2490580404521
          ],
          [
            -95.8631240248929,
            30.249060380585
          ],
          [
            -95.8630263939271,
            30.2490639378531
          ],
          [
            -95.862927971875,
            30.2490674665288
          ],
          [
            -95.8628288341711,
            30.2490693378396
          ],
          [
            -95.8627320340492,
            30.2490720643991
          ],
          [
            -95.8626368062695,
            30.2490750597466
          ],
          [
            -95.862546366958,
            30.2490773193708
          ],
          [
            -95.8624598891751,
            30.2490795890351
          ],
          [
            -95.8623805553574,
            30.2490815916401
          ],
          [
            -95.8623083068406,
            30.2490846161902
          ],
          [
            -95.862246355798,
            30.2490876986792
          ],
          [
            -95.8621970955393,
            30.249090536273
          ],
          [
            -95.8621526346583,
            30.2490923803829
          ],
          [
            -95.8621137175511,
            30.2490942898356
          ],
          [
            -95.8620484906567,
            30.2490996656876
          ]
        ],
        "type": "LineString"
      },
      "id": 516,
      "properties": {
        "COMM_PCT": null,
        "Country_L": null,
        "Country_R": null,
        "County_L": null,
        "County_R": null,
        "DiscrpAgID": null,
        "FromAddr_L": null,
        "FromAddr_R": null,
        "IncMuni_L": null,
        "IncMuni_R": null,
        "LSt_Name": null,
        "LSt_PosDir": null,
        "LSt_PreDir": null,
        "LSt_Type": null,
        "MAP_NAME": null,
        "MSAGComm_L": null,
        "MSAGComm_R": null,
        "OBJECTID": null,
        "OBJECTID_1": 516,
        "PostCode_L": null,
        "PostCode_R": null,
        "RD_CLASS": null,
        "RD_NAME": null,
        "ROAD_NAME": null,
        "RoadClass": null,
        "STREET": "SADDLE RIDGE",
        "SUBDIVISIO": null,
        "SURFACE_TY": null,
        "Shape_Leng": null,
        "Shape__Length": 681.2436879725165,
        "St_Name": null,
        "St_PosDir": null,
        "St_PosMod": null,
        "St_PosTyp": null,
        "St_PreDir": null,
        "St_PreMod": null,
        "St_PreSep": null,
        "St_PreTyp": null,
        "State_L": null,
        "State_R": null,
        "ToAddr_L": null,
        "ToAddr_R": null
      },
      "type": "Feature"
    },
    {
      "geometry": {
        "coordinates": [
          [
            -95.8235805537156,
            30.2602789297911
          ],
          [
            -95.8221561352084,
            30.2603017725536
          ],
          [
            -95.8220631593067,
            30.2603071396016
          ],
          [
            -95.8219900778276,
            30.2603108003829
          ],
          [
            -95.8218444090869,
            30.2603244581981
          ],
          [
            -95.8217732175777,
            30.2603385482141
          ],
          [
            -95.8216839589939,
            30.2603830882928
          ]
        ],
        "type": "LineString"
      },
      "id": 1046,
      "properties": {
        "COMM_PCT": null,
        "Country_L": null,
        "Country_R": null,
        "County_L": null,
        "County_R": null,
        "DiscrpAgID": null,
        "FromAddr_L": null,
        "FromAddr_R": null,
        "IncMuni_L": null,
        "IncMuni_R": null,
        "LSt_Name": null,
        "LSt_PosDir": null,
        "LSt_PreDir": null,
        "LSt_Type": null,
        "MAP_NAME": null,
        "MSAGComm_L": null,
        "MSAGComm_R": null,
        "OBJECTID": null,
        "OBJECTID_1": 1046,
        "PostCode_L": null,
        "PostCode_R": null,
        "RD_CLASS": null,
        "RD_NAME": null,
        "ROAD_NAME": null,
        "RoadClass": null,
        "STREET": "WOODWAY",
        "SUBDIVISIO": null,
        "SURFACE_TY": null,
        "Shape_Leng": null,
        "Shape__Length": 604.1312393027632,
        "St_Name": null,
        "St_PosDir": null,
        "St_PosMod": null,
        "St_PosTyp": null,
        "St_PreDir": null,
        "St_PreMod": null,
        "St_PreSep": null,
        "St_PreTyp": null,
        "State_L": null,
        "State_R": null,
        "ToAddr_L": null,
        "ToAddr_R": null
      },
      "type": "Feature"
    },
    {
      "geometry": {
        "coordinates": [
          [
            -95.8342212417307,
            30.2611487923613
          ],
          [
            -95.8340391641367,
            30.2612011210249
          ],
          [
            -95.8339052174504,
            30.2612174370412
          ],
          [
            -95.8337691625603,
            30.2612317675528
          ],
          [
            -95.8333595918365,
            30.2612517759171
          ],
          [
            -95.8331984424307,
            30.2612554292703
          ],
          [
            -95.8330116769256,
            30.2612596169355
          ],
          [
            -95.8328288991542,
            30.2612668100537
          ],
          [
            -95.8326336394545,
            30.261270220187
          ],
          [
            -95.8324330154251,
            30.2612765472617
          ],
          [
            -95.8322106798826,
            30.2612763770876
          ],
          [
            -95.8319031953516,
            30.2612846807838
          ],
          [
            -95.8312583014285,
            30.2612891499558
          ],
          [
            -95.8307902276834,
            30.2613185596681
          ],
          [
            -95.8304573949526,
            30.2613271966392
          ],
          [
            -95.8303957927884,
            30.2613283695191
          ]
        ],
        "type": "LineString"
      },
      "id": 994,
      "properties": {
        "COMM_PCT": null,
        "Country_L": null,
        "Country_R": null,
        "County_L": null,
        "County_R": null,
        "DiscrpAgID": null,
        "FromAddr_L": null,
        "FromAddr_R": null,
        "IncMuni_L": null,
        "IncMuni_R": null,
        "LSt_Name": null,
        "LSt_PosDir": null,
        "LSt_PreDir": null,
        "LSt_Type": null,
        "MAP_NAME": null,
        "MSAGComm_L": null,
        "MSAGComm_R": null,
        "OBJECTID": null,
        "OBJECTID_1": 994,
        "PostCode_L": null,
        "PostCode_R": null,
        "RD_CLASS": null,
        "RD_NAME": null,
        "ROAD_NAME": null,
        "RoadClass": null,
        "STREET": "GREENBRIAR",
        "SUBDIVISIO": null,
        "SURFACE_TY": null,
        "Shape_Leng": null,
        "Shape__Length": 1212.3834076029927,
        "St_Name": null,
        "St_PosDir": null,
        "St_PosMod": null,
        "St_PosTyp": null,
        "St_PreDir": null,
        "St_PreMod": null,
        "St_PreSep": null,
        "St_PreTyp": null,
        "State_L": null,
        "State_R": null,
        "ToAddr_L": null,
        "ToAddr_R": null
      },
      "type": "Feature"
    },
    {
      "geometry": {
        "coordinates": [
          [
            -95.8224839778711,
            30.2623920214751
          ],
          [
            -95.8224353858253,
            30.262336562282
          ],
          [
            -95.8223409207923,
            30.2622028093075
          ],
          [
            -95.8222512781916,
            30.2621072067256
          ],
          [
            -95.8221329031148,
            30.2619579403011
          ],
          [
            -95.822046485865,
            30.2618844379986
          ],
          [
            -95.8219959975172,
            30.2617946861161
          ],
          [
            -95.8219315055735,
            30.2616823836928
          ],
          [
            -95.8218996659912,
            30.2616175398054
          ],
          [
            -95.8218521816622,
            30.26151439172
          ],
          [
            -95.8218349465604,
            30.2614253389186
          ]
        ],
        "type": "LineString"
      },
      "id": 1163,
      "properties": {
        "COMM_PCT": null,
        "Country_L": null,
        "Country_R": null,
        "County_L": null,
        "County_R": null,
        "DiscrpAgID": null,
        "FromAddr_L": null,
        "FromAddr_R": null,
        "IncMuni_L": null,
        "IncMuni_R": null,
        "LSt_Name": null,
        "LSt_PosDir": null,
        "LSt_PreDir": null,
        "LSt_Type": null,
        "MAP_NAME": null,
        "MSAGComm_L": null,
        "MSAGComm_R": null,
        "OBJECTID": null,
        "OBJECTID_1": 1163,
        "PostCode_L": null,
        "PostCode_R": null,
        "RD_CLASS": null,
        "RD_NAME": null,
        "ROAD_NAME": null,
        "RoadClass": null,
        "STREET": "MILL CREEK",
        "SUBDIVISIO": null,
        "SURFACE_TY": null,
        "Shape_Leng": null,
        "Shape__Length": 412.1735526219261,
        "St_Name": null,
        "St_PosDir": null,
        "St_PosMod": null,
        "St_PosTyp": null,
        "St_PreDir": null,
        "St_PreMod": null,
        "St_PreSep": null,
        "St_PreTyp": null,
        "State_L": null,
        "State_R": null,
        "ToAddr_L": null,
        "ToAddr_R": null
      },
      "type": "Feature"
    },
    {
      "geometry": {
        "coordinates": [
          [
            -95.8232443417859,
            30.2556365895911
          ],
          [
            -95.823244907097,
            30.2555566767453
          ],
          [
            -95.8232486956455,
            30.2554247213679
          ],
          [
            -95.8232515000364,
            30.2553477683312
          ],
          [
            -95.8232522877973,
            30.2552800317701
          ],
          [
            -95.8232516296569,
            30.2552093199983
          ],
          [
            -95.8232549750283,
            30.2550699114395
          ],
          [
            -95.8232524330411,
            30.2549717005982
          ],
          [
            -95.8232494811065,
            30.2548483222578
          ],
          [
            -95.8232496673075,
            30.2547765225094
          ],
          [
            -95.8232494423526,
            30.254696540308
          ],
          [
            -95.8232470815359,
            30.2546283488872
          ],
          [
            -95.8232437813668,
            30.2545463642344
          ]
        ],
        "type": "LineString"
      },
      "id": 190,
      "properties": {
        "COMM_PCT": null,
        "Country_L": null,
        "Country_R": null,
        "County_L": null,
        "County_R": null,
        "DiscrpAgID": null,
        "FromAddr_L": null,
        "FromAddr_R": null,
        "IncMuni_L": null,
        "IncMuni_R": null,
        "LSt_Name": null,
        "LSt_PosDir": null,
        "LSt_PreDir": null,
        "LSt_Type": null,
        "MAP_NAME": null,
        "MSAGComm_L": null,
        "MSAGComm_R": null,
        "OBJECTID": null,
        "OBJECTID_1": 190,
        "PostCode_L": null,
        "PostCode_R": null,
        "RD_CLASS": null,
        "RD_NAME": null,
        "ROAD_NAME": null,
        "RoadClass": null,
        "STREET": "REDWOOD",
        "SUBDIVISIO": null,
        "SURFACE_TY": null,
        "Shape_Leng": null,
        "Shape__Length": 396.5949285702711,
        "St_Name": null,
        "St_PosDir": null,
        "St_PosMod": null,
        "St_PosTyp": null,
        "St_PreDir": null,
        "St_PreMod": null,
        "St_PreSep": null,
        "St_PreTyp": null,
        "State_L": null,
        "State_R": null,
        "ToAddr_L": null,
        "ToAddr_R": null
      },
      "type": "Feature"
    },
    {
      "geometry": {
        "coordinates": [
          [
            -95.8328040436499,
            30.2557553372754
          ],
          [
            -95.8325371292123,
            30.2557555119495
          ],
          [
            -95.8323721915412,
            30.2557521042586
          ],
          [
            -95.8322041729734,
            30.2557557538747
          ],
          [
            -95.831950659169,
            30.2557635650111
          ],
          [
            -95.8317543912396,
            30.2557829425341
          ]
        ],
        "type": "LineString"
      },
      "id": 3936,
      "properties": {
        "COMM_PCT": null,
        "Country_L": null,
        "Country_R": null,
        "County_L": null,
        "County_R": null,
        "DiscrpAgID": null,
        "FromAddr_L": null,
        "FromAddr_R": null,
        "IncMuni_L": null,
        "IncMuni_R": null,
        "LSt_Name": null,
        "LSt_PosDir": null,
        "LSt_PreDir": null,
        "LSt_Type": null,
        "MAP_NAME": null,
        "MSAGComm_L": null,
        "MSAGComm_R": null,
        "OBJECTID": null,
        "OBJECTID_1": 3936,
        "PostCode_L": null,
        "PostCode_R": null,
        "RD_CLASS": null,
        "RD_NAME": null,
        "ROAD_NAME": null,
        "RoadClass": null,
        "STREET": "RENFEST",
        "SUBDIVISIO": null,
        "SURFACE_TY": null,
        "Shape_Leng": null,
        "Shape__Length": 331.8876239131507,
        "St_Name": null,
        "St_PosDir": null,
        "St_PosMod": null,
        "St_PosTyp": null,
        "St_PreDir": null,
        "St_PreMod": null,
        "St_PreSep": null,
        "St_PreTyp": null,
        "State_L": null,
        "State_R": null,
        "ToAddr_L": null,
        "ToAddr_R": null
      },
      "type": "Feature"
    },
    {
      "geometry": {
        "coordinates": [
          [
            -95.8244851774122,
            30.2556064993612
          ],
          [
            -95.8242901209494,
            30.2556087903439
          ],
          [
            -95.8241085384395,
            30.2556110814511
          ],
          [
            -95.8239346558739,
            30.2556181594167
          ],
          [
            -95.8237634777412,
            30.2556182369743
          ],
          [
            -95.8235985506655,
            30.2556202118971
          ],
          [
            -95.823432102479,
            30.2556208428871
          ],
          [
            -95.8232443417859,
            30.2556365895911
          ]
        ],
        "type": "LineString"
      },
      "id": 590,
      "properties": {
        "COMM_PCT": null,
        "Country_L": null,
        "Country_R": null,
        "County_L": null,
        "County_R": null,
        "DiscrpAgID": null,
        "FromAddr_L": null,
        "FromAddr_R": null,
        "IncMuni_L": null,
        "IncMuni_R": null,
        "LSt_Name": null,
        "LSt_PosDir": null,
        "LSt_PreDir": null,
        "LSt_Type": null,
        "MAP_NAME": null,
        "MSAGComm_L": null,
        "MSAGComm_R": null,
        "OBJECTID": null,
        "OBJECTID_1": 590,
        "PostCode_L": null,
        "PostCode_R": null,
        "RD_CLASS": null,
        "RD_NAME": null,
        "ROAD_NAME": null,
        "RoadClass": null,
        "STREET": "OAK FOREST",
        "SUBDIVISIO": null,
        "SURFACE_TY": null,
        "Shape_Leng": null,
        "Shape__Length": 392.1226420830078,
        "St_Name": null,
        "St_PosDir": null,
        "St_PosMod": null,
        "St_PosTyp": null,
        "St_PreDir": null,
        "St_PreMod": null,
        "St_PreSep": null,
        "St_PreTyp": null,
        "State_L": null,
        "State_R": null,
        "ToAddr_L": null,
        "ToAddr_R": null
      },
      "type": "Feature"
    },
    {
      "geometry": {
        "coordinates": [
          [
            -95.8397187916973,
            30.2500667234932
          ],
          [
            -95.8392739291325,
            30.2500775476841
          ],
          [
            -95.8389878015155,
            30.2500770618993
          ],
          [
            -95.8386711799983,
            30.2500814765507
          ],
          [
            -95.8384288367086,
            30.2500861086746
          ],
          [
            -95.8381436939294,
            30.2500940158031
          ],
          [
            -95.8378532790078,
            30.2500969594348
          ],
          [
            -95.8376289019972,
            30.2500998318395
          ],
          [
            -95.8373135417768,
            30.2501066763155
          ],
          [
            -95.8370302791983,
            30.250106272303
          ],
          [
            -95.8367876736549,
            30.2501071968242
          ],
          [
            -95.8365437175118,
            30.2501137405447
          ],
          [
            -95.8363887224648,
            30.250125296466
          ]
        ],
        "type": "LineString"
      },
      "id": 2270,
      "properties": {
        "COMM_PCT": null,
        "Country_L": null,
        "Country_R": null,
        "County_L": null,
        "County_R": null,
        "DiscrpAgID": null,
        "FromAddr_L": null,
        "FromAddr_R": null,
        "IncMuni_L": null,
        "IncMuni_R": null,
        "LSt_Name": null,
        "LSt_PosDir": null,
        "LSt_PreDir": null,
        "LSt_Type": null,
        "MAP_NAME": null,
        "MSAGComm_L": null,
        "MSAGComm_R": null,
        "OBJECTID": null,
        "OBJECTID_1": 2270,
        "PostCode_L": null,
        "PostCode_R": null,
        "RD_CLASS": null,
        "RD_NAME": null,
        "ROAD_NAME": null,
        "RoadClass": null,
        "STREET": "RENFAIRE",
        "SUBDIVISIO": null,
        "SURFACE_TY": null,
        "Shape_Leng": null,
        "Shape__Length": 1051.8588031891852,
        "St_Name": null,
        "St_PosDir": null,
        "St_PosMod": null,
        "St_PosTyp": null,
        "St_PreDir": null,
        "St_PreMod": null,
        "St_PreSep": null,
        "St_PreTyp": null,
        "State_L": null,
        "State_R": null,
        "ToAddr_L": null,
        "ToAddr_R": null
      },
      "type": "Feature"
    },
    {
      "geometry": {
        "coordinates": [
          [
            -95.8282527137384,
            30.2732592308487
          ],
          [
            -95.8282405762401,
            30.2730438582502
          ],
          [
            -95.8282241007124,
            30.2729383654786
          ],
          [
            -95.8281667667817,
            30.2728931364694
          ],
          [
            -95.8281150024386,
            30.2728304736201
          ],
          [
            -95.8276323286801,
            30.272388549498
          ],
          [
            -95.8275375554456,
            30.2723133661196
          ]
        ],
        "type": "LineString"
      },
      "id": 2176,
      "properties": {
        "COMM_PCT": null,
        "Country_L": null,
        "Country_R": null,
        "County_L": null,
        "County_R": null,
        "DiscrpAgID": null,
        "FromAddr_L": null,
        "FromAddr_R": null,
        "IncMuni_L": null,
        "IncMuni_R": null,
        "LSt_Name": null,
        "LSt_PosDir": null,
        "LSt_PreDir": null,
        "LSt_Type": null,
        "MAP_NAME": null,
        "MSAGComm_L": null,
        "MSAGComm_R": null,
        "OBJECTID": null,
        "OBJECTID_1": 2176,
        "PostCode_L": null,
        "PostCode_R": null,
        "RD_CLASS": null,
        "RD_NAME": null,
        "ROAD_NAME": null,
        "RoadClass": null,
        "STREET": "MISTY VALLEY",
        "SUBDIVISIO": null,
        "SURFACE_TY": null,
        "Shape_Leng": null,
        "Shape__Length": 431.637853440842,
        "St_Name": null,
        "St_PosDir": null,
        "St_PosMod": null,
        "St_PosTyp": null,
        "St_PreDir": null,
        "St_PreMod": null,
        "St_PreSep": null,
        "St_PreTyp": null,
        "State_L": null,
        "State_R": null,
        "ToAddr_L": null,
        "ToAddr_R": null
      },
      "type": "Feature"
    },
    {
      "geometry": {
        "coordinates": [
          [
            -95.8271288784095,
            30.2665939810834
          ],
          [
            -95.8262030707622,
            30.2676242609132
          ],
          [
            -95.8259746076706,
            30.2677813314577
          ],
          [
            -95.8257173147712,
            30.2679107722785
          ],
          [
            -95.8256395685729,
            30.2679293196801
          ]
        ],
        "type": "LineString"
      },
      "id": 1666,
      "properties": {
        "COMM_PCT": null,
        "Country_L": null,
        "Country_R": null,
        "County_L": null,
        "County_R": null,
        "DiscrpAgID": null,
        "FromAddr_L": null,
        "FromAddr_R": null,
        "IncMuni_L": null,
        "IncMuni_R": null,
        "LSt_Name": null,
        "LSt_PosDir": null,
        "LSt_PreDir": null,
        "LSt_Type": null,
        "MAP_NAME": null,
        "MSAGComm_L": null,
        "MSAGComm_R": null,
        "OBJECTID": null,
        "OBJECTID_1": 1666,
        "PostCode_L": null,
        "PostCode_R": null,
        "RD_CLASS": null,
        "RD_NAME": null,
        "ROAD_NAME": null,
        "RoadClass": null,
        "STREET": "CREEKBEND",
        "SUBDIVISIO": null,
        "SURFACE_TY": null,
        "Shape_Leng": null,
        "Shape__Length": 686.5499589316402,
        "St_Name": null,
        "St_PosDir": null,
        "St_PosMod": null,
        "St_PosTyp": null,
        "St_PreDir": null,
        "St_PreMod": null,
        "St_PreSep": null,
        "St_PreTyp": null,
        "State_L": null,
        "State_R": null,
        "ToAddr_L": null,
        "ToAddr_R": null
      },
      "type": "Feature"
    },
    {
      "geometry": {
        "coordinates": [
          [
            -95.8665573691295,
            30.2502966399235
          ],
          [
            -95.8665217940072,
            30.2502948402277
          ],
          [
            -95.8665004910469,
            30.2502928503838
          ],
          [
            -95.8664665488344,
            30.2502899890301
          ],
          [
            -95.8664254954001,
            30.2502867080878
          ],
          [
            -95.8663773495626,
            30.2502825784623
          ],
          [
            -95.8663245036621,
            30.2502772511413
          ],
          [
            -95.8662684902323,
            30.2502719008831
          ],
          [
            -95.8662077220185,
            30.2502665129436
          ],
          [
            -95.8661438151808,
            30.2502604999791
          ],
          [
            -95.8660783369388,
            30.2502541748618
          ],
          [
            -95.8660112576652,
            30.250248222702
          ],
          [
            -95.8659457774795,
            30.2502419398814
          ],
          [
            -95.8658827472438,
            30.2502341083825
          ],
          [
            -95.8658198093876,
            30.2502242586528
          ],
          [
            -95.8657560953438,
            30.2502140811736
          ],
          [
            -95.8656916377521,
            30.2502028033625
          ],
          [
            -95.8656264487784,
            30.2501902523004
          ],
          [
            -95.8655621909303,
            30.2501746821452
          ],
          [
            -95.8654972344639,
            30.2501571085941
          ],
          [
            -95.865431605052,
            30.250136932164
          ],
          [
            -95.8653661356689,
            30.2501133215242
          ],
          [
            -95.8653008242448,
            30.2500862766023
          ],
          [
            -95.8652356827516,
            30.250055583847
          ],
          [
            -95.8651739045186,
            30.2500206640148
          ],
          [
            -95.8651122654729,
            30.2499827832315
          ],
          [
            -95.8650523319483,
            30.2499422958862
          ],
          [
            -95.8649925425169,
            30.2498986744204
          ],
          [
            -95.8649376857104,
            30.2498512273318
          ],
          [
            -95.8648845404412,
            30.2498010438929
          ],
          [
            -95.8648330816796,
            30.2497486423558
          ],
          [
            -95.864781645961,
            30.2496957667151
          ],
          [
            -95.8647294450023,
            30.2496423055017
          ],
          [
            -95.8646748437724,
            30.2495893211626
          ],
          [
            -95.8646177778812,
            30.2495382270758
          ],
          [
            -95.8645566600669,
            30.2494890987591
          ],
          [
            -95.8644938805694,
            30.249441632305
          ],
          [
            -95.8644285796631,
            30.2493972593816
          ],
          [
            -95.8643615962415,
            30.2493550206677
          ],
          [
            -95.8642921191995,
            30.2493152751667
          ],
          [
            -95.8642232753737,
            30.2492789914838
          ],
          [
            -95.8641682364564,
            30.2492525626543
          ]
        ],
        "type": "LineString"
      },
      "id": 3209,
      "properties": {
        "COMM_PCT": null,
        "Country_L": null,
        "Country_R": null,
        "County_L": null,
        "County_R": null,
        "DiscrpAgID": null,
        "FromAddr_L": null,
        "FromAddr_R": null,
        "IncMuni_L": null,
        "IncMuni_R": null,
        "LSt_Name": null,
        "LSt_PosDir": null,
        "LSt_PreDir": null,
        "LSt_Type": null,
        "MAP_NAME": null,
        "MSAGComm_L": null,
        "MSAGComm_R": null,
        "OBJECTID": null,
        "OBJECTID_1": 3209,
        "PostCode_L": null,
        "PostCode_R": null,
        "RD_CLASS": null,
        "RD_NAME": null,
        "ROAD_NAME": null,
        "RoadClass": null,
        "STREET": "SADDLE RIDGE",
        "SUBDIVISIO": null,
        "SURFACE_TY": null,
        "Shape_Leng": null,
        "Shape__Length": 878.8238660199992,
        "St_Name": null,
        "St_PosDir": null,
        "St_PosMod": null,
        "St_PosTyp": null,
        "St_PreDir": null,
        "St_PreMod": null,
        "St_PreSep": null,
        "St_PreTyp": null,
        "State_L": null,
        "State_R": null,
        "ToAddr_L": null,
        "ToAddr_R": null
      },
      "type": "Feature"
    },
    {
      "geometry": {
        "coordinates": [
          [
            -95.8286512774808,
            30.245197421804
          ],
          [
            -95.8285685096154,
            30.2451881461082
          ],
          [
            -95.8284390928445,
            30.245193654575
          ],
          [
            -95.8283430807047,
            30.2451965118769
          ],
          [
            -95.8282415811479,
            30.2451980998751
          ],
          [
            -95.8281330359559,
            30.2451978500219
          ],
          [
            -95.8280133495648,
            30.245198626455
          ],
          [
            -95.8278885109428,
            30.2452079067814
          ],
          [
            -95.8277600164352,
            30.2452106527365
          ],
          [
            -95.8276327779019,
            30.2452034664201
          ],
          [
            -95.8275052006935,
            30.2452035358881
          ],
          [
            -95.8273806225445,
            30.2452072345272
          ],
          [
            -95.8272655603373,
            30.2452107966173
          ],
          [
            -95.8271497691905,
            30.2452129994648
          ],
          [
            -95.827036879871,
            30.2452209362147
          ],
          [
            -95.8269245485595,
            30.2452168974237
          ],
          [
            -95.8268112588954,
            30.2452164361517
          ],
          [
            -95.8266960303507,
            30.2452235598858
          ],
          [
            -95.8265875312563,
            30.2452223208383
          ],
          [
            -95.8264852244886,
            30.2452242239216
          ],
          [
            -95.8263852618456,
            30.2452268116175
          ],
          [
            -95.8262893057958,
            30.2452284640715
          ],
          [
            -95.8261846979145,
            30.2452287384636
          ],
          [
            -95.8260785640189,
            30.2452277546745
          ],
          [
            -95.8259732592942,
            30.2452259829161
          ],
          [
            -95.8258623819333,
            30.2452247453119
          ],
          [
            -95.8257529494205,
            30.245226526094
          ],
          [
            -95.8256563305329,
            30.2452254037996
          ],
          [
            -95.8255652843312,
            30.2452237463036
          ],
          [
            -95.8254872250756,
            30.2452154523289
          ],
          [
            -95.8254124584901,
            30.2452045214697
          ],
          [
            -95.8253415888638,
            30.2452458828134
          ],
          [
            -95.825254836592,
            30.2452201260688
          ]
        ],
        "type": "LineString"
      },
      "id": 3501,
      "properties": {
        "COMM_PCT": null,
        "Country_L": null,
        "Country_R": null,
        "County_L": null,
        "County_R": null,
        "DiscrpAgID": null,
        "FromAddr_L": null,
        "FromAddr_R": null,
        "IncMuni_L": null,
        "IncMuni_R": null,
        "LSt_Name": null,
        "LSt_PosDir": null,
        "LSt_PreDir": null,
        "LSt_Type": null,
        "MAP_NAME": null,
        "MSAGComm_L": null,
        "MSAGComm_R": null,
        "OBJECTID": null,
        "OBJECTID_1": 3501,
        "PostCode_L": null,
        "PostCode_R": null,
        "RD_CLASS": null,
        "RD_NAME": null,
        "ROAD_NAME": null,
        "RoadClass": null,
        "STREET": "DEVIN",
        "SUBDIVISIO": null,
        "SURFACE_TY": null,
        "Shape_Leng": null,
        "Shape__Length": 1080.0165526338153,
        "St_Name": null,
        "St_PosDir": null,
        "St_PosMod": null,
        "St_PosTyp": null,
        "St_PreDir": null,
        "St_PreMod": null,
        "St_PreSep": null,
        "St_PreTyp": null,
        "State_L": null,
        "State_R": null,
        "ToAddr_L": null,
        "ToAddr_R": null
      },
      "type": "Feature"
    },
    {
      "geometry": {
        "coordinates": [
          [
            -95.8281483210736,
            30.2515811318134
          ],
          [
            -95.8281695693534,
            30.2515792087225
          ],
          [
            -95.8282765384736,
            30.2515794461851
          ],
          [
            -95.8283081728229,
            30.2515806149998
          ],
          [
            -95.8284213045667,
            30.25158479694
          ],
          [
            -95.8285640809576,
            30.2515818653457
          ],
          [
            -95.8288011372811,
            30.2515793688999
          ]
        ],
        "type": "LineString"
      },
      "id": 3928,
      "properties": {
        "COMM_PCT": null,
        "Country_L": null,
        "Country_R": null,
        "County_L": null,
        "County_R": null,
        "DiscrpAgID": null,
        "FromAddr_L": null,
        "FromAddr_R": null,
        "IncMuni_L": null,
        "IncMuni_R": null,
        "LSt_Name": null,
        "LSt_PosDir": null,
        "LSt_PreDir": null,
        "LSt_Type": null,
        "MAP_NAME": null,
        "MSAGComm_L": null,
        "MSAGComm_R": null,
        "OBJECTID": null,
        "OBJECTID_1": 3928,
        "PostCode_L": null,
        "PostCode_R": null,
        "RD_CLASS": null,
        "RD_NAME": null,
        "ROAD_NAME": null,
        "RoadClass": null,
        "STREET": "MAGNOLIA",
        "SUBDIVISIO": null,
        "SURFACE_TY": null,
        "Shape_Leng": null,
        "Shape__Length": 206.2183445058776,
        "St_Name": null,
        "St_PosDir": null,
        "St_PosMod": null,
        "St_PosTyp": null,
        "St_PreDir": null,
        "St_PreMod": null,
        "St_PreSep": null,
        "St_PreTyp": null,
        "State_L": null,
        "State_R": null,
        "ToAddr_L": null,
        "ToAddr_R": null
      },
      "type": "Feature"
    },
    {
      "geometry": {
        "coordinates": [
          [
            -95.824611295109,
            30.2478895362538
          ],
          [
            -95.8244669347357,
            30.2479989738484
          ],
          [
            -95.8244118233171,
            30.2480409365559
          ],
          [
            -95.82436079853,
            30.2480858626928
          ],
          [
            -95.8243092526163,
            30.2481278967317
          ]
        ],
        "type": "LineString"
      },
      "id": 567,
      "properties": {
        "COMM_PCT": null,
        "Country_L": null,
        "Country_R": null,
        "County_L": null,
        "County_R": null,
        "DiscrpAgID": null,
        "FromAddr_L": null,
        "FromAddr_R": null,
        "IncMuni_L": null,
        "IncMuni_R": null,
        "LSt_Name": null,
        "LSt_PosDir": null,
        "LSt_PreDir": null,
        "LSt_Type": null,
        "MAP_NAME": null,
        "MSAGComm_L": null,
        "MSAGComm_R": null,
        "OBJECTID": null,
        "OBJECTID_1": 567,
        "PostCode_L": null,
        "PostCode_R": null,
        "RD_CLASS": null,
        "RD_NAME": null,
        "ROAD_NAME": null,
        "RoadClass": null,
        "STREET": "VILLAGE",
        "SUBDIVISIO": null,
        "SURFACE_TY": null,
        "Shape_Leng": null,
        "Shape__Length": 128.93570677923555,
        "St_Name": null,
        "St_PosDir": null,
        "St_PosMod": null,
        "St_PosTyp": null,
        "St_PreDir": null,
        "St_PreMod": null,
        "St_PreSep": null,
        "St_PreTyp": null,
        "State_L": null,
        "State_R": null,
        "ToAddr_L": null,
        "ToAddr_R": null
      },
      "type": "Feature"
    },
    {
      "geometry": {
        "coordinates": [
          [
            -95.8306384834478,
            30.273446189075
          ],
          [
            -95.8304629941846,
            30.2735210262832
          ],
          [
            -95.8301495646476,
            30.2735793628397
          ],
          [
            -95.8300723937189,
            30.2736024908123
          ],
          [
            -95.8299778298359,
            30.273607680012
          ],
          [
            -95.8298494238676,
            30.2736586746927
          ],
          [
            -95.829720507934,
            30.273635653001
          ],
          [
            -95.8296290211215,
            30.2736428415753
          ]
        ],
        "type": "LineString"
      },
      "id": 2926,
      "properties": {
        "COMM_PCT": null,
        "Country_L": null,
        "Country_R": null,
        "County_L": null,
        "County_R": null,
        "DiscrpAgID": null,
        "FromAddr_L": null,
        "FromAddr_R": null,
        "IncMuni_L": null,
        "IncMuni_R": null,
        "LSt_Name": null,
        "LSt_PosDir": null,
        "LSt_PreDir": null,
        "LSt_Type": null,
        "MAP_NAME": null,
        "MSAGComm_L": null,
        "MSAGComm_R": null,
        "OBJECTID": null,
        "OBJECTID_1": 2926,
        "PostCode_L": null,
        "PostCode_R": null,
        "RD_CLASS": null,
        "RD_NAME": null,
        "ROAD_NAME": null,
        "RoadClass": null,
        "STREET": "MILL CREEK",
        "SUBDIVISIO": null,
        "SURFACE_TY": null,
        "Shape_Leng": null,
        "Shape__Length": 333.71551664153515,
        "St_Name": null,
        "St_PosDir": null,
        "St_PosMod": null,
        "St_PosTyp": null,
        "St_PreDir": null,
        "St_PreMod": null,
        "St_PreSep": null,
        "St_PreTyp": null,
        "State_L": null,
        "State_R": null,
        "ToAddr_L": null,
        "ToAddr_R": null
      },
      "type": "Feature"
    },
    {
      "geometry": {
        "coordinates": [
          [
            -95.824467850059,
            30.2708021974226
          ],
          [
            -95.824389907665,
            30.2707909833087
          ],
          [
            -95.8242730286713,
            30.2707818816321
          ],
          [
            -95.8241408665039,
            30.2707605888877
          ],
          [
            -95.8240454306274,
            30.2707505634997
          ],
          [
            -95.8238226035206,
            30.2707189407399
          ]
        ],
        "type": "LineString"
      },
      "id": 3175,
      "properties": {
        "COMM_PCT": null,
        "Country_L": null,
        "Country_R": null,
        "County_L": null,
        "County_R": null,
        "DiscrpAgID": null,
        "FromAddr_L": null,
        "FromAddr_R": null,
        "IncMuni_L": null,
        "IncMuni_R": null,
        "LSt_Name": null,
        "LSt_PosDir": null,
        "LSt_PreDir": null,
        "LSt_Type": null,
        "MAP_NAME": null,
        "MSAGComm_L": null,
        "MSAGComm_R": null,
        "OBJECTID": null,
        "OBJECTID_1": 3175,
        "PostCode_L": null,
        "PostCode_R": null,
        "RD_CLASS": null,
        "RD_NAME": null,
        "ROAD_NAME": null,
        "RoadClass": null,
        "STREET": "BALSAM",
        "SUBDIVISIO": null,
        "SURFACE_TY": null,
        "Shape_Leng": null,
        "Shape__Length": 206.0421636200811,
        "St_Name": null,
        "St_PosDir": null,
        "St_PosMod": null,
        "St_PosTyp": null,
        "St_PreDir": null,
        "St_PreMod": null,
        "St_PreSep": null,
        "St_PreTyp": null,
        "State_L": null,
        "State_R": null,
        "ToAddr_L": null,
        "ToAddr_R": null
      },
      "type": "Feature"
    },
    {
      "geometry": {
        "coordinates": [
          [
            -95.8515708983327,
            30.2498502514091
          ],
          [
            -95.8509612366356,
            30.2498811360296
          ],
          [
            -95.8508985284969,
            30.2498834561748
          ],
          [
            -95.8507031403841,
            30.249893213732
          ],
          [
            -95.8504283656416,
            30.2499273093891
          ],
          [
            -95.8502241598647,
            30.2499402262193
          ],
          [
            -95.8501527911593,
            30.249938563791
          ],
          [
            -95.8500081772643,
            30.2499421005259
          ],
          [
            -95.8498075575444,
            30.2499429603704
          ],
          [
            -95.8497410312616,
            30.2499339864088
          ],
          [
            -95.8496895535626,
            30.2499244965195
          ],
          [
            -95.8495769524131,
            30.2499141043236
          ],
          [
            -95.849492038411,
            30.2499118480987
          ],
          [
            -95.8494269015161,
            30.2499102833833
          ],
          [
            -95.8492981776827,
            30.2499093595654
          ]
        ],
        "type": "LineString"
      },
      "id": 1051,
      "properties": {
        "COMM_PCT": null,
        "Country_L": null,
        "Country_R": null,
        "County_L": null,
        "County_R": null,
        "DiscrpAgID": null,
        "FromAddr_L": null,
        "FromAddr_R": null,
        "IncMuni_L": null,
        "IncMuni_R": null,
        "LSt_Name": null,
        "LSt_PosDir": null,
        "LSt_PreDir": null,
        "LSt_Type": null,
        "MAP_NAME": null,
        "MSAGComm_L": null,
        "MSAGComm_R": null,
        "OBJECTID": null,
        "OBJECTID_1": 1051,
        "PostCode_L": null,
        "PostCode_R": null,
        "RD_CLASS": null,
        "RD_NAME": null,
        "ROAD_NAME": null,
        "RoadClass": null,
        "STREET": "RENFAIRE",
        "SUBDIVISIO": null,
        "SURFACE_TY": null,
        "Shape_Leng": null,
        "Shape__Length": 719.9723590243218,
        "St_Name": null,
        "St_PosDir": null,
        "St_PosMod": null,
        "St_PosTyp": null,
        "St_PreDir": null,
        "St_PreMod": null,
        "St_PreSep": null,
        "St_PreTyp": null,
        "State_L": null,
        "State_R": null,
        "ToAddr_L": null,
        "ToAddr_R": null
      },
      "type": "Feature"
    },
    {
      "geometry": {
        "coordinates": [
          [
            -95.8265642523407,
            30.2526278023492
          ],
          [
            -95.8264758947979,
            30.2526023341513
          ],
          [
            -95.8262679318827,
            30.2525778930504
          ],
          [
            -95.8257608085714,
            30.2526087254896
          ],
          [
            -95.8255795596914,
            30.2526209198999
          ],
          [
            -95.8253784027923,
            30.252618267633
          ],
          [
            -95.8251767123816,
            30.2526100492381
          ],
          [
            -95.8249712207751,
            30.2526153277433
          ],
          [
            -95.8247642301747,
            30.2526187890032
          ],
          [
            -95.8246065758853,
            30.2526178828207
          ]
        ],
        "type": "LineString"
      },
      "id": 3375,
      "properties": {
        "COMM_PCT": null,
        "Country_L": null,
        "Country_R": null,
        "County_L": null,
        "County_R": null,
        "DiscrpAgID": null,
        "FromAddr_L": null,
        "FromAddr_R": null,
        "IncMuni_L": null,
        "IncMuni_R": null,
        "LSt_Name": null,
        "LSt_PosDir": null,
        "LSt_PreDir": null,
        "LSt_Type": null,
        "MAP_NAME": null,
        "MSAGComm_L": null,
        "MSAGComm_R": null,
        "OBJECTID": null,
        "OBJECTID_1": 3375,
        "PostCode_L": null,
        "PostCode_R": null,
        "RD_CLASS": null,
        "RD_NAME": null,
        "ROAD_NAME": null,
        "RoadClass": null,
        "STREET": "BLUE HERON",
        "SUBDIVISIO": null,
        "SURFACE_TY": null,
        "Shape_Leng": null,
        "Shape__Length": 620.8958944764074,
        "St_Name": null,
        "St_PosDir": null,
        "St_PosMod": null,
        "St_PosTyp": null,
        "St_PreDir": null,
        "St_PreMod": null,
        "St_PreSep": null,
        "St_PreTyp": null,
        "State_L": null,
        "State_R": null,
        "ToAddr_L": null,
        "ToAddr_R": null
      },
      "type": "Feature"
    },
    {
      "geometry": {
        "coordinates": [
          [
            -95.8288890363104,
            30.2678656958571
          ],
          [
            -95.8288275221392,
            30.2678157571174
          ],
          [
            -95.8287859087176,
            30.2677875389771
          ]
        ],
        "type": "LineString"
      },
      "id": 1738,
      "properties": {
        "COMM_PCT": null,
        "Country_L": null,
        "Country_R": null,
        "County_L": null,
        "County_R": null,
        "DiscrpAgID": null,
        "FromAddr_L": null,
        "FromAddr_R": null,
        "IncMuni_L": null,
        "IncMuni_R": null,
        "LSt_Name": null,
        "LSt_PosDir": null,
        "LSt_PreDir": null,
        "LSt_Type": null,
        "MAP_NAME": null,
        "MSAGComm_L": null,
        "MSAGComm_R": null,
        "OBJECTID": null,
        "OBJECTID_1": 1738,
        "PostCode_L": null,
        "PostCode_R": null,
        "RD_CLASS": null,
        "RD_NAME": null,
        "ROAD_NAME": null,
        "RoadClass": null,
        "STREET": "WILDWOOD",
        "SUBDIVISIO": null,
        "SURFACE_TY": null,
        "Shape_Leng": null,
        "Shape__Length": 43.25946518567635,
        "St_Name": null,
        "St_PosDir": null,
        "St_PosMod": null,
        "St_PosTyp": null,
        "St_PreDir": null,
        "St_PreMod": null,
        "St_PreSep": null,
        "St_PreTyp": null,
        "State_L": null,
        "State_R": null,
        "ToAddr_L": null,
        "ToAddr_R": null
      },
      "type": "Feature"
    },
    {
      "geometry": {
        "coordinates": [
          [
            -95.8284620475037,
            30.2624260851756
          ],
          [
            -95.8284617864401,
            30.2622619114045
          ],
          [
            -95.8284604218501,
            30.2620874218318
          ],
          [
            -95.8284575513903,
            30.2618772786422
          ],
          [
            -95.8284534672388,
            30.2615912869952
          ],
          [
            -95.8284525717653,
            30.2614576618678
          ],
          [
            -95.8284455475346,
            30.2613534892845
          ]
        ],
        "type": "LineString"
      },
      "id": 172,
      "properties": {
        "COMM_PCT": null,
        "Country_L": null,
        "Country_R": null,
        "County_L": null,
        "County_R": null,
        "DiscrpAgID": null,
        "FromAddr_L": null,
        "FromAddr_R": null,
        "IncMuni_L": null,
        "IncMuni_R": null,
        "LSt_Name": null,
        "LSt_PosDir": null,
        "LSt_PreDir": null,
        "LSt_Type": null,
        "MAP_NAME": null,
        "MSAGComm_L": null,
        "MSAGComm_R": null,
        "OBJECTID": null,
        "OBJECTID_1": 172,
        "PostCode_L": null,
        "PostCode_R": null,
        "RD_CLASS": null,
        "RD_NAME": null,
        "ROAD_NAME": null,
        "RoadClass": null,
        "STREET": "SUTTON",
        "SUBDIVISIO": null,
        "SURFACE_TY": null,
        "Shape_Leng": null,
        "Shape__Length": 390.17283252854963,
        "St_Name": null,
        "St_PosDir": null,
        "St_PosMod": null,
        "St_PosTyp": null,
        "St_PreDir": null,
        "St_PreMod": null,
        "St_PreSep": null,
        "St_PreTyp": null,
        "State_L": null,
        "State_R": null,
        "ToAddr_L": null,
        "ToAddr_R": null
      },
      "type": "Feature"
    },
    {
      "geometry": {
        "coordinates": [
          [
            -95.8255154075467,
            30.269762795941
          ],
          [
            -95.8253217159058,
            30.2697617121666
          ],
          [
            -95.8248327786632,
            30.2697655248581
          ],
          [
            -95.824747502405,
            30.2697529675804
          ],
          [
            -95.8246649592809,
            30.2697290413076
          ],
          [
            -95.8245652772398,
            30.2696949560373
          ],
          [
            -95.8244677936113,
            30.2696609480745
          ],
          [
            -95.8242214410297,
            30.2695146832657
          ],
          [
            -95.8239108444151,
            30.2693298467415
          ],
          [
            -95.8236587616223,
            30.2692120441831
          ],
          [
            -95.8232826531191,
            30.2690006456428
          ],
          [
            -95.8231074309214,
            30.2689021577922
          ]
        ],
        "type": "LineString"
      },
      "id": 2342,
      "properties": {
        "COMM_PCT": null,
        "Country_L": null,
        "Country_R": null,
        "County_L": null,
        "County_R": null,
        "DiscrpAgID": null,
        "FromAddr_L": null,
        "FromAddr_R": null,
        "IncMuni_L": null,
        "IncMuni_R": null,
        "LSt_Name": null,
        "LSt_PosDir": null,
        "LSt_PreDir": null,
        "LSt_Type": null,
        "MAP_NAME": null,
        "MSAGComm_L": null,
        "MSAGComm_R": null,
        "OBJECTID": null,
        "OBJECTID_1": 2342,
        "PostCode_L": null,
        "PostCode_R": null,
        "RD_CLASS": null,
        "RD_NAME": null,
        "ROAD_NAME": null,
        "RoadClass": null,
        "STREET": "OAKWOOD",
        "SUBDIVISIO": null,
        "SURFACE_TY": null,
        "Shape_Leng": null,
        "Shape__Length": 848.1016968335979,
        "St_Name": null,
        "St_PosDir": null,
        "St_PosMod": null,
        "St_PosTyp": null,
        "St_PreDir": null,
        "St_PreMod": null,
        "St_PreSep": null,
        "St_PreTyp": null,
        "State_L": null,
        "State_R": null,
        "ToAddr_L": null,
        "ToAddr_R": null
      },
      "type": "Feature"
    },
    {
      "geometry": {
        "coordinates": [
          [
            -95.8675637836381,
            30.2631054109179
          ],
          [
            -95.8675205268,
            30.2629955069283
          ],
          [
            -95.8674851754124,
            30.262886007671
          ],
          [
            -95.8674412853992,
            30.2627726418135
          ],
          [
            -95.8673859785398,
            30.262666230447
          ],
          [
            -95.8673630153391,
            30.2625973225204
          ],
          [
            -95.8673276311175,
            30.262505666381
          ],
          [
            -95.8672838738357,
            30.2624236926646
          ],
          [
            -95.8672426646604,
            30.2623551379783
          ],
          [
            -95.8671983194812,
            30.2622858717406
          ],
          [
            -95.8671538214526,
            30.2622199099083
          ],
          [
            -95.8671017031723,
            30.2621473625652
          ],
          [
            -95.8670564954666,
            30.2620796136357
          ],
          [
            -95.8670089796699,
            30.2620103658645
          ],
          [
            -95.8669610746359,
            30.2619495305564
          ],
          [
            -95.8669102453668,
            30.2618320105643
          ],
          [
            -95.8668509974348,
            30.2617251599557
          ],
          [
            -95.8668020573739,
            30.2616181966115
          ],
          [
            -95.8667791524466,
            30.2615480437944
          ],
          [
            -95.8667598250709,
            30.261451915996
          ],
          [
            -95.8667353659922,
            30.2613639513242
          ],
          [
            -95.8666708778564,
            30.2611477492913
          ],
          [
            -95.8666369193217,
            30.2610253130143
          ],
          [
            -95.8666037868785,
            30.260902175152
          ],
          [
            -95.8665642621651,
            30.2607801469127
          ],
          [
            -95.8665275070741,
            30.2606667713158
          ],
          [
            -95.866491856717,
            30.2605637968499
          ],
          [
            -95.8664601078261,
            30.260462119474
          ],
          [
            -95.8664312178655,
            30.2603671640138
          ],
          [
            -95.866401422563,
            30.26027467057
          ],
          [
            -95.8663713819396,
            30.2601874564023
          ],
          [
            -95.8663438406128,
            30.2601147339541
          ],
          [
            -95.8663042473448,
            30.260045546424
          ],
          [
            -95.8662623674151,
            30.2599915431721
          ],
          [
            -95.86617895623,
            30.2599102507103
          ]
        ],
        "type": "LineString"
      },
      "id": 264,
      "properties": {
        "COMM_PCT": null,
        "Country_L": null,
        "Country_R": null,
        "County_L": null,
        "County_R": null,
        "DiscrpAgID": null,
        "FromAddr_L": null,
        "FromAddr_R": null,
        "IncMuni_L": null,
        "IncMuni_R": null,
        "LSt_Name": null,
        "LSt_PosDir": null,
        "LSt_PreDir": null,
        "LSt_Type": null,
        "MAP_NAME": null,
        "MSAGComm_L": null,
        "MSAGComm_R": null,
        "OBJECTID": null,
        "OBJECTID_1": 264,
        "PostCode_L": null,
        "PostCode_R": null,
        "RD_CLASS": null,
        "RD_NAME": null,
        "ROAD_NAME": null,
        "RoadClass": null,
        "STREET": "TREE BEND",
        "SUBDIVISIO": null,
        "SURFACE_TY": null,
        "Shape_Leng": null,
        "Shape__Length": 1251.971632499765,
        "St_Name": null,
        "St_PosDir": null,
        "St_PosMod": null,
        "St_PosTyp": null,
        "St_PreDir": null,
        "St_PreMod": null,
        "St_PreSep": null,
        "St_PreTyp": null,
        "State_L": null,
        "State_R": null,
        "ToAddr_L": null,
        "ToAddr_R": null
      },
      "type": "Feature"
    },
    {
      "geometry": {
        "coordinates": [
          [
            -95.8550568838693,
            30.2456194045248
          ],
          [
            -95.8550563616193,
            30.2456135819876
          ],
          [
            -95.8550538267319,
            30.2455315843783
          ],
          [
            -95.8550557575833,
            30.2454558054235
          ],
          [
            -95.855054706308,
            30.2453760102321
          ],
          [
            -95.8550526897035,
            30.2452999207909
          ],
          [
            -95.8550539031451,
            30.245222525968
          ],
          [
            -95.8550575037693,
            30.2451449139871
          ],
          [
            -95.8550602128512,
            30.245069461989
          ],
          [
            -95.855058750276,
            30.2449985100495
          ],
          [
            -95.8550567724474,
            30.2449215624754
          ],
          [
            -95.8550492520915,
            30.2448445501757
          ],
          [
            -95.855040047081,
            30.2447697143597
          ],
          [
            -95.855028394075,
            30.2446963846161
          ],
          [
            -95.8550159400521,
            30.244623241731
          ],
          [
            -95.8549987057699,
            30.2445506611535
          ],
          [
            -95.8549766373367,
            30.2444798047404
          ],
          [
            -95.8549512353791,
            30.2444124854814
          ],
          [
            -95.8549225456081,
            30.2443477181835
          ],
          [
            -95.8548912994332,
            30.2442868167572
          ],
          [
            -95.8548615517779,
            30.2442277742866
          ],
          [
            -95.8548300249121,
            30.2441729246057
          ],
          [
            -95.8547985298642,
            30.2441173898804
          ],
          [
            -95.8547627071089,
            30.244069742559
          ],
          [
            -95.8547236910645,
            30.2440225875348
          ],
          [
            -95.8546837835233,
            30.2439775924785
          ],
          [
            -95.8546395920151,
            30.2439395419902
          ],
          [
            -95.8545939936587,
            30.2438976585332
          ],
          [
            -95.8545489721768,
            30.2438603978467
          ],
          [
            -95.8545056524896,
            30.2438206145805
          ],
          [
            -95.8544643226361,
            30.2437892005832
          ],
          [
            -95.8544229131805,
            30.2437595027699
          ],
          [
            -95.8543805024839,
            30.2437342849591
          ],
          [
            -95.8543380888326,
            30.2437091537017
          ],
          [
            -95.8542936628619,
            30.2436932385207
          ],
          [
            -95.8542440787749,
            30.2436689307888
          ],
          [
            -95.8542187891159,
            30.2436569351094
          ],
          [
            -95.8541944599077,
            30.2436453955429
          ],
          [
            -95.8541353641141,
            30.2436211848067
          ],
          [
            -95.8540787589888,
            30.2435944817879
          ],
          [
            -95.8540226124396,
            30.2435750173999
          ],
          [
            -95.8539655741719,
            30.2435576723279
          ],
          [
            -95.8539112470597,
            30.243550225867
          ],
          [
            -95.8538449948545,
            30.243526538378
          ],
          [
            -95.8537677008059,
            30.2435188463863
          ],
          [
            -95.8536870640865,
            30.2435148653994
          ],
          [
            -95.8535988473924,
            30.2435034805353
          ],
          [
            -95.8534978699437,
            30.2434938854902
          ],
          [
            -95.8534026394298,
            30.2434970452327
          ],
          [
            -95.8533290028824,
            30.243495888296
          ]
        ],
        "type": "LineString"
      },
      "id": 2797,
      "properties": {
        "COMM_PCT": null,
        "Country_L": null,
        "Country_R": null,
        "County_L": null,
        "County_R": null,
        "DiscrpAgID": null,
        "FromAddr_L": null,
        "FromAddr_R": null,
        "IncMuni_L": null,
        "IncMuni_R": null,
        "LSt_Name": null,
        "LSt_PosDir": null,
        "LSt_PreDir": null,
        "LSt_Type": null,
        "MAP_NAME": null,
        "MSAGComm_L": null,
        "MSAGComm_R": null,
        "OBJECTID": null,
        "OBJECTID_1": 2797,
        "PostCode_L": null,
        "PostCode_R": null,
        "RD_CLASS": null,
        "RD_NAME": null,
        "ROAD_NAME": null,
        "RoadClass": null,
        "STREET": "TERRACE OAKS",
        "SUBDIVISIO": null,
        "SURFACE_TY": null,
        "Shape_Leng": null,
        "Shape__Length": 1103.505920319025,
        "St_Name": null,
        "St_PosDir": null,
        "St_PosMod": null,
        "St_PosTyp": null,
        "St_PreDir": null,
        "St_PreMod": null,
        "St_PreSep": null,
        "St_PreTyp": null,
        "State_L": null,
        "State_R": null,
        "ToAddr_L": null,
        "ToAddr_R": null
      },
      "type": "Feature"
    },
    {
      "geometry": {
        "coordinates": [
          [
            -95.8284455475346,
            30.2613534892845
          ],
          [
            -95.8284401703002,
            30.2612819245983
          ],
          [
            -95.8284379739606,
            30.2611422345056
          ],
          [
            -95.8284428396574,
            30.2609870545648
          ],
          [
            -95.8284377855245,
            30.2608067175671
          ],
          [
            -95.8284335604836,
            30.260642575924
          ],
          [
            -95.8284237669438,
            30.2604788839444
          ],
          [
            -95.8284272696144,
            30.2603189703473
          ]
        ],
        "type": "LineString"
      },
      "id": 1325,
      "properties": {
        "COMM_PCT": null,
        "Country_L": null,
        "Country_R": null,
        "County_L": null,
        "County_R": null,
        "DiscrpAgID": null,
        "FromAddr_L": null,
        "FromAddr_R": null,
        "IncMuni_L": null,
        "IncMuni_R": null,
        "LSt_Name": null,
        "LSt_PosDir": null,
        "LSt_PreDir": null,
        "LSt_Type": null,
        "MAP_NAME": null,
        "MSAGComm_L": null,
        "MSAGComm_R": null,
        "OBJECTID": null,
        "OBJECTID_1": 1325,
        "PostCode_L": null,
        "PostCode_R": null,
        "RD_CLASS": null,
        "RD_NAME": null,
        "ROAD_NAME": null,
        "RoadClass": null,
        "STREET": "SUTTON",
        "SUBDIVISIO": null,
        "SURFACE_TY": null,
        "Shape_Leng": null,
        "Shape__Length": 376.45010492649226,
        "St_Name": null,
        "St_PosDir": null,
        "St_PosMod": null,
        "St_PosTyp": null,
        "St_PreDir": null,
        "St_PreMod": null,
        "St_PreSep": null,
        "St_PreTyp": null,
        "State_L": null,
        "State_R": null,
        "ToAddr_L": null,
        "ToAddr_R": null
      },
      "type": "Feature"
    },
    {
      "geometry": {
        "coordinates": [
          [
            -95.8648606473249,
            30.2657890354215
          ],
          [
            -95.8647801009381,
            30.2657826989218
          ],
          [
            -95.8647010685021,
            30.2657779211026
          ],
          [
            -95.8646148024418,
            30.265775297791
          ],
          [
            -95.8645331885248,
            30.2657749005916
          ],
          [
            -95.8644311390033,
            30.2657708245511
          ],
          [
            -95.8643287913485,
            30.2657731869065
          ],
          [
            -95.8642065946564,
            30.2657763182762
          ],
          [
            -95.8640630090707,
            30.265779219615
          ],
          [
            -95.8639216760296,
            30.2657848211992
          ],
          [
            -95.863801073723,
            30.2657877505134
          ],
          [
            -95.8636709146951,
            30.2657916787886
          ],
          [
            -95.8635345449443,
            30.2657928090152
          ],
          [
            -95.8633957784184,
            30.2657943303386
          ],
          [
            -95.8632426619051,
            30.2657976718643
          ],
          [
            -95.8630746935056,
            30.2657965811113
          ],
          [
            -95.8628837983463,
            30.2657942186599
          ],
          [
            -95.8626929490733,
            30.2657909104614
          ],
          [
            -95.8625209716286,
            30.2657907976506
          ],
          [
            -95.8623912746366,
            30.2658018351602
          ],
          [
            -95.8621028112259,
            30.2658013535901
          ]
        ],
        "type": "LineString"
      },
      "id": 2215,
      "properties": {
        "COMM_PCT": null,
        "Country_L": null,
        "Country_R": null,
        "County_L": null,
        "County_R": null,
        "DiscrpAgID": null,
        "FromAddr_L": null,
        "FromAddr_R": null,
        "IncMuni_L": null,
        "IncMuni_R": null,
        "LSt_Name": null,
        "LSt_PosDir": null,
        "LSt_PreDir": null,
        "LSt_Type": null,
        "MAP_NAME": null,
        "MSAGComm_L": null,
        "MSAGComm_R": null,
        "OBJECTID": null,
        "OBJECTID_1": 2215,
        "PostCode_L": null,
        "PostCode_R": null,
        "RD_CLASS": null,
        "RD_NAME": null,
        "ROAD_NAME": null,
        "RoadClass": null,
        "STREET": "HILL FOREST",
        "SUBDIVISIO": null,
        "SURFACE_TY": null,
        "Shape_Leng": null,
        "Shape__Length": 871.2196406491933,
        "St_Name": null,
        "St_PosDir": null,
        "St_PosMod": null,
        "St_PosTyp": null,
        "St_PreDir": null,
        "St_PreMod": null,
        "St_PreSep": null,
        "St_PreTyp": null,
        "State_L": null,
        "State_R": null,
        "ToAddr_L": null,
        "ToAddr_R": null
      },
      "type": "Feature"
    },
    {
      "geometry": {
        "coordinates": [
          [
            -95.8307336150363,
            30.2635165240645
          ],
          [
            -95.8306978569854,
            30.2632719391609
          ]
        ],
        "type": "LineString"
      },
      "id": 37,
      "properties": {
        "COMM_PCT": null,
        "Country_L": null,
        "Country_R": null,
        "County_L": null,
        "County_R": null,
        "DiscrpAgID": null,
        "FromAddr_L": null,
        "FromAddr_R": null,
        "IncMuni_L": null,
        "IncMuni_R": null,
        "LSt_Name": null,
        "LSt_PosDir": null,
        "LSt_PreDir": null,
        "LSt_Type": null,
        "MAP_NAME": null,
        "MSAGComm_L": null,
        "MSAGComm_R": null,
        "OBJECTID": null,
        "OBJECTID_1": 37,
        "PostCode_L": null,
        "PostCode_R": null,
        "RD_CLASS": null,
        "RD_NAME": null,
        "ROAD_NAME": null,
        "RoadClass": null,
        "STREET": "FM 1774",
        "SUBDIVISIO": null,
        "SURFACE_TY": null,
        "Shape_Leng": null,
        "Shape__Length": 89.66652497550284,
        "St_Name": null,
        "St_PosDir": null,
        "St_PosMod": null,
        "St_PosTyp": null,
        "St_PreDir": null,
        "St_PreMod": null,
        "St_PreSep": null,
        "St_PreTyp": null,
        "State_L": null,
        "State_R": null,
        "ToAddr_L": null,
        "ToAddr_R": null
      },
      "type": "Feature"
    },
    {
      "geometry": {
        "coordinates": [
          [
            -95.8316985120042,
            30.2700079148985
          ],
          [
            -95.8316228375914,
            30.2700160893396
          ],
          [
            -95.8315301024831,
            30.2700331249384
          ],
          [
            -95.8314109895809,
            30.270054909501
          ],
          [
            -95.8312671316409,
            30.2700804665964
          ],
          [
            -95.8311166739017,
            30.2701115543578
          ],
          [
            -95.8309742951848,
            30.2701393561134
          ],
          [
            -95.8308431736318,
            30.2701637272004
          ],
          [
            -95.8307064319086,
            30.2701896195926
          ],
          [
            -95.8305553618486,
            30.2702168580593
          ],
          [
            -95.8303931165293,
            30.2702457673694
          ],
          [
            -95.8302278422016,
            30.2702716457013
          ],
          [
            -95.8300705678189,
            30.2702959560723
          ],
          [
            -95.829935849895,
            30.2703124173554
          ],
          [
            -95.8298100665475,
            30.2703242902312
          ],
          [
            -95.8296946680188,
            30.2703344218018
          ],
          [
            -95.8295931259906,
            30.2703363551922
          ],
          [
            -95.8294674806409,
            30.2703356858637
          ],
          [
            -95.8294668171955,
            30.2703356823979
          ],
          [
            -95.8294663420849,
            30.2703356774289
          ],
          [
            -95.8293227476688,
            30.2703216016868
          ],
          [
            -95.8291794158899,
            30.27030189951
          ],
          [
            -95.8290245134685,
            30.2702753828482
          ],
          [
            -95.8288635683461,
            30.2702424618367
          ],
          [
            -95.8287026143163,
            30.2702097560842
          ],
          [
            -95.828555665112,
            30.2701826581427
          ],
          [
            -95.8284260199698,
            30.2701584058525
          ],
          [
            -95.8283042185673,
            30.2701358909975
          ],
          [
            -95.8281542446596,
            30.2701056779514
          ],
          [
            -95.8280164483459,
            30.2700661379009
          ],
          [
            -95.8278804806717,
            30.2700446221626
          ],
          [
            -95.8277343762695,
            30.2700163928325
          ],
          [
            -95.8275537952781,
            30.2699688351119
          ]
        ],
        "type": "LineString"
      },
      "id": 2078,
      "properties": {
        "COMM_PCT": null,
        "Country_L": null,
        "Country_R": null,
        "County_L": null,
        "County_R": null,
        "DiscrpAgID": null,
        "FromAddr_L": null,
        "FromAddr_R": null,
        "IncMuni_L": null,
        "IncMuni_R": null,
        "LSt_Name": null,
        "LSt_PosDir": null,
        "LSt_PreDir": null,
        "LSt_Type": null,
        "MAP_NAME": null,
        "MSAGComm_L": null,
        "MSAGComm_R": null,
        "OBJECTID": null,
        "OBJECTID_1": 2078,
        "PostCode_L": null,
        "PostCode_R": null,
        "RD_CLASS": null,
        "RD_NAME": null,
        "ROAD_NAME": null,
        "RoadClass": null,
        "STREET": "OAKWOOD",
        "SUBDIVISIO": null,
        "SURFACE_TY": null,
        "Shape_Leng": null,
        "Shape__Length": 1335.3479334592944,
        "St_Name": null,
        "St_PosDir": null,
        "St_PosMod": null,
        "St_PosTyp": null,
        "St_PreDir": null,
        "St_PreMod": null,
        "St_PreSep": null,
        "St_PreTyp": null,
        "State_L": null,
        "State_R": null,
        "ToAddr_L": null,
        "ToAddr_R": null
      },
      "type": "Feature"
    },
    {
      "geometry": {
        "coordinates": [
          [
            -95.8233669516436,
            30.2706830754307
          ],
          [
            -95.8233581221728,
            30.2705497727776
          ],
          [
            -95.8233231160733,
            30.2704339076698
          ],
          [
            -95.8232631527133,
            30.2701228150933
          ],
          [
            -95.8232353160314,
            30.2700570372936
          ],
          [
            -95.8231390067314,
            30.2699130867391
          ],
          [
            -95.8230938031271,
            30.269845794543
          ],
          [
            -95.8230636439712,
            30.2697788605426
          ],
          [
            -95.8230234451739,
            30.2696892999755
          ],
          [
            -95.8229913374103,
            30.2696301222439
          ],
          [
            -95.82296372378,
            30.2695595789211
          ],
          [
            -95.8229375121452,
            30.2694929554308
          ],
          [
            -95.8228880851063,
            30.2693973512733
          ],
          [
            -95.8226753137183,
            30.268947196631
          ],
          [
            -95.8225546148035,
            30.2687183432025
          ]
        ],
        "type": "LineString"
      },
      "id": 2719,
      "properties": {
        "COMM_PCT": null,
        "Country_L": null,
        "Country_R": null,
        "County_L": null,
        "County_R": null,
        "DiscrpAgID": null,
        "FromAddr_L": null,
        "FromAddr_R": null,
        "IncMuni_L": null,
        "IncMuni_R": null,
        "LSt_Name": null,
        "LSt_PosDir": null,
        "LSt_PreDir": null,
        "LSt_Type": null,
        "MAP_NAME": null,
        "MSAGComm_L": null,
        "MSAGComm_R": null,
        "OBJECTID": null,
        "OBJECTID_1": 2719,
        "PostCode_L": null,
        "PostCode_R": null,
        "RD_CLASS": null,
        "RD_NAME": null,
        "ROAD_NAME": null,
        "RoadClass": null,
        "STREET": "MILL CREEK",
        "SUBDIVISIO": null,
        "SURFACE_TY": null,
        "Shape_Leng": null,
        "Shape__Length": 765.3906212640949,
        "St_Name": null,
        "St_PosDir": null,
        "St_PosMod": null,
        "St_PosTyp": null,
        "St_PreDir": null,
        "St_PreMod": null,
        "St_PreSep": null,
        "St_PreTyp": null,
        "State_L": null,
        "State_R": null,
        "ToAddr_L": null,
        "ToAddr_R": null
      },
      "type": "Feature"
    },
    {
      "geometry": {
        "coordinates": [
          [
            -95.8586497427956,
            30.263304777909
          ],
          [
            -95.8586787688949,
            30.2629693824757
          ],
          [
            -95.8586682379485,
            30.2627692063597
          ],
          [
            -95.8586676571563,
            30.2624911668937
          ],
          [
            -95.8586619231384,
            30.2622388314371
          ],
          [
            -95.8586617918674,
            30.2620878218605
          ],
          [
            -95.8586566540091,
            30.2620106339493
          ],
          [
            -95.8586519281849,
            30.2619416301123
          ]
        ],
        "type": "LineString"
      },
      "id": 2052,
      "properties": {
        "COMM_PCT": null,
        "Country_L": null,
        "Country_R": null,
        "County_L": null,
        "County_R": null,
        "DiscrpAgID": null,
        "FromAddr_L": null,
        "FromAddr_R": null,
        "IncMuni_L": null,
        "IncMuni_R": null,
        "LSt_Name": null,
        "LSt_PosDir": null,
        "LSt_PreDir": null,
        "LSt_Type": null,
        "MAP_NAME": null,
        "MSAGComm_L": null,
        "MSAGComm_R": null,
        "OBJECTID": null,
        "OBJECTID_1": 2052,
        "PostCode_L": null,
        "PostCode_R": null,
        "RD_CLASS": null,
        "RD_NAME": null,
        "ROAD_NAME": null,
        "RoadClass": null,
        "STREET": "POST OAK",
        "SUBDIVISIO": null,
        "SURFACE_TY": null,
        "Shape_Leng": null,
        "Shape__Length": 496.29181450827156,
        "St_Name": null,
        "St_PosDir": null,
        "St_PosMod": null,
        "St_PosTyp": null,
        "St_PreDir": null,
        "St_PreMod": null,
        "St_PreSep": null,
        "St_PreTyp": null,
        "State_L": null,
        "State_R": null,
        "ToAddr_L": null,
        "ToAddr_R": null
      },
      "type": "Feature"
    },
    {
      "geometry": {
        "coordinates": [
          [
            -95.8307891407078,
            30.2765533291208
          ],
          [
            -95.8304719797566,
            30.2765385692884
          ],
          [
            -95.8301670791691,
            30.2765408293041
          ],
          [
            -95.829919905822,
            30.2765531605638
          ],
          [
            -95.8298138900077,
            30.2765176399758
          ],
          [
            -95.8297165067401,
            30.2764384826235
          ]
        ],
        "type": "LineString"
      },
      "id": 3546,
      "properties": {
        "COMM_PCT": null,
        "Country_L": null,
        "Country_R": null,
        "County_L": null,
        "County_R": null,
        "DiscrpAgID": null,
        "FromAddr_L": null,
        "FromAddr_R": null,
        "IncMuni_L": null,
        "IncMuni_R": null,
        "LSt_Name": null,
        "LSt_PosDir": null,
        "LSt_PreDir": null,
        "LSt_Type": null,
        "MAP_NAME": null,
        "MSAGComm_L": null,
        "MSAGComm_R": null,
        "OBJECTID": null,
        "OBJECTID_1": 3546,
        "PostCode_L": null,
        "PostCode_R": null,
        "RD_CLASS": null,
        "RD_NAME": null,
        "ROAD_NAME": null,
        "RoadClass": null,
        "STREET": "MISSION",
        "SUBDIVISIO": null,
        "SURFACE_TY": null,
        "Shape_Leng": null,
        "Shape__Length": 352.6481878406677,
        "St_Name": null,
        "St_PosDir": null,
        "St_PosMod": null,
        "St_PosTyp": null,
        "St_PreDir": null,
        "St_PreMod": null,
        "St_PreSep": null,
        "St_PreTyp": null,
        "State_L": null,
        "State_R": null,
        "ToAddr_L": null,
        "ToAddr_R": null
      },
      "type": "Feature"
    },
    {
      "geometry": {
        "coordinates": [
          [
            -95.8284272696144,
            30.2603189703473
          ],
          [
            -95.8283114661704,
            30.2602700928622
          ],
          [
            -95.8282124124803,
            30.2602698768895
          ],
          [
            -95.828130799331,
            30.2602695430376
          ],
          [
            -95.8280051551121,
            30.2602787091626
          ],
          [
            -95.8278095155357,
            30.2602763420309
          ],
          [
            -95.827682725691,
            30.2602760951912
          ],
          [
            -95.8275567581182,
            30.2602751882896
          ],
          [
            -95.8274394987699,
            30.260274502768
          ],
          [
            -95.8273277888949,
            30.2602737975088
          ],
          [
            -95.8272242956707,
            30.2602668013666
          ],
          [
            -95.8271169892503,
            30.2602736035555
          ],
          [
            -95.827021913624,
            30.2602730535412
          ],
          [
            -95.8269363324276,
            30.2602728375242
          ],
          [
            -95.8268618392042,
            30.2602727949135
          ],
          [
            -95.8267468462038,
            30.2602744672627
          ],
          [
            -95.8266078685531,
            30.2602806276903
          ],
          [
            -95.8265126686741,
            30.2602827381012
          ],
          [
            -95.8264095939195,
            30.2602837966926
          ],
          [
            -95.8263215589239,
            30.2602852138216
          ],
          [
            -95.8262398845802,
            30.2602861667665
          ],
          [
            -95.8261542633015,
            30.2602868083181
          ],
          [
            -95.8260623295216,
            30.2602868827764
          ],
          [
            -95.8259777921273,
            30.2602812849268
          ],
          [
            -95.825902903574,
            30.2602727149928
          ],
          [
            -95.8258225784492,
            30.2602957299417
          ]
        ],
        "type": "LineString"
      },
      "id": 3515,
      "properties": {
        "COMM_PCT": null,
        "Country_L": null,
        "Country_R": null,
        "County_L": null,
        "County_R": null,
        "DiscrpAgID": null,
        "FromAddr_L": null,
        "FromAddr_R": null,
        "IncMuni_L": null,
        "IncMuni_R": null,
        "LSt_Name": null,
        "LSt_PosDir": null,
        "LSt_PreDir": null,
        "LSt_Type": null,
        "MAP_NAME": null,
        "MSAGComm_L": null,
        "MSAGComm_R": null,
        "OBJECTID": null,
        "OBJECTID_1": 3515,
        "PostCode_L": null,
        "PostCode_R": null,
        "RD_CLASS": null,
        "RD_NAME": null,
        "ROAD_NAME": null,
        "RoadClass": null,
        "STREET": "WOODSIDE",
        "SUBDIVISIO": null,
        "SURFACE_TY": null,
        "Shape_Leng": null,
        "Shape__Length": 828.4817997416151,
        "St_Name": null,
        "St_PosDir": null,
        "St_PosMod": null,
        "St_PosTyp": null,
        "St_PreDir": null,
        "St_PreMod": null,
        "St_PreSep": null,
        "St_PreTyp": null,
        "State_L": null,
        "State_R": null,
        "ToAddr_L": null,
        "ToAddr_R": null
      },
      "type": "Feature"
    },
    {
      "geometry": {
        "coordinates": [
          [
            -95.8303957927884,
            30.2613283695191
          ],
          [
            -95.8302206765247,
            30.2602631996026
          ],
          [
            -95.8300648642213,
            30.2592602075262
          ]
        ],
        "type": "LineString"
      },
      "id": 2536,
      "properties": {
        "COMM_PCT": null,
        "Country_L": null,
        "Country_R": null,
        "County_L": null,
        "County_R": null,
        "DiscrpAgID": null,
        "FromAddr_L": null,
        "FromAddr_R": null,
        "IncMuni_L": null,
        "IncMuni_R": null,
        "LSt_Name": null,
        "LSt_PosDir": null,
        "LSt_PreDir": null,
        "LSt_Type": null,
        "MAP_NAME": null,
        "MSAGComm_L": null,
        "MSAGComm_R": null,
        "OBJECTID": null,
        "OBJECTID_1": 2536,
        "PostCode_L": null,
        "PostCode_R": null,
        "RD_CLASS": null,
        "RD_NAME": null,
        "ROAD_NAME": null,
        "RoadClass": null,
        "STREET": "FM 1774",
        "SUBDIVISIO": null,
        "SURFACE_TY": null,
        "Shape_Leng": null,
        "Shape__Length": 759.3969136570811,
        "St_Name": null,
        "St_PosDir": null,
        "St_PosMod": null,
        "St_PosTyp": null,
        "St_PreDir": null,
        "St_PreMod": null,
        "St_PreSep": null,
        "St_PreTyp": null,
        "State_L": null,
        "State_R": null,
        "ToAddr_L": null,
        "ToAddr_R": null
      },
      "type": "Feature"
    },
    {
      "geometry": {
        "coordinates": [
          [
            -95.8537412465235,
            30.262049484402
          ],
          [
            -95.8510100991244,
            30.2620864005306
          ],
          [
            -95.8508646903416,
            30.2620774836077
          ],
          [
            -95.8503415186609,
            30.2620627839157
          ],
          [
            -95.8499724689021,
            30.2621082554834
          ],
          [
            -95.8497617594679,
            30.2620890550839
          ],
          [
            -95.8495550031745,
            30.2621041314264
          ],
          [
            -95.8493543149134,
            30.2621080261665
          ],
          [
            -95.8491768553135,
            30.2621066289216
          ]
        ],
        "type": "LineString"
      },
      "id": 964,
      "properties": {
        "COMM_PCT": null,
        "Country_L": null,
        "Country_R": null,
        "County_L": null,
        "County_R": null,
        "DiscrpAgID": null,
        "FromAddr_L": null,
        "FromAddr_R": null,
        "IncMuni_L": null,
        "IncMuni_R": null,
        "LSt_Name": null,
        "LSt_PosDir": null,
        "LSt_PreDir": null,
        "LSt_Type": null,
        "MAP_NAME": null,
        "MSAGComm_L": null,
        "MSAGComm_R": null,
        "OBJECTID": null,
        "OBJECTID_1": 964,
        "PostCode_L": null,
        "PostCode_R": null,
        "RD_CLASS": null,
        "RD_NAME": null,
        "ROAD_NAME": null,
        "RoadClass": null,
        "STREET": "TULIP TREE",
        "SUBDIVISIO": null,
        "SURFACE_TY": null,
        "Shape_Leng": null,
        "Shape__Length": 1443.106180574637,
        "St_Name": null,
        "St_PosDir": null,
        "St_PosMod": null,
        "St_PosTyp": null,
        "St_PreDir": null,
        "St_PreMod": null,
        "St_PreSep": null,
        "St_PreTyp": null,
        "State_L": null,
        "State_R": null,
        "ToAddr_L": null,
        "ToAddr_R": null
      },
      "type": "Feature"
    },
    {
      "geometry": {
        "coordinates": [
          [
            -95.8287859087176,
            30.2677875389771
          ],
          [
            -95.8286294784864,
            30.2676721549968
          ],
          [
            -95.8284381193861,
            30.2675268763494
          ],
          [
            -95.8282560281777,
            30.267395300711
          ],
          [
            -95.8280630360884,
            30.2672614309639
          ],
          [
            -95.8280192693584,
            30.2672321816167
          ]
        ],
        "type": "LineString"
      },
      "id": 3031,
      "properties": {
        "COMM_PCT": null,
        "Country_L": null,
        "Country_R": null,
        "County_L": null,
        "County_R": null,
        "DiscrpAgID": null,
        "FromAddr_L": null,
        "FromAddr_R": null,
        "IncMuni_L": null,
        "IncMuni_R": null,
        "LSt_Name": null,
        "LSt_PosDir": null,
        "LSt_PreDir": null,
        "LSt_Type": null,
        "MAP_NAME": null,
        "MSAGComm_L": null,
        "MSAGComm_R": null,
        "OBJECTID": null,
        "OBJECTID_1": 3031,
        "PostCode_L": null,
        "PostCode_R": null,
        "RD_CLASS": null,
        "RD_NAME": null,
        "ROAD_NAME": null,
        "RoadClass": null,
        "STREET": "WILDWOOD",
        "SUBDIVISIO": null,
        "SURFACE_TY": null,
        "Shape_Leng": null,
        "Shape__Length": 315.2842996974166,
        "St_Name": null,
        "St_PosDir": null,
        "St_PosMod": null,
        "St_PosTyp": null,
        "St_PreDir": null,
        "St_PreMod": null,
        "St_PreSep": null,
        "St_PreTyp": null,
        "State_L": null,
        "State_R": null,
        "ToAddr_L": null,
        "ToAddr_R": null
      },
      "type": "Feature"
    },
    {
      "geometry": {
        "coordinates": [
          [
            -95.8280192693584,
            30.2672321816167
          ],
          [
            -95.8279799313103,
            30.2672695729556
          ],
          [
            -95.8279238232984,
            30.2673509285038
          ],
          [
            -95.8278470585895,
            30.2674163789162
          ],
          [
            -95.8277849329044,
            30.2674908155568
          ],
          [
            -95.8276327084995,
            30.2676446806191
          ],
          [
            -95.8276210616516,
            30.2676564817848
          ],
          [
            -95.8275769300837,
            30.2677020122965
          ],
          [
            -95.8274928386687,
            30.2677885740335
          ],
          [
            -95.8274653840364,
            30.267816373515
          ],
          [
            -95.8272624466129,
            30.2680378525481
          ],
          [
            -95.8272018505075,
            30.2681134604627
          ]
        ],
        "type": "LineString"
      },
      "id": 3183,
      "properties": {
        "COMM_PCT": null,
        "Country_L": null,
        "Country_R": null,
        "County_L": null,
        "County_R": null,
        "DiscrpAgID": null,
        "FromAddr_L": null,
        "FromAddr_R": null,
        "IncMuni_L": null,
        "IncMuni_R": null,
        "LSt_Name": null,
        "LSt_PosDir": null,
        "LSt_PreDir": null,
        "LSt_Type": null,
        "MAP_NAME": null,
        "MSAGComm_L": null,
        "MSAGComm_R": null,
        "OBJECTID": null,
        "OBJECTID_1": 3183,
        "PostCode_L": null,
        "PostCode_R": null,
        "RD_CLASS": null,
        "RD_NAME": null,
        "ROAD_NAME": null,
        "RoadClass": null,
        "STREET": "TWINBROOK",
        "SUBDIVISIO": null,
        "SURFACE_TY": null,
        "Shape_Leng": null,
        "Shape__Length": 412.2681296773143,
        "St_Name": null,
        "St_PosDir": null,
        "St_PosMod": null,
        "St_PosTyp": null,
        "St_PreDir": null,
        "St_PreMod": null,
        "St_PreSep": null,
        "St_PreTyp": null,
        "State_L": null,
        "State_R": null,
        "ToAddr_L": null,
        "ToAddr_R": null
      },
      "type": "Feature"
    },
    {
      "geometry": {
        "coordinates": [
          [
            -95.8615610415369,
            30.2556695690521
          ],
          [
            -95.8495844108234,
            30.2558254131433
          ]
        ],
        "type": "LineString"
      },
      "id": 2968,
      "properties": {
        "COMM_PCT": null,
        "Country_L": null,
        "Country_R": null,
        "County_L": null,
        "County_R": null,
        "DiscrpAgID": null,
        "FromAddr_L": null,
        "FromAddr_R": null,
        "IncMuni_L": null,
        "IncMuni_R": null,
        "LSt_Name": null,
        "LSt_PosDir": null,
        "LSt_PreDir": null,
        "LSt_Type": null,
        "MAP_NAME": null,
        "MSAGComm_L": null,
        "MSAGComm_R": null,
        "OBJECTID": null,
        "OBJECTID_1": 2968,
        "PostCode_L": null,
        "PostCode_R": null,
        "RD_CLASS": null,
        "RD_NAME": null,
        "ROAD_NAME": null,
        "RoadClass": null,
        "STREET": "CLARK",
        "SUBDIVISIO": null,
        "SURFACE_TY": null,
        "Shape_Leng": null,
        "Shape__Length": 3781.802773201092,
        "St_Name": null,
        "St_PosDir": null,
        "St_PosMod": null,
        "St_PosTyp": null,
        "St_PreDir": null,
        "St_PreMod": null,
        "St_PreSep": null,
        "St_PreTyp": null,
        "State_L": null,
        "State_R": null,
        "ToAddr_L": null,
        "ToAddr_R": null
      },
      "type": "Feature"
    },
    {
      "geometry": {
        "coordinates": [
          [
            -95.8640311093155,
            30.2654412669584
          ],
          [
            -95.8640473964418,
            30.2653634086618
          ],
          [
            -95.8640412490553,
            30.2652907875788
          ],
          [
            -95.8640370082662,
            30.2652112234897
          ],
          [
            -95.8640336631274,
            30.2651294552583
          ],
          [
            -95.8640298178939,
            30.2650242358474
          ],
          [
            -95.8640244208427,
            30.2648840933753
          ],
          [
            -95.8640207593751,
            30.2647064728996
          ],
          [
            -95.8640167091487,
            30.2645201112497
          ],
          [
            -95.8640129999152,
            30.2643435228454
          ],
          [
            -95.8640115571551,
            30.2641693337904
          ],
          [
            -95.8640075218274,
            30.2639655598784
          ],
          [
            -95.8640008782528,
            30.2637496539766
          ],
          [
            -95.8639975357071,
            30.2634967156257
          ],
          [
            -95.8639922910104,
            30.2633874912085
          ],
          [
            -95.8639914785021,
            30.2632168072548
          ]
        ],
        "type": "LineString"
      },
      "id": 1517,
      "properties": {
        "COMM_PCT": null,
        "Country_L": null,
        "Country_R": null,
        "County_L": null,
        "County_R": null,
        "DiscrpAgID": null,
        "FromAddr_L": null,
        "FromAddr_R": null,
        "IncMuni_L": null,
        "IncMuni_R": null,
        "LSt_Name": null,
        "LSt_PosDir": null,
        "LSt_PreDir": null,
        "LSt_Type": null,
        "MAP_NAME": null,
        "MSAGComm_L": null,
        "MSAGComm_R": null,
        "OBJECTID": null,
        "OBJECTID_1": 1517,
        "PostCode_L": null,
        "PostCode_R": null,
        "RD_CLASS": null,
        "RD_NAME": null,
        "ROAD_NAME": null,
        "RoadClass": null,
        "STREET": "YAUPON BERRY",
        "SUBDIVISIO": null,
        "SURFACE_TY": null,
        "Shape_Leng": null,
        "Shape__Length": 809.7597864376398,
        "St_Name": null,
        "St_PosDir": null,
        "St_PosMod": null,
        "St_PosTyp": null,
        "St_PreDir": null,
        "St_PreMod": null,
        "St_PreSep": null,
        "St_PreTyp": null,
        "State_L": null,
        "State_R": null,
        "ToAddr_L": null,
        "ToAddr_R": null
      },
      "type": "Feature"
    },
    {
      "geometry": {
        "coordinates": [
          [
            -95.8238226035206,
            30.2707189407399
          ],
          [
            -95.8237460432252,
            30.2707120751086
          ],
          [
            -95.8236031392094,
            30.2707001633025
          ],
          [
            -95.8235133026064,
            30.2706890453991
          ],
          [
            -95.8233669516436,
            30.2706830754307
          ]
        ],
        "type": "LineString"
      },
      "id": 784,
      "properties": {
        "COMM_PCT": null,
        "Country_L": null,
        "Country_R": null,
        "County_L": null,
        "County_R": null,
        "DiscrpAgID": null,
        "FromAddr_L": null,
        "FromAddr_R": null,
        "IncMuni_L": null,
        "IncMuni_R": null,
        "LSt_Name": null,
        "LSt_PosDir": null,
        "LSt_PreDir": null,
        "LSt_Type": null,
        "MAP_NAME": null,
        "MSAGComm_L": null,
        "MSAGComm_R": null,
        "OBJECTID": null,
        "OBJECTID_1": 784,
        "PostCode_L": null,
        "PostCode_R": null,
        "RD_CLASS": null,
        "RD_NAME": null,
        "ROAD_NAME": null,
        "RoadClass": null,
        "STREET": "BALSAM",
        "SUBDIVISIO": null,
        "SURFACE_TY": null,
        "Shape_Leng": null,
        "Shape__Length": 144.5145330588097,
        "St_Name": null,
        "St_PosDir": null,
        "St_PosMod": null,
        "St_PosTyp": null,
        "St_PreDir": null,
        "St_PreMod": null,
        "St_PreSep": null,
        "St_PreTyp": null,
        "State_L": null,
        "State_R": null,
        "ToAddr_L": null,
        "ToAddr_R": null
      },
      "type": "Feature"
    },
    {
      "geometry": {
        "coordinates": [
          [
            -95.8316985120042,
            30.2700079148985
          ],
          [
            -95.8316745409929,
            30.2698589450313
          ],
          [
            -95.8315279068439,
            30.2689419424025
          ]
        ],
        "type": "LineString"
      },
      "id": 2902,
      "properties": {
        "COMM_PCT": null,
        "Country_L": null,
        "Country_R": null,
        "County_L": null,
        "County_R": null,
        "DiscrpAgID": null,
        "FromAddr_L": null,
        "FromAddr_R": null,
        "IncMuni_L": null,
        "IncMuni_R": null,
        "LSt_Name": null,
        "LSt_PosDir": null,
        "LSt_PreDir": null,
        "LSt_Type": null,
        "MAP_NAME": null,
        "MSAGComm_L": null,
        "MSAGComm_R": null,
        "OBJECTID": null,
        "OBJECTID_1": 2902,
        "PostCode_L": null,
        "PostCode_R": null,
        "RD_CLASS": null,
        "RD_NAME": null,
        "ROAD_NAME": null,
        "RoadClass": null,
        "STREET": "FM 1774",
        "SUBDIVISIO": null,
        "SURFACE_TY": null,
        "Shape_Leng": null,
        "Shape__Length": 391.40632798039644,
        "St_Name": null,
        "St_PosDir": null,
        "St_PosMod": null,
        "St_PosTyp": null,
        "St_PreDir": null,
        "St_PreMod": null,
        "St_PreSep": null,
        "St_PreTyp": null,
        "State_L": null,
        "State_R": null,
        "ToAddr_L": null,
        "ToAddr_R": null
      },
      "type": "Feature"
    },
    {
      "geometry": {
        "coordinates": [
          [
            -95.8315279068439,
            30.2689419424025
          ],
          [
            -95.8315804826977,
            30.2688843294753
          ]
        ],
        "type": "LineString"
      },
      "id": 838,
      "properties": {
        "COMM_PCT": null,
        "Country_L": null,
        "Country_R": null,
        "County_L": null,
        "County_R": null,
        "DiscrpAgID": null,
        "FromAddr_L": null,
        "FromAddr_R": null,
        "IncMuni_L": null,
        "IncMuni_R": null,
        "LSt_Name": null,
        "LSt_PosDir": null,
        "LSt_PreDir": null,
        "LSt_Type": null,
        "MAP_NAME": null,
        "MSAGComm_L": null,
        "MSAGComm_R": null,
        "OBJECTID": null,
        "OBJECTID_1": 838,
        "PostCode_L": null,
        "PostCode_R": null,
        "RD_CLASS": null,
        "RD_NAME": null,
        "ROAD_NAME": null,
        "RoadClass": null,
        "STREET": "FM 1774",
        "SUBDIVISIO": null,
        "SURFACE_TY": null,
        "Shape_Leng": null,
        "Shape__Length": 26.730406909032805,
        "St_Name": null,
        "St_PosDir": null,
        "St_PosMod": null,
        "St_PosTyp": null,
        "St_PreDir": null,
        "St_PreMod": null,
        "St_PreSep": null,
        "St_PreTyp": null,
        "State_L": null,
        "State_R": null,
        "ToAddr_L": null,
        "ToAddr_R": null
      },
      "type": "Feature"
    },
    {
      "geometry": {
        "coordinates": [
          [
            -95.823169750739,
            30.2526372859927
          ],
          [
            -95.822969916372,
            30.252640222653
          ],
          [
            -95.8227495063212,
            30.2526425643135
          ],
          [
            -95.8225177976955,
            30.2526492791253
          ],
          [
            -95.8222854854156,
            30.2526519311527
          ],
          [
            -95.8220477534902,
            30.2526518557715
          ],
          [
            -95.8218185235073,
            30.252656377872
          ],
          [
            -95.8216132650255,
            30.2526736552263
          ],
          [
            -95.8214403392759,
            30.2526773226176
          ],
          [
            -95.8212932215374,
            30.2526713656442
          ],
          [
            -95.8211678252986,
            30.2526754179894
          ],
          [
            -95.8210521118347,
            30.252692710232
          ]
        ],
        "type": "LineString"
      },
      "id": 1030,
      "properties": {
        "COMM_PCT": null,
        "Country_L": null,
        "Country_R": null,
        "County_L": null,
        "County_R": null,
        "DiscrpAgID": null,
        "FromAddr_L": null,
        "FromAddr_R": null,
        "IncMuni_L": null,
        "IncMuni_R": null,
        "LSt_Name": null,
        "LSt_PosDir": null,
        "LSt_PreDir": null,
        "LSt_Type": null,
        "MAP_NAME": null,
        "MSAGComm_L": null,
        "MSAGComm_R": null,
        "OBJECTID": null,
        "OBJECTID_1": 1030,
        "PostCode_L": null,
        "PostCode_R": null,
        "RD_CLASS": null,
        "RD_NAME": null,
        "ROAD_NAME": null,
        "RoadClass": null,
        "STREET": "BLUE HERON",
        "SUBDIVISIO": null,
        "SURFACE_TY": null,
        "Shape_Leng": null,
        "Shape__Length": 669.6383623299038,
        "St_Name": null,
        "St_PosDir": null,
        "St_PosMod": null,
        "St_PosTyp": null,
        "St_PreDir": null,
        "St_PreMod": null,
        "St_PreSep": null,
        "St_PreTyp": null,
        "State_L": null,
        "State_R": null,
        "ToAddr_L": null,
        "ToAddr_R": null
      },
      "type": "Feature"
    },
    {
      "geometry": {
        "coordinates": [
          [
            -95.8307891407078,
            30.2765533291208
          ],
          [
            -95.8307916175093,
            30.2759057436936
          ]
        ],
        "type": "LineString"
      },
      "id": 389,
      "properties": {
        "COMM_PCT": null,
        "Country_L": null,
        "Country_R": null,
        "County_L": null,
        "County_R": null,
        "DiscrpAgID": null,
        "FromAddr_L": null,
        "FromAddr_R": null,
        "IncMuni_L": null,
        "IncMuni_R": null,
        "LSt_Name": null,
        "LSt_PosDir": null,
        "LSt_PreDir": null,
        "LSt_Type": null,
        "MAP_NAME": null,
        "MSAGComm_L": null,
        "MSAGComm_R": null,
        "OBJECTID": null,
        "OBJECTID_1": 389,
        "PostCode_L": null,
        "PostCode_R": null,
        "RD_CLASS": null,
        "RD_NAME": null,
        "ROAD_NAME": null,
        "RoadClass": null,
        "STREET": "MISTLETOE",
        "SUBDIVISIO": null,
        "SURFACE_TY": null,
        "Shape_Leng": null,
        "Shape__Length": 235.5213384831551,
        "St_Name": null,
        "St_PosDir": null,
        "St_PosMod": null,
        "St_PosTyp": null,
        "St_PreDir": null,
        "St_PreMod": null,
        "St_PreSep": null,
        "St_PreTyp": null,
        "State_L": null,
        "State_R": null,
        "ToAddr_L": null,
        "ToAddr_R": null
      },
      "type": "Feature"
    },
    {
      "geometry": {
        "coordinates": [
          [
            -95.8284320359293,
            30.2593019392312
          ],
          [
            -95.8283151619275,
            30.2593081530548
          ],
          [
            -95.8281003473511,
            30.2593091520059
          ],
          [
            -95.8278935188148,
            30.2593088416388
          ],
          [
            -95.8277009317849,
            30.259309031955
          ],
          [
            -95.8275137528378,
            30.2593122074287
          ],
          [
            -95.8273241973203,
            30.2593153405452
          ],
          [
            -95.8271410174435,
            30.2593177533376
          ],
          [
            -95.8269807911794,
            30.2593207586327
          ],
          [
            -95.8268395226288,
            30.2593251169454
          ],
          [
            -95.8266997832279,
            30.2593306484282
          ],
          [
            -95.8265514359453,
            30.2593338554046
          ],
          [
            -95.8264160353823,
            30.259331326149
          ],
          [
            -95.8262813718911,
            30.2593299837371
          ],
          [
            -95.8261420103874,
            30.2593274439074
          ],
          [
            -95.8260096553554,
            30.2593276017095
          ],
          [
            -95.8258828647404,
            30.259327396354
          ],
          [
            -95.8257309012811,
            30.2593231648389
          ],
          [
            -95.8255747412322,
            30.2593239460559
          ],
          [
            -95.8254169075908,
            30.2593266462926
          ],
          [
            -95.8253028683696,
            30.2593249101645
          ],
          [
            -95.8251886856846,
            30.2593262231843
          ],
          [
            -95.8250542598318,
            30.2593198148026
          ],
          [
            -95.824708411747,
            30.2593096165536
          ]
        ],
        "type": "LineString"
      },
      "id": 881,
      "properties": {
        "COMM_PCT": null,
        "Country_L": null,
        "Country_R": null,
        "County_L": null,
        "County_R": null,
        "DiscrpAgID": null,
        "FromAddr_L": null,
        "FromAddr_R": null,
        "IncMuni_L": null,
        "IncMuni_R": null,
        "LSt_Name": null,
        "LSt_PosDir": null,
        "LSt_PreDir": null,
        "LSt_Type": null,
        "MAP_NAME": null,
        "MSAGComm_L": null,
        "MSAGComm_R": null,
        "OBJECTID": null,
        "OBJECTID_1": 881,
        "PostCode_L": null,
        "PostCode_R": null,
        "RD_CLASS": null,
        "RD_NAME": null,
        "ROAD_NAME": null,
        "RoadClass": null,
        "STREET": "INWOOD",
        "SUBDIVISIO": null,
        "SURFACE_TY": null,
        "Shape_Leng": null,
        "Shape__Length": 1176.0079147940387,
        "St_Name": null,
        "St_PosDir": null,
        "St_PosMod": null,
        "St_PosTyp": null,
        "St_PreDir": null,
        "St_PreMod": null,
        "St_PreSep": null,
        "St_PreTyp": null,
        "State_L": null,
        "State_R": null,
        "ToAddr_L": null,
        "ToAddr_R": null
      },
      "type": "Feature"
    },
    {
      "geometry": {
        "coordinates": [
          [
            -95.8287030820164,
            30.2510806665448
          ],
          [
            -95.8286601579372,
            30.2509632786018
          ],
          [
            -95.8285842682201,
            30.2508082564737
          ],
          [
            -95.8285217493221,
            30.2506805468486
          ]
        ],
        "type": "LineString"
      },
      "id": 1371,
      "properties": {
        "COMM_PCT": null,
        "Country_L": null,
        "Country_R": null,
        "County_L": null,
        "County_R": null,
        "DiscrpAgID": null,
        "FromAddr_L": null,
        "FromAddr_R": null,
        "IncMuni_L": null,
        "IncMuni_R": null,
        "LSt_Name": null,
        "LSt_PosDir": null,
        "LSt_PreDir": null,
        "LSt_Type": null,
        "MAP_NAME": null,
        "MSAGComm_L": null,
        "MSAGComm_R": null,
        "OBJECTID": null,
        "OBJECTID_1": 1371,
        "PostCode_L": null,
        "PostCode_R": null,
        "RD_CLASS": null,
        "RD_NAME": null,
        "ROAD_NAME": null,
        "RoadClass": null,
        "STREET": "FM 1774",
        "SUBDIVISIO": null,
        "SURFACE_TY": null,
        "Shape_Leng": null,
        "Shape__Length": 156.5207117533535,
        "St_Name": null,
        "St_PosDir": null,
        "St_PosMod": null,
        "St_PosTyp": null,
        "St_PreDir": null,
        "St_PreMod": null,
        "St_PreSep": null,
        "St_PreTyp": null,
        "State_L": null,
        "State_R": null,
        "ToAddr_L": null,
        "ToAddr_R": null
      },
      "type": "Feature"
    },
    {
      "geometry": {
        "coordinates": [
          [
            -95.8285217493221,
            30.2506805468486
          ],
          [
            -95.8286382803042,
            30.2506033573453
          ],
          [
            -95.8287601547648,
            30.2504879400381
          ],
          [
            -95.8288425246023,
            30.2504039827618
          ],
          [
            -95.8288924409572,
            30.2503531952931
          ],
          [
            -95.8289638047741,
            30.2502842866034
          ],
          [
            -95.8290902909895,
            30.2501719112697
          ],
          [
            -95.8293511755265,
            30.2499643820487
          ],
          [
            -95.8294694120866,
            30.2498759239566
          ],
          [
            -95.8295826503422,
            30.2497927087979
          ],
          [
            -95.8296844592347,
            30.2497336424024
          ]
        ],
        "type": "LineString"
      },
      "id": 2430,
      "properties": {
        "COMM_PCT": null,
        "Country_L": null,
        "Country_R": null,
        "County_L": null,
        "County_R": null,
        "DiscrpAgID": null,
        "FromAddr_L": null,
        "FromAddr_R": null,
        "IncMuni_L": null,
        "IncMuni_R": null,
        "LSt_Name": null,
        "LSt_PosDir": null,
        "LSt_PreDir": null,
        "LSt_Type": null,
        "MAP_NAME": null,
        "MSAGComm_L": null,
        "MSAGComm_R": null,
        "OBJECTID": null,
        "OBJECTID_1": 2430,
        "PostCode_L": null,
        "PostCode_R": null,
        "RD_CLASS": null,
        "RD_NAME": null,
        "ROAD_NAME": null,
        "RoadClass": null,
        "STREET": "303",
        "SUBDIVISIO": null,
        "SURFACE_TY": null,
        "Shape_Leng": null,
        "Shape__Length": 504.9753632186548,
        "St_Name": null,
        "St_PosDir": null,
        "St_PosMod": null,
        "St_PosTyp": null,
        "St_PreDir": null,
        "St_PreMod": null,
        "St_PreSep": null,
        "St_PreTyp": null,
        "State_L": null,
        "State_R": null,
        "ToAddr_L": null,
        "ToAddr_R": null
      },
      "type": "Feature"
    },
    {
      "geometry": {
        "coordinates": [
          [
            -95.8296844592347,
            30.2497336424024
          ],
          [
            -95.8296256433141,
            30.2496694850582
          ],
          [
            -95.8295328144996,
            30.2495870633787
          ],
          [
            -95.8294417133536,
            30.2495015614245
          ],
          [
            -95.829350257863,
            30.2494066746026
          ],
          [
            -95.829258662264,
            30.2493317760743
          ],
          [
            -95.8291700801175,
            30.2492432684911
          ],
          [
            -95.8290873172661,
            30.2491658853188
          ],
          [
            -95.8289993422684,
            30.2490813542856
          ],
          [
            -95.8289260470631,
            30.2489878805287
          ],
          [
            -95.8288736974821,
            30.2488870594915
          ],
          [
            -95.8288444975659,
            30.2487826234069
          ],
          [
            -95.8288312070554,
            30.2486768979215
          ],
          [
            -95.8288267698975,
            30.2485682173933
          ],
          [
            -95.8288185916137,
            30.2484548035175
          ],
          [
            -95.8288104393859,
            30.2483408317028
          ],
          [
            -95.8288062176159,
            30.2482275588042
          ],
          [
            -95.8288019828717,
            30.2481145418549
          ],
          [
            -95.8288030434879,
            30.2480069133117
          ],
          [
            -95.8287968831988,
            30.2478842405179
          ],
          [
            -95.8287867158088,
            30.2478134526712
          ],
          [
            -95.82878744751,
            30.2477468328938
          ],
          [
            -95.8287825274994,
            30.2476654813697
          ],
          [
            -95.8287766593848,
            30.2475705088202
          ],
          [
            -95.8287708483326,
            30.247474291462
          ],
          [
            -95.8287671820328,
            30.247400035184
          ],
          [
            -95.8287631571518,
            30.2473334629656
          ],
          [
            -95.8287582953137,
            30.2472508657692
          ],
          [
            -95.8287518463159,
            30.2471683418481
          ],
          [
            -95.8287464535763,
            30.2470971215665
          ],
          [
            -95.8287360901522,
            30.2470135571143
          ],
          [
            -95.8287362353275,
            30.2469255465915
          ],
          [
            -95.8287320596522,
            30.2468282690498
          ],
          [
            -95.828730178112,
            30.2467327487736
          ],
          [
            -95.8287190739045,
            30.2466310997463
          ],
          [
            -95.8287121976149,
            30.2465237517769
          ],
          [
            -95.8287061595692,
            30.2464154437865
          ],
          [
            -95.8287016205267,
            30.2463089517643
          ],
          [
            -95.8287007644899,
            30.2462084369647
          ],
          [
            -95.8286938361345,
            30.2461022057776
          ],
          [
            -95.8286877460617,
            30.2459950136683
          ],
          [
            -95.8286807436207,
            30.2458903706711
          ],
          [
            -95.8286745403552,
            30.2457855824423
          ],
          [
            -95.8286706051821,
            30.2456831536585
          ],
          [
            -95.8286682251072,
            30.2455813384347
          ],
          [
            -95.8286642708658,
            30.2454792962975
          ],
          [
            -95.8286602805848,
            30.2453780266227
          ],
          [
            -95.8286547192433,
            30.2452764859046
          ],
          [
            -95.8286512774808,
            30.245197421804
          ]
        ],
        "type": "LineString"
      },
      "id": 2573,
      "properties": {
        "COMM_PCT": null,
        "Country_L": null,
        "Country_R": null,
        "County_L": null,
        "County_R": null,
        "DiscrpAgID": null,
        "FromAddr_L": null,
        "FromAddr_R": null,
        "IncMuni_L": null,
        "IncMuni_R": null,
        "LSt_Name": null,
        "LSt_PosDir": null,
        "LSt_PreDir": null,
        "LSt_Type": null,
        "MAP_NAME": null,
        "MSAGComm_L": null,
        "MSAGComm_R": null,
        "OBJECTID": null,
        "OBJECTID_1": 2573,
        "PostCode_L": null,
        "PostCode_R": null,
        "RD_CLASS": null,
        "RD_NAME": null,
        "ROAD_NAME": null,
        "RoadClass": null,
        "STREET": "BRITTANY",
        "SUBDIVISIO": null,
        "SURFACE_TY": null,
        "Shape_Leng": null,
        "Shape__Length": 1747.5759251496931,
        "St_Name": null,
        "St_PosDir": null,
        "St_PosMod": null,
        "St_PosTyp": null,
        "St_PreDir": null,
        "St_PreMod": null,
        "St_PreSep": null,
        "St_PreTyp": null,
        "State_L": null,
        "State_R": null,
        "ToAddr_L": null,
        "ToAddr_R": null
      },
      "type": "Feature"
    },
    {
      "geometry": {
        "coordinates": [
          [
            -95.8342212417307,
            30.2611487923613
          ],
          [
            -95.8341251827556,
            30.2609911541787
          ],
          [
            -95.8330811177765,
            30.2592777466268
          ],
          [
            -95.8328147565146,
            30.2588527433986
          ],
          [
            -95.8326922325707,
            30.2586477827445
          ],
          [
            -95.8325913808816,
            30.2582773364324
          ]
        ],
        "type": "LineString"
      },
      "id": 4233,
      "properties": {
        "COMM_PCT": null,
        "Country_L": null,
        "Country_R": null,
        "County_L": null,
        "County_R": null,
        "DiscrpAgID": null,
        "FromAddr_L": null,
        "FromAddr_R": null,
        "IncMuni_L": null,
        "IncMuni_R": null,
        "LSt_Name": null,
        "LSt_PosDir": null,
        "LSt_PreDir": null,
        "LSt_Type": null,
        "MAP_NAME": null,
        "MSAGComm_L": null,
        "MSAGComm_R": null,
        "OBJECTID": null,
        "OBJECTID_1": 4233,
        "PostCode_L": null,
        "PostCode_R": null,
        "RD_CLASS": null,
        "RD_NAME": null,
        "ROAD_NAME": null,
        "RoadClass": null,
        "STREET": "TUDOR",
        "SUBDIVISIO": null,
        "SURFACE_TY": null,
        "Shape_Leng": null,
        "Shape__Length": 1168.2045593521357,
        "St_Name": null,
        "St_PosDir": null,
        "St_PosMod": null,
        "St_PosTyp": null,
        "St_PreDir": null,
        "St_PreMod": null,
        "St_PreSep": null,
        "St_PreTyp": null,
        "State_L": null,
        "State_R": null,
        "ToAddr_L": null,
        "ToAddr_R": null
      },
      "type": "Feature"
    },
    {
      "geometry": {
        "coordinates": [
          [
            -95.824490009337,
            30.253620266425
          ],
          [
            -95.8245322705033,
            30.2534790021869
          ],
          [
            -95.8245588613935,
            30.2534187097445
          ],
          [
            -95.8245946498376,
            30.253297211846
          ],
          [
            -95.8246239116022,
            30.2531797401367
          ],
          [
            -95.8246236501475,
            30.2530326795031
          ],
          [
            -95.8246144355365,
            30.2528906773498
          ],
          [
            -95.8246175816386,
            30.2528233263062
          ],
          [
            -95.8246101870776,
            30.2527101968657
          ],
          [
            -95.8246065758853,
            30.2526178828207
          ]
        ],
        "type": "LineString"
      },
      "id": 2716,
      "properties": {
        "COMM_PCT": null,
        "Country_L": null,
        "Country_R": null,
        "County_L": null,
        "County_R": null,
        "DiscrpAgID": null,
        "FromAddr_L": null,
        "FromAddr_R": null,
        "IncMuni_L": null,
        "IncMuni_R": null,
        "LSt_Name": null,
        "LSt_PosDir": null,
        "LSt_PreDir": null,
        "LSt_Type": null,
        "MAP_NAME": null,
        "MSAGComm_L": null,
        "MSAGComm_R": null,
        "OBJECTID": null,
        "OBJECTID_1": 2716,
        "PostCode_L": null,
        "PostCode_R": null,
        "RD_CLASS": null,
        "RD_NAME": null,
        "ROAD_NAME": null,
        "RoadClass": null,
        "STREET": "DOGWOOD",
        "SUBDIVISIO": null,
        "SURFACE_TY": null,
        "Shape_Leng": null,
        "Shape__Length": 370.41096270164775,
        "St_Name": null,
        "St_PosDir": null,
        "St_PosMod": null,
        "St_PosTyp": null,
        "St_PreDir": null,
        "St_PreMod": null,
        "St_PreSep": null,
        "St_PreTyp": null,
        "State_L": null,
        "State_R": null,
        "ToAddr_L": null,
        "ToAddr_R": null
      },
      "type": "Feature"
    },
    {
      "geometry": {
        "coordinates": [
          [
            -95.8493202213591,
            30.2515166976017
          ],
          [
            -95.849317914327,
            30.251498127787
          ],
          [
            -95.8493168909842,
            30.2514689829408
          ],
          [
            -95.8493083480771,
            30.2513117450429
          ],
          [
            -95.8493042344252,
            30.2511785673393
          ],
          [
            -95.8493080519069,
            30.2510793338336
          ],
          [
            -95.8493071926838,
            30.2510295984954
          ],
          [
            -95.8492989372749,
            30.2509438954917
          ],
          [
            -95.8492993876072,
            30.2507713246551
          ],
          [
            -95.8492982376711,
            30.2506184047403
          ],
          [
            -95.8493039005137,
            30.2505205693318
          ],
          [
            -95.8493015607494,
            30.2504685891835
          ],
          [
            -95.8492955304237,
            30.2503254981221
          ],
          [
            -95.8492944019727,
            30.2502815585498
          ],
          [
            -95.8492917720751,
            30.2502358465159
          ],
          [
            -95.8492907074407,
            30.2501905332667
          ],
          [
            -95.8492896288219,
            30.250145521073
          ],
          [
            -95.8492900786488,
            30.2501017225325
          ],
          [
            -95.8492887806607,
            30.2500614325789
          ],
          [
            -95.8492898381686,
            30.2500216106101
          ],
          [
            -95.8492906304131,
            30.2499874987751
          ],
          [
            -95.8492961749778,
            30.2499363977844
          ],
          [
            -95.8492981776827,
            30.2499093595654
          ]
        ],
        "type": "LineString"
      },
      "id": 3320,
      "properties": {
        "COMM_PCT": null,
        "Country_L": null,
        "Country_R": null,
        "County_L": null,
        "County_R": null,
        "DiscrpAgID": null,
        "FromAddr_L": null,
        "FromAddr_R": null,
        "IncMuni_L": null,
        "IncMuni_R": null,
        "LSt_Name": null,
        "LSt_PosDir": null,
        "LSt_PreDir": null,
        "LSt_Type": null,
        "MAP_NAME": null,
        "MSAGComm_L": null,
        "MSAGComm_R": null,
        "OBJECTID": null,
        "OBJECTID_1": 3320,
        "PostCode_L": null,
        "PostCode_R": null,
        "RD_CLASS": null,
        "RD_NAME": null,
        "ROAD_NAME": null,
        "RoadClass": null,
        "STREET": "SHUMARD",
        "SUBDIVISIO": null,
        "SURFACE_TY": null,
        "Shape_Leng": null,
        "Shape__Length": 585.0715862954204,
        "St_Name": null,
        "St_PosDir": null,
        "St_PosMod": null,
        "St_PosTyp": null,
        "St_PreDir": null,
        "St_PreMod": null,
        "St_PreSep": null,
        "St_PreTyp": null,
        "State_L": null,
        "State_R": null,
        "ToAddr_L": null,
        "ToAddr_R": null
      },
      "type": "Feature"
    },
    {
      "geometry": {
        "coordinates": [
          [
            -95.8246065758853,
            30.2526178828207
          ],
          [
            -95.8246025103638,
            30.2525013441024
          ],
          [
            -95.8246008884811,
            30.2524003723675
          ],
          [
            -95.8246036314252,
            30.2523077231761
          ],
          [
            -95.824598503246,
            30.2522309206386
          ],
          [
            -95.8245975582951,
            30.2521493638761
          ],
          [
            -95.8245956056286,
            30.2520724158301
          ],
          [
            -95.8245906406192,
            30.2519412276092
          ],
          [
            -95.8245857932751,
            30.2518753556785
          ],
          [
            -95.8245887898803,
            30.2517772983984
          ],
          [
            -95.8246506452383,
            30.2517084869436
          ],
          [
            -95.8247279905235,
            30.2516982253809
          ],
          [
            -95.8248541594944,
            30.2516945832201
          ],
          [
            -95.824946036975,
            30.2516955398774
          ],
          [
            -95.8250475975969,
            30.2516927944454
          ],
          [
            -95.8251538539226,
            30.2516913319466
          ],
          [
            -95.8252545712435,
            30.2516896752794
          ],
          [
            -95.8253702157889,
            30.2516907803141
          ],
          [
            -95.8254683793307,
            30.2516929022396
          ],
          [
            -95.8255488913448,
            30.2516996924858
          ],
          [
            -95.825629740404,
            30.2517060575717
          ],
          [
            -95.8258964488859,
            30.2517130300634
          ]
        ],
        "type": "LineString"
      },
      "id": 864,
      "properties": {
        "COMM_PCT": null,
        "Country_L": null,
        "Country_R": null,
        "County_L": null,
        "County_R": null,
        "DiscrpAgID": null,
        "FromAddr_L": null,
        "FromAddr_R": null,
        "IncMuni_L": null,
        "IncMuni_R": null,
        "LSt_Name": null,
        "LSt_PosDir": null,
        "LSt_PreDir": null,
        "LSt_Type": null,
        "MAP_NAME": null,
        "MSAGComm_L": null,
        "MSAGComm_R": null,
        "OBJECTID": null,
        "OBJECTID_1": 864,
        "PostCode_L": null,
        "PostCode_R": null,
        "RD_CLASS": null,
        "RD_NAME": null,
        "ROAD_NAME": null,
        "RoadClass": null,
        "STREET": "DOGWOOD",
        "SUBDIVISIO": null,
        "SURFACE_TY": null,
        "Shape_Leng": null,
        "Shape__Length": 731.5948189721987,
        "St_Name": null,
        "St_PosDir": null,
        "St_PosMod": null,
        "St_PosTyp": null,
        "St_PreDir": null,
        "St_PreMod": null,
        "St_PreSep": null,
        "St_PreTyp": null,
        "State_L": null,
        "State_R": null,
        "ToAddr_L": null,
        "ToAddr_R": null
      },
      "type": "Feature"
    },
    {
      "geometry": {
        "coordinates": [
          [
            -95.824760976061,
            30.261407514883
          ],
          [
            -95.8247065719795,
            30.261231889221
          ],
          [
            -95.8247141400177,
            30.2605440650583
          ],
          [
            -95.8247132100683,
            30.2604791480816
          ],
          [
            -95.8247100030863,
            30.2603103137737
          ],
          [
            -95.824707868623,
            30.260220287106
          ],
          [
            -95.8247095825205,
            30.2600818097013
          ],
          [
            -95.824698453917,
            30.2597941503292
          ],
          [
            -95.8246961760895,
            30.2597072153501
          ],
          [
            -95.8246947530561,
            30.2595171585491
          ],
          [
            -95.8246996150387,
            30.2594300442637
          ],
          [
            -95.824708411747,
            30.2593096165536
          ]
        ],
        "type": "LineString"
      },
      "id": 3266,
      "properties": {
        "COMM_PCT": null,
        "Country_L": null,
        "Country_R": null,
        "County_L": null,
        "County_R": null,
        "DiscrpAgID": null,
        "FromAddr_L": null,
        "FromAddr_R": null,
        "IncMuni_L": null,
        "IncMuni_R": null,
        "LSt_Name": null,
        "LSt_PosDir": null,
        "LSt_PreDir": null,
        "LSt_Type": null,
        "MAP_NAME": null,
        "MSAGComm_L": null,
        "MSAGComm_R": null,
        "OBJECTID": null,
        "OBJECTID_1": 3266,
        "PostCode_L": null,
        "PostCode_R": null,
        "RD_CLASS": null,
        "RD_NAME": null,
        "ROAD_NAME": null,
        "RoadClass": null,
        "STREET": "BRIARWOOD",
        "SUBDIVISIO": null,
        "SURFACE_TY": null,
        "Shape_Leng": null,
        "Shape__Length": 765.4787341796407,
        "St_Name": null,
        "St_PosDir": null,
        "St_PosMod": null,
        "St_PosTyp": null,
        "St_PreDir": null,
        "St_PreMod": null,
        "St_PreSep": null,
        "St_PreTyp": null,
        "State_L": null,
        "State_R": null,
        "ToAddr_L": null,
        "ToAddr_R": null
      },
      "type": "Feature"
    },
    {
      "geometry": {
        "coordinates": [
          [
            -95.8621028112259,
            30.2658013535901
          ],
          [
            -95.8607508317206,
            30.2657990787297
          ]
        ],
        "type": "LineString"
      },
      "id": 2046,
      "properties": {
        "COMM_PCT": null,
        "Country_L": null,
        "Country_R": null,
        "County_L": null,
        "County_R": null,
        "DiscrpAgID": null,
        "FromAddr_L": null,
        "FromAddr_R": null,
        "IncMuni_L": null,
        "IncMuni_R": null,
        "LSt_Name": null,
        "LSt_PosDir": null,
        "LSt_PreDir": null,
        "LSt_Type": null,
        "MAP_NAME": null,
        "MSAGComm_L": null,
        "MSAGComm_R": null,
        "OBJECTID": null,
        "OBJECTID_1": 2046,
        "PostCode_L": null,
        "PostCode_R": null,
        "RD_CLASS": null,
        "RD_NAME": null,
        "ROAD_NAME": null,
        "RoadClass": null,
        "STREET": "HILL FOREST",
        "SUBDIVISIO": null,
        "SURFACE_TY": null,
        "Shape_Leng": null,
        "Shape__Length": 426.81645076630565,
        "St_Name": null,
        "St_PosDir": null,
        "St_PosMod": null,
        "St_PosTyp": null,
        "St_PreDir": null,
        "St_PreMod": null,
        "St_PreSep": null,
        "St_PreTyp": null,
        "State_L": null,
        "State_R": null,
        "ToAddr_L": null,
        "ToAddr_R": null
      },
      "type": "Feature"
    },
    {
      "geometry": {
        "coordinates": [
          [
            -95.8269862760908,
            30.2555713900676
          ],
          [
            -95.8270092283784,
            30.2554871920035
          ],
          [
            -95.8270289052079,
            30.2554221840408
          ],
          [
            -95.8270506343825,
            30.2553471861769
          ],
          [
            -95.8270749944805,
            30.2552667347582
          ],
          [
            -95.8270956417213,
            30.2551979356159
          ],
          [
            -95.8271167745091,
            30.2551356873847
          ],
          [
            -95.8271387756354,
            30.2550718355703
          ],
          [
            -95.8271642750038,
            30.2550009265825
          ],
          [
            -95.827190534424,
            30.2549307331985
          ],
          [
            -95.8272289867956,
            30.2548200342153
          ],
          [
            -95.8272658006301,
            30.2547104819564
          ],
          [
            -95.8273055730103,
            30.2545884789421
          ],
          [
            -95.8273460823731,
            30.2544676619955
          ],
          [
            -95.8273859953904,
            30.2543595946804
          ],
          [
            -95.8274249819532,
            30.2542544181449
          ],
          [
            -95.8274446011798,
            30.2541906549332
          ],
          [
            -95.8275017780447,
            30.2540862483933
          ],
          [
            -95.8275546367722,
            30.2539724872964
          ],
          [
            -95.8275775836878,
            30.253905316476
          ],
          [
            -95.8276219955482,
            30.2538536911124
          ],
          [
            -95.827682076933,
            30.25372100694
          ],
          [
            -95.8277510439589,
            30.2536356334046
          ],
          [
            -95.8278147521648,
            30.2535101279321
          ],
          [
            -95.8278555575479,
            30.2534508522851
          ],
          [
            -95.8279130818946,
            30.2533559592714
          ],
          [
            -95.8279935092879,
            30.2532627314658
          ],
          [
            -95.8280398273851,
            30.2531532560991
          ],
          [
            -95.8281186464208,
            30.2530435472501
          ],
          [
            -95.8281824045248,
            30.2529339540668
          ],
          [
            -95.8282473981934,
            30.2528318418861
          ],
          [
            -95.8283136046681,
            30.2527716106671
          ],
          [
            -95.8283788612782,
            30.2526808157005
          ],
          [
            -95.8284590266831,
            30.2526271370886
          ],
          [
            -95.828547826158,
            30.2525922088852
          ],
          [
            -95.8286219701874,
            30.2525826485179
          ],
          [
            -95.8287562859538,
            30.2525742584428
          ],
          [
            -95.8288318078784,
            30.2525691323983
          ],
          [
            -95.8289431734579,
            30.2525600648939
          ]
        ],
        "type": "LineString"
      },
      "id": 1236,
      "properties": {
        "COMM_PCT": null,
        "Country_L": null,
        "Country_R": null,
        "County_L": null,
        "County_R": null,
        "DiscrpAgID": null,
        "FromAddr_L": null,
        "FromAddr_R": null,
        "IncMuni_L": null,
        "IncMuni_R": null,
        "LSt_Name": null,
        "LSt_PosDir": null,
        "LSt_PreDir": null,
        "LSt_Type": null,
        "MAP_NAME": null,
        "MSAGComm_L": null,
        "MSAGComm_R": null,
        "OBJECTID": null,
        "OBJECTID_1": 1236,
        "PostCode_L": null,
        "PostCode_R": null,
        "RD_CLASS": null,
        "RD_NAME": null,
        "ROAD_NAME": null,
        "RoadClass": null,
        "STREET": "SMITHWAY",
        "SUBDIVISIO": null,
        "SURFACE_TY": null,
        "Shape_Leng": null,
        "Shape__Length": 1338.335222603566,
        "St_Name": null,
        "St_PosDir": null,
        "St_PosMod": null,
        "St_PosTyp": null,
        "St_PreDir": null,
        "St_PreMod": null,
        "St_PreSep": null,
        "St_PreTyp": null,
        "State_L": null,
        "State_R": null,
        "ToAddr_L": null,
        "ToAddr_R": null
      },
      "type": "Feature"
    },
    {
      "geometry": {
        "coordinates": [
          [
            -95.8284272696144,
            30.2603189703473
          ],
          [
            -95.8284166520721,
            30.260138953187
          ],
          [
            -95.8284225343597,
            30.2599789941894
          ],
          [
            -95.8284215462879,
            30.2598134189494
          ],
          [
            -95.828417549514,
            30.2596613671014
          ],
          [
            -95.8284238197143,
            30.259544032927
          ],
          [
            -95.8284320359293,
            30.2593019392312
          ]
        ],
        "type": "LineString"
      },
      "id": 240,
      "properties": {
        "COMM_PCT": null,
        "Country_L": null,
        "Country_R": null,
        "County_L": null,
        "County_R": null,
        "DiscrpAgID": null,
        "FromAddr_L": null,
        "FromAddr_R": null,
        "IncMuni_L": null,
        "IncMuni_R": null,
        "LSt_Name": null,
        "LSt_PosDir": null,
        "LSt_PreDir": null,
        "LSt_Type": null,
        "MAP_NAME": null,
        "MSAGComm_L": null,
        "MSAGComm_R": null,
        "OBJECTID": null,
        "OBJECTID_1": 240,
        "PostCode_L": null,
        "PostCode_R": null,
        "RD_CLASS": null,
        "RD_NAME": null,
        "ROAD_NAME": null,
        "RoadClass": null,
        "STREET": "SUTTON",
        "SUBDIVISIO": null,
        "SURFACE_TY": null,
        "Shape_Leng": null,
        "Shape__Length": 370.09867922995596,
        "St_Name": null,
        "St_PosDir": null,
        "St_PosMod": null,
        "St_PosTyp": null,
        "St_PreDir": null,
        "St_PreMod": null,
        "St_PreSep": null,
        "St_PreTyp": null,
        "State_L": null,
        "State_R": null,
        "ToAddr_L": null,
        "ToAddr_R": null
      },
      "type": "Feature"
    },
    {
      "geometry": {
        "coordinates": [
          [
            -95.8558408542822,
            30.2699528635932
          ],
          [
            -95.8558568667513,
            30.2698469194037
          ],
          [
            -95.8558526457902,
            30.2697499859735
          ],
          [
            -95.8558511111018,
            30.2696635073008
          ],
          [
            -95.8558502106626,
            30.2695633359379
          ],
          [
            -95.8558452335997,
            30.2694143912368
          ],
          [
            -95.8558395468015,
            30.2693490524975
          ],
          [
            -95.8558507071133,
            30.269279356981
          ],
          [
            -95.8558281248044,
            30.2691681932388
          ],
          [
            -95.8558451327976,
            30.2690920374625
          ],
          [
            -95.8558425408783,
            30.2690112412516
          ],
          [
            -95.8558403777525,
            30.2689382857437
          ],
          [
            -95.8558373985009,
            30.2688658605576
          ],
          [
            -95.8558221396457,
            30.2686822877985
          ],
          [
            -95.8558212540317,
            30.2685476325391
          ]
        ],
        "type": "LineString"
      },
      "id": 3180,
      "properties": {
        "COMM_PCT": null,
        "Country_L": null,
        "Country_R": null,
        "County_L": null,
        "County_R": null,
        "DiscrpAgID": null,
        "FromAddr_L": null,
        "FromAddr_R": null,
        "IncMuni_L": null,
        "IncMuni_R": null,
        "LSt_Name": null,
        "LSt_PosDir": null,
        "LSt_PreDir": null,
        "LSt_Type": null,
        "MAP_NAME": null,
        "MSAGComm_L": null,
        "MSAGComm_R": null,
        "OBJECTID": null,
        "OBJECTID_1": 3180,
        "PostCode_L": null,
        "PostCode_R": null,
        "RD_CLASS": null,
        "RD_NAME": null,
        "ROAD_NAME": null,
        "RoadClass": null,
        "STREET": "HOLLY BERRY",
        "SUBDIVISIO": null,
        "SURFACE_TY": null,
        "Shape_Leng": null,
        "Shape__Length": 513.1130530685646,
        "St_Name": null,
        "St_PosDir": null,
        "St_PosMod": null,
        "St_PosTyp": null,
        "St_PreDir": null,
        "St_PreMod": null,
        "St_PreSep": null,
        "St_PreTyp": null,
        "State_L": null,
        "State_R": null,
        "ToAddr_L": null,
        "ToAddr_R": null
      },
      "type": "Feature"
    },
    {
      "geometry": {
        "coordinates": [
          [
            -95.8589170466555,
            30.2719999672726
          ],
          [
            -95.8587102646632,
            30.2718613879547
          ],
          [
            -95.8585933997863,
            30.2717835652187
          ],
          [
            -95.8584018924753,
            30.2716574272727
          ],
          [
            -95.8582075657839,
            30.2715237539333
          ],
          [
            -95.8578062014342,
            30.2712741478476
          ],
          [
            -95.8576194429539,
            30.2711482188302
          ],
          [
            -95.8574343103332,
            30.2710214001743
          ],
          [
            -95.8572457671304,
            30.2708997941531
          ],
          [
            -95.8570550496477,
            30.2707738116869
          ],
          [
            -95.8564745852099,
            30.2703871449787
          ],
          [
            -95.8562923648438,
            30.270265973338
          ],
          [
            -95.8561042826671,
            30.2701344911748
          ],
          [
            -95.8559030128691,
            30.2699968301263
          ],
          [
            -95.8558408542822,
            30.2699528635932
          ]
        ],
        "type": "LineString"
      },
      "id": 1282,
      "properties": {
        "COMM_PCT": null,
        "Country_L": null,
        "Country_R": null,
        "County_L": null,
        "County_R": null,
        "DiscrpAgID": null,
        "FromAddr_L": null,
        "FromAddr_R": null,
        "IncMuni_L": null,
        "IncMuni_R": null,
        "LSt_Name": null,
        "LSt_PosDir": null,
        "LSt_PreDir": null,
        "LSt_Type": null,
        "MAP_NAME": null,
        "MSAGComm_L": null,
        "MSAGComm_R": null,
        "OBJECTID": null,
        "OBJECTID_1": 1282,
        "PostCode_L": null,
        "PostCode_R": null,
        "RD_CLASS": null,
        "RD_NAME": null,
        "ROAD_NAME": null,
        "RoadClass": null,
        "STREET": "302",
        "SUBDIVISIO": null,
        "SURFACE_TY": null,
        "Shape_Leng": null,
        "Shape__Length": 1223.7995566242391,
        "St_Name": null,
        "St_PosDir": null,
        "St_PosMod": null,
        "St_PosTyp": null,
        "St_PreDir": null,
        "St_PreMod": null,
        "St_PreSep": null,
        "St_PreTyp": null,
        "State_L": null,
        "State_R": null,
        "ToAddr_L": null,
        "ToAddr_R": null
      },
      "type": "Feature"
    },
    {
      "geometry": {
        "coordinates": [
          [
            -95.8247795294139,
            30.2666082590252
          ],
          [
            -95.8247647451828,
            30.2665854222641
          ],
          [
            -95.8247180597593,
            30.2665159288232
          ],
          [
            -95.8246898196498,
            30.2663917081785
          ],
          [
            -95.824631027116,
            30.2662835777002
          ],
          [
            -95.8245816340967,
            30.2661862880112
          ],
          [
            -95.8245486664342,
            30.2661144199072
          ],
          [
            -95.8245308316757,
            30.2660249302385
          ],
          [
            -95.824506078949,
            30.2658243583059
          ],
          [
            -95.8243923049914,
            30.2656511287373
          ],
          [
            -95.8243949000457,
            30.2655447158855
          ]
        ],
        "type": "LineString"
      },
      "id": 950,
      "properties": {
        "COMM_PCT": null,
        "Country_L": null,
        "Country_R": null,
        "County_L": null,
        "County_R": null,
        "DiscrpAgID": null,
        "FromAddr_L": null,
        "FromAddr_R": null,
        "IncMuni_L": null,
        "IncMuni_R": null,
        "LSt_Name": null,
        "LSt_PosDir": null,
        "LSt_PreDir": null,
        "LSt_Type": null,
        "MAP_NAME": null,
        "MSAGComm_L": null,
        "MSAGComm_R": null,
        "OBJECTID": null,
        "OBJECTID_1": 950,
        "PostCode_L": null,
        "PostCode_R": null,
        "RD_CLASS": null,
        "RD_NAME": null,
        "ROAD_NAME": null,
        "RoadClass": null,
        "STREET": "LARGENT",
        "SUBDIVISIO": null,
        "SURFACE_TY": null,
        "Shape_Leng": null,
        "Shape__Length": 412.74428866567695,
        "St_Name": null,
        "St_PosDir": null,
        "St_PosMod": null,
        "St_PosTyp": null,
        "St_PreDir": null,
        "St_PreMod": null,
        "St_PreSep": null,
        "St_PreTyp": null,
        "State_L": null,
        "State_R": null,
        "ToAddr_L": null,
        "ToAddr_R": null
      },
      "type": "Feature"
    },
    {
      "geometry": {
        "coordinates": [
          [
            -95.8271288731334,
            30.2665939827034
          ],
          [
            -95.8271287575483,
            30.2665938964787
          ],
          [
            -95.8270083182784,
            30.2665041324598
          ],
          [
            -95.8268293513421,
            30.2663820856963
          ],
          [
            -95.8266660810326,
            30.2662803269908
          ],
          [
            -95.8265249755607,
            30.2661961163766
          ],
          [
            -95.8262848332998,
            30.266094232577
          ],
          [
            -95.8262578666506,
            30.2660946595794
          ],
          [
            -95.8260780543907,
            30.2660925456126
          ],
          [
            -95.8260382894562,
            30.2660954880151
          ],
          [
            -95.8259572210159,
            30.2661003318377
          ],
          [
            -95.8258412256285,
            30.2661233385134
          ],
          [
            -95.825580795857,
            30.2662352103283
          ],
          [
            -95.8255783699413,
            30.2662362435665
          ],
          [
            -95.8255096220927,
            30.2662827542294
          ],
          [
            -95.8253740349746,
            30.2663349115671
          ],
          [
            -95.8252562726508,
            30.2663957350082
          ],
          [
            -95.8251274756465,
            30.266455225585
          ],
          [
            -95.8250059672877,
            30.2665114027659
          ],
          [
            -95.8248909762495,
            30.2665637681393
          ],
          [
            -95.8247795241378,
            30.2666082606452
          ]
        ],
        "type": "LineString"
      },
      "id": 208,
      "properties": {
        "COMM_PCT": null,
        "Country_L": null,
        "Country_R": null,
        "County_L": null,
        "County_R": null,
        "DiscrpAgID": null,
        "FromAddr_L": null,
        "FromAddr_R": null,
        "IncMuni_L": null,
        "IncMuni_R": null,
        "LSt_Name": null,
        "LSt_PosDir": null,
        "LSt_PreDir": null,
        "LSt_Type": null,
        "MAP_NAME": null,
        "MSAGComm_L": null,
        "MSAGComm_R": null,
        "OBJECTID": null,
        "OBJECTID_1": 208,
        "PostCode_L": null,
        "PostCode_R": null,
        "RD_CLASS": null,
        "RD_NAME": null,
        "ROAD_NAME": null,
        "RoadClass": null,
        "STREET": "WILDWOOD",
        "SUBDIVISIO": null,
        "SURFACE_TY": null,
        "Shape_Leng": null,
        "Shape__Length": 844.4329932445888,
        "St_Name": null,
        "St_PosDir": null,
        "St_PosMod": null,
        "St_PosTyp": null,
        "St_PreDir": null,
        "St_PreMod": null,
        "St_PreSep": null,
        "St_PreTyp": null,
        "State_L": null,
        "State_R": null,
        "ToAddr_L": null,
        "ToAddr_R": null
      },
      "type": "Feature"
    },
    {
      "geometry": {
        "coordinates": [
          [
            -95.8343610603098,
            30.2826806327818
          ],
          [
            -95.8342858326514,
            30.2826825663741
          ],
          [
            -95.8341542930687,
            30.2826815579682
          ],
          [
            -95.834033146577,
            30.2826786356964
          ],
          [
            -95.8339246273197,
            30.2826769305462
          ],
          [
            -95.8337686658293,
            30.2827236519042
          ]
        ],
        "type": "LineString"
      },
      "id": 3852,
      "properties": {
        "COMM_PCT": null,
        "Country_L": null,
        "Country_R": null,
        "County_L": null,
        "County_R": null,
        "DiscrpAgID": null,
        "FromAddr_L": null,
        "FromAddr_R": null,
        "IncMuni_L": null,
        "IncMuni_R": null,
        "LSt_Name": null,
        "LSt_PosDir": null,
        "LSt_PreDir": null,
        "LSt_Type": null,
        "MAP_NAME": null,
        "MSAGComm_L": null,
        "MSAGComm_R": null,
        "OBJECTID": null,
        "OBJECTID_1": 3852,
        "PostCode_L": null,
        "PostCode_R": null,
        "RD_CLASS": null,
        "RD_NAME": null,
        "ROAD_NAME": null,
        "RoadClass": null,
        "STREET": "354",
        "SUBDIVISIO": null,
        "SURFACE_TY": null,
        "Shape_Leng": null,
        "Shape__Length": 189.86685065397046,
        "St_Name": null,
        "St_PosDir": null,
        "St_PosMod": null,
        "St_PosTyp": null,
        "St_PreDir": null,
        "St_PreMod": null,
        "St_PreSep": null,
        "St_PreTyp": null,
        "State_L": null,
        "State_R": null,
        "ToAddr_L": null,
        "ToAddr_R": null
      },
      "type": "Feature"
    },
    {
      "geometry": {
        "coordinates": [
          [
            -95.8289431734579,
            30.2525600648939
          ],
          [
            -95.8288777246058,
            30.2521305147614
          ],
          [
            -95.828871069985,
            30.2520826272151
          ],
          [
            -95.8288011372811,
            30.2515793688999
          ]
        ],
        "type": "LineString"
      },
      "id": 2429,
      "properties": {
        "COMM_PCT": null,
        "Country_L": null,
        "Country_R": null,
        "County_L": null,
        "County_R": null,
        "DiscrpAgID": null,
        "FromAddr_L": null,
        "FromAddr_R": null,
        "IncMuni_L": null,
        "IncMuni_R": null,
        "LSt_Name": null,
        "LSt_PosDir": null,
        "LSt_PreDir": null,
        "LSt_Type": null,
        "MAP_NAME": null,
        "MSAGComm_L": null,
        "MSAGComm_R": null,
        "OBJECTID": null,
        "OBJECTID_1": 2429,
        "PostCode_L": null,
        "PostCode_R": null,
        "RD_CLASS": null,
        "RD_NAME": null,
        "ROAD_NAME": null,
        "RoadClass": null,
        "STREET": "FM 1774",
        "SUBDIVISIO": null,
        "SURFACE_TY": null,
        "Shape_Leng": null,
        "Shape__Length": 359.4836771244451,
        "St_Name": null,
        "St_PosDir": null,
        "St_PosMod": null,
        "St_PosTyp": null,
        "St_PreDir": null,
        "St_PreMod": null,
        "St_PreSep": null,
        "St_PreTyp": null,
        "State_L": null,
        "State_R": null,
        "ToAddr_L": null,
        "ToAddr_R": null
      },
      "type": "Feature"
    },
    {
      "geometry": {
        "coordinates": [
          [
            -95.8294927415352,
            30.2555234343644
          ],
          [
            -95.8290825817857,
            30.2555409734701
          ],
          [
            -95.8290822004582,
            30.2555409438076
          ],
          [
            -95.8289360783169,
            30.2555475422954
          ],
          [
            -95.8287855196617,
            30.2555473207393
          ],
          [
            -95.8286261831235,
            30.2555483792437
          ],
          [
            -95.8284460257898,
            30.2555540815584
          ],
          [
            -95.8282667878322,
            30.2555570641166
          ],
          [
            -95.8280931231296,
            30.2555595111847
          ],
          [
            -95.8279343982945,
            30.2555644183747
          ],
          [
            -95.8277708684087,
            30.2555704464764
          ],
          [
            -95.8276305888785,
            30.2555707133948
          ],
          [
            -95.8274884463415,
            30.255576892294
          ],
          [
            -95.8273434438865,
            30.2555764763091
          ],
          [
            -95.8272014397,
            30.2555797354709
          ],
          [
            -95.8269862760908,
            30.2555713900676
          ]
        ],
        "type": "LineString"
      },
      "id": 1270,
      "properties": {
        "COMM_PCT": null,
        "Country_L": null,
        "Country_R": null,
        "County_L": null,
        "County_R": null,
        "DiscrpAgID": null,
        "FromAddr_L": null,
        "FromAddr_R": null,
        "IncMuni_L": null,
        "IncMuni_R": null,
        "LSt_Name": null,
        "LSt_PosDir": null,
        "LSt_PreDir": null,
        "LSt_Type": null,
        "MAP_NAME": null,
        "MSAGComm_L": null,
        "MSAGComm_R": null,
        "OBJECTID": null,
        "OBJECTID_1": 1270,
        "PostCode_L": null,
        "PostCode_R": null,
        "RD_CLASS": null,
        "RD_NAME": null,
        "ROAD_NAME": null,
        "RoadClass": null,
        "STREET": "OAK FOREST",
        "SUBDIVISIO": null,
        "SURFACE_TY": null,
        "Shape_Leng": null,
        "Shape__Length": 791.8622650177839,
        "St_Name": null,
        "St_PosDir": null,
        "St_PosMod": null,
        "St_PosTyp": null,
        "St_PreDir": null,
        "St_PreMod": null,
        "St_PreSep": null,
        "St_PreTyp": null,
        "State_L": null,
        "State_R": null,
        "ToAddr_L": null,
        "ToAddr_R": null
      },
      "type": "Feature"
    },
    {
      "geometry": {
        "coordinates": [
          [
            -95.824708411747,
            30.2593096165536
          ],
          [
            -95.8245284568092,
            30.259327789834
          ],
          [
            -95.8243937221708,
            30.2593279912994
          ],
          [
            -95.8240389593688,
            30.2593389766701
          ],
          [
            -95.8237313843351,
            30.2593577284932
          ],
          [
            -95.8235903250859,
            30.2593575773134
          ],
          [
            -95.8235119497305,
            30.2593558061344
          ],
          [
            -95.8233805884811,
            30.2593516526622
          ],
          [
            -95.8232919166072,
            30.2593497769804
          ],
          [
            -95.8231935487548,
            30.2593518600097
          ],
          [
            -95.8230920351766,
            30.2593534015298
          ],
          [
            -95.8229904925582,
            30.2593555865734
          ],
          [
            -95.8228738369673,
            30.2593589601029
          ],
          [
            -95.822744015962,
            30.2593557639624
          ],
          [
            -95.8226098869258,
            30.2593599393142
          ],
          [
            -95.8224608655654,
            30.2593605817475
          ],
          [
            -95.8223515253244,
            30.2593600413422
          ],
          [
            -95.8222642653543,
            30.2593618684659
          ],
          [
            -95.8221039996991,
            30.2593656833526
          ],
          [
            -95.8219524653589,
            30.2593692458396
          ],
          [
            -95.8218359502284,
            30.259369612407
          ],
          [
            -95.8217240838755,
            30.259372250758
          ],
          [
            -95.8216169696644,
            30.2593749273119
          ],
          [
            -95.821508278186,
            30.2593774606366
          ],
          [
            -95.8213884176284,
            30.2593815794132
          ],
          [
            -95.8213066166026,
            30.2593852765784
          ],
          [
            -95.8211521968403,
            30.2593997014455
          ]
        ],
        "type": "LineString"
      },
      "id": 3265,
      "properties": {
        "COMM_PCT": null,
        "Country_L": null,
        "Country_R": null,
        "County_L": null,
        "County_R": null,
        "DiscrpAgID": null,
        "FromAddr_L": null,
        "FromAddr_R": null,
        "IncMuni_L": null,
        "IncMuni_R": null,
        "LSt_Name": null,
        "LSt_PosDir": null,
        "LSt_PreDir": null,
        "LSt_Type": null,
        "MAP_NAME": null,
        "MSAGComm_L": null,
        "MSAGComm_R": null,
        "OBJECTID": null,
        "OBJECTID_1": 3265,
        "PostCode_L": null,
        "PostCode_R": null,
        "RD_CLASS": null,
        "RD_NAME": null,
        "ROAD_NAME": null,
        "RoadClass": null,
        "STREET": "INWOOD",
        "SUBDIVISIO": null,
        "SURFACE_TY": null,
        "Shape_Leng": null,
        "Shape__Length": 1124.018116236995,
        "St_Name": null,
        "St_PosDir": null,
        "St_PosMod": null,
        "St_PosTyp": null,
        "St_PreDir": null,
        "St_PreMod": null,
        "St_PreSep": null,
        "St_PreTyp": null,
        "State_L": null,
        "State_R": null,
        "ToAddr_L": null,
        "ToAddr_R": null
      },
      "type": "Feature"
    },
    {
      "geometry": {
        "coordinates": [
          [
            -95.8704864785023,
            30.2555509542374
          ],
          [
            -95.8615610415369,
            30.2556695690521
          ]
        ],
        "type": "LineString"
      },
      "id": 1396,
      "properties": {
        "COMM_PCT": null,
        "Country_L": null,
        "Country_R": null,
        "County_L": null,
        "County_R": null,
        "DiscrpAgID": null,
        "FromAddr_L": null,
        "FromAddr_R": null,
        "IncMuni_L": null,
        "IncMuni_R": null,
        "LSt_Name": null,
        "LSt_PosDir": null,
        "LSt_PreDir": null,
        "LSt_Type": null,
        "MAP_NAME": null,
        "MSAGComm_L": null,
        "MSAGComm_R": null,
        "OBJECTID": null,
        "OBJECTID_1": 1396,
        "PostCode_L": null,
        "PostCode_R": null,
        "RD_CLASS": null,
        "RD_NAME": null,
        "ROAD_NAME": null,
        "RoadClass": null,
        "STREET": "CLARK",
        "SUBDIVISIO": null,
        "SURFACE_TY": null,
        "Shape_Leng": null,
        "Shape__Length": 2818.359708866979,
        "St_Name": null,
        "St_PosDir": null,
        "St_PosMod": null,
        "St_PosTyp": null,
        "St_PreDir": null,
        "St_PreMod": null,
        "St_PreSep": null,
        "St_PreTyp": null,
        "State_L": null,
        "State_R": null,
        "ToAddr_L": null,
        "ToAddr_R": null
      },
      "type": "Feature"
    },
    {
      "geometry": {
        "coordinates": [
          [
            -95.8586519281849,
            30.2619416301123
          ],
          [
            -95.8587936679863,
            30.2619442175133
          ],
          [
            -95.8589371803318,
            30.2619427822935
          ],
          [
            -95.8590947019377,
            30.2619468659555
          ],
          [
            -95.8593023075108,
            30.261947583554
          ],
          [
            -95.8595178810794,
            30.2619473747708
          ],
          [
            -95.8597299879756,
            30.2619364679279
          ],
          [
            -95.8599465099556,
            30.2619328942161
          ],
          [
            -95.8601686172817,
            30.2619285266142
          ],
          [
            -95.8603937889456,
            30.2619264161774
          ],
          [
            -95.860617508513,
            30.2619214594861
          ],
          [
            -95.860816653245,
            30.2619166337458
          ],
          [
            -95.8609997456872,
            30.2619161477103
          ],
          [
            -95.8611690153869,
            30.2619232626617
          ],
          [
            -95.8612950779363,
            30.2619221174227
          ],
          [
            -95.8613872569749,
            30.2619167798771
          ],
          [
            -95.8615199320859,
            30.2618926482324
          ],
          [
            -95.861616769902,
            30.261803885966
          ],
          [
            -95.8616274601128,
            30.261727122677
          ],
          [
            -95.861635976134,
            30.2616630530456
          ],
          [
            -95.8616355488733,
            30.2615183539892
          ],
          [
            -95.861656347781,
            30.2604024879561
          ],
          [
            -95.8616265522402,
            30.2598482909249
          ]
        ],
        "type": "LineString"
      },
      "id": 1018,
      "properties": {
        "COMM_PCT": null,
        "Country_L": null,
        "Country_R": null,
        "County_L": null,
        "County_R": null,
        "DiscrpAgID": null,
        "FromAddr_L": null,
        "FromAddr_R": null,
        "IncMuni_L": null,
        "IncMuni_R": null,
        "LSt_Name": null,
        "LSt_PosDir": null,
        "LSt_PreDir": null,
        "LSt_Type": null,
        "MAP_NAME": null,
        "MSAGComm_L": null,
        "MSAGComm_R": null,
        "OBJECTID": null,
        "OBJECTID_1": 1018,
        "PostCode_L": null,
        "PostCode_R": null,
        "RD_CLASS": null,
        "RD_NAME": null,
        "ROAD_NAME": null,
        "RoadClass": null,
        "STREET": "CEDAR",
        "SUBDIVISIO": null,
        "SURFACE_TY": null,
        "Shape_Leng": null,
        "Shape__Length": 1663.0524123066339,
        "St_Name": null,
        "St_PosDir": null,
        "St_PosMod": null,
        "St_PosTyp": null,
        "St_PreDir": null,
        "St_PreMod": null,
        "St_PreSep": null,
        "St_PreTyp": null,
        "State_L": null,
        "State_R": null,
        "ToAddr_L": null,
        "ToAddr_R": null
      },
      "type": "Feature"
    },
    {
      "geometry": {
        "coordinates": [
          [
            -95.8609504648748,
            30.2868853913919
          ],
          [
            -95.8607773568781,
            30.2866352532752
          ],
          [
            -95.8608000438655,
            30.2865391719243
          ],
          [
            -95.8607897494724,
            30.286436351543
          ],
          [
            -95.8607907280755,
            30.2863639347054
          ],
          [
            -95.8607942407243,
            30.2862368715178
          ],
          [
            -95.8607933648749,
            30.2861360556022
          ],
          [
            -95.8607542768145,
            30.2860729465945
          ],
          [
            -95.8607557095585,
            30.2860078567099
          ],
          [
            -95.8607519849681,
            30.2858829920344
          ],
          [
            -95.8607676593702,
            30.2858184842223
          ],
          [
            -95.8607824357953,
            30.2857562246984
          ],
          [
            -95.860770479691,
            30.2856379512899
          ],
          [
            -95.8607562234315,
            30.2855008955063
          ],
          [
            -95.8607818663959,
            30.2853923193199
          ],
          [
            -95.8607545792907,
            30.2853311706491
          ],
          [
            -95.8607585902123,
            30.2852617415066
          ],
          [
            -95.8607635513409,
            30.2851718351052
          ],
          [
            -95.8607595073285,
            30.285088065016
          ],
          [
            -95.8607508197915,
            30.2850189662646
          ],
          [
            -95.8607415826322,
            30.2849446462321
          ],
          [
            -95.8607302757503,
            30.284829448849
          ],
          [
            -95.8607157207225,
            30.2847159437177
          ],
          [
            -95.8606993868332,
            30.2846065908774
          ],
          [
            -95.8606913501722,
            30.2844892722628
          ],
          [
            -95.8606817141472,
            30.2844235368277
          ],
          [
            -95.8606701193837,
            30.284331676504
          ],
          [
            -95.8607427276491,
            30.2842872590384
          ],
          [
            -95.8607920741383,
            30.2842316676624
          ],
          [
            -95.8608873641007,
            30.2841767756084
          ],
          [
            -95.860949263092,
            30.2841410990989
          ],
          [
            -95.8611054117033,
            30.2841242784942
          ],
          [
            -95.8613185488567,
            30.2840579796201
          ]
        ],
        "type": "LineString"
      },
      "id": 3033,
      "properties": {
        "COMM_PCT": null,
        "Country_L": null,
        "Country_R": null,
        "County_L": null,
        "County_R": null,
        "DiscrpAgID": null,
        "FromAddr_L": null,
        "FromAddr_R": null,
        "IncMuni_L": null,
        "IncMuni_R": null,
        "LSt_Name": null,
        "LSt_PosDir": null,
        "LSt_PreDir": null,
        "LSt_Type": null,
        "MAP_NAME": null,
        "MSAGComm_L": null,
        "MSAGComm_R": null,
        "OBJECTID": null,
        "OBJECTID_1": 3033,
        "PostCode_L": null,
        "PostCode_R": null,
        "RD_CLASS": null,
        "RD_NAME": null,
        "ROAD_NAME": null,
        "RoadClass": null,
        "STREET": "URBANOSKY",
        "SUBDIVISIO": null,
        "SURFACE_TY": null,
        "Shape_Leng": null,
        "Shape__Length": 1187.5556674561517,
        "St_Name": null,
        "St_PosDir": null,
        "St_PosMod": null,
        "St_PosTyp": null,
        "St_PreDir": null,
        "St_PreMod": null,
        "St_PreSep": null,
        "St_PreTyp": null,
        "State_L": null,
        "State_R": null,
        "ToAddr_L": null,
        "ToAddr_R": null
      },
      "type": "Feature"
    },
    {
      "geometry": {
        "coordinates": [
          [
            -95.8284455475346,
            30.2613534892845
          ],
          [
            -95.8283099026599,
            30.2613561565852
          ],
          [
            -95.8281584434589,
            30.2613580101552
          ],
          [
            -95.8279641146856,
            30.2613614928792
          ],
          [
            -95.8277706211091,
            30.2613640160839
          ],
          [
            -95.8275986235303,
            30.261364457613
          ],
          [
            -95.8274535341972,
            30.2613657164728
          ],
          [
            -95.8273265946244,
            30.2613686456607
          ],
          [
            -95.8272075120009,
            30.2613730122037
          ],
          [
            -95.8270909162794,
            30.2613750582693
          ],
          [
            -95.826995821514,
            30.2613748949175
          ],
          [
            -95.8268952645298,
            30.2613729033631
          ],
          [
            -95.8267876186339,
            30.2613699761404
          ],
          [
            -95.8265837165859,
            30.2613578132227
          ],
          [
            -95.8264783562123,
            30.2613568567034
          ],
          [
            -95.8260900655647,
            30.2613728607596
          ],
          [
            -95.8259122418305,
            30.2613792866516
          ],
          [
            -95.8257579539418,
            30.2613908399428
          ],
          [
            -95.8256127080932,
            30.2613954019172
          ],
          [
            -95.8254454166119,
            30.2613969099328
          ],
          [
            -95.825264539235,
            30.2614008186796
          ],
          [
            -95.8251082153671,
            30.2614050343947
          ],
          [
            -95.8250067147622,
            30.2614062764156
          ],
          [
            -95.8248473354058,
            30.2614080612575
          ],
          [
            -95.824760976061,
            30.261407514883
          ]
        ],
        "type": "LineString"
      },
      "id": 2375,
      "properties": {
        "COMM_PCT": null,
        "Country_L": null,
        "Country_R": null,
        "County_L": null,
        "County_R": null,
        "DiscrpAgID": null,
        "FromAddr_L": null,
        "FromAddr_R": null,
        "IncMuni_L": null,
        "IncMuni_R": null,
        "LSt_Name": null,
        "LSt_PosDir": null,
        "LSt_PreDir": null,
        "LSt_Type": null,
        "MAP_NAME": null,
        "MSAGComm_L": null,
        "MSAGComm_R": null,
        "OBJECTID": null,
        "OBJECTID_1": 2375,
        "PostCode_L": null,
        "PostCode_R": null,
        "RD_CLASS": null,
        "RD_NAME": null,
        "ROAD_NAME": null,
        "RoadClass": null,
        "STREET": "GREENBRIAR",
        "SUBDIVISIO": null,
        "SURFACE_TY": null,
        "Shape_Leng": null,
        "Shape__Length": 1163.9829530367613,
        "St_Name": null,
        "St_PosDir": null,
        "St_PosMod": null,
        "St_PosTyp": null,
        "St_PreDir": null,
        "St_PreMod": null,
        "St_PreSep": null,
        "St_PreTyp": null,
        "State_L": null,
        "State_R": null,
        "ToAddr_L": null,
        "ToAddr_R": null
      },
      "type": "Feature"
    },
    {
      "geometry": {
        "coordinates": [
          [
            -95.8315804826977,
            30.2688843294753
          ],
          [
            -95.8315521787435,
            30.2686769463834
          ],
          [
            -95.8315084788653,
            30.2684102583755
          ],
          [
            -95.8314573581266,
            30.268090278744
          ],
          [
            -95.8313929541586,
            30.2676524247064
          ],
          [
            -95.8312133890533,
            30.266510084575
          ],
          [
            -95.8310777463044,
            30.2656718789637
          ]
        ],
        "type": "LineString"
      },
      "id": 191,
      "properties": {
        "COMM_PCT": null,
        "Country_L": null,
        "Country_R": null,
        "County_L": null,
        "County_R": null,
        "DiscrpAgID": null,
        "FromAddr_L": null,
        "FromAddr_R": null,
        "IncMuni_L": null,
        "IncMuni_R": null,
        "LSt_Name": null,
        "LSt_PosDir": null,
        "LSt_PreDir": null,
        "LSt_Type": null,
        "MAP_NAME": null,
        "MSAGComm_L": null,
        "MSAGComm_R": null,
        "OBJECTID": null,
        "OBJECTID_1": 191,
        "PostCode_L": null,
        "PostCode_R": null,
        "RD_CLASS": null,
        "RD_NAME": null,
        "ROAD_NAME": null,
        "RoadClass": null,
        "STREET": "FM 1774",
        "SUBDIVISIO": null,
        "SURFACE_TY": null,
        "Shape_Leng": null,
        "Shape__Length": 1179.0877456455191,
        "St_Name": null,
        "St_PosDir": null,
        "St_PosMod": null,
        "St_PosTyp": null,
        "St_PreDir": null,
        "St_PreMod": null,
        "St_PreSep": null,
        "St_PreTyp": null,
        "State_L": null,
        "State_R": null,
        "ToAddr_L": null,
        "ToAddr_R": null
      },
      "type": "Feature"
    },
    {
      "geometry": {
        "coordinates": [
          [
            -95.8225546148035,
            30.2687183432025
          ],
          [
            -95.8224477189733,
            30.2687143691672
          ]
        ],
        "type": "LineString"
      },
      "id": 1281,
      "properties": {
        "COMM_PCT": null,
        "Country_L": null,
        "Country_R": null,
        "County_L": null,
        "County_R": null,
        "DiscrpAgID": null,
        "FromAddr_L": null,
        "FromAddr_R": null,
        "IncMuni_L": null,
        "IncMuni_R": null,
        "LSt_Name": null,
        "LSt_PosDir": null,
        "LSt_PreDir": null,
        "LSt_Type": null,
        "MAP_NAME": null,
        "MSAGComm_L": null,
        "MSAGComm_R": null,
        "OBJECTID": null,
        "OBJECTID_1": 1281,
        "PostCode_L": null,
        "PostCode_R": null,
        "RD_CLASS": null,
        "RD_NAME": null,
        "ROAD_NAME": null,
        "RoadClass": null,
        "STREET": "OAKWOOD",
        "SUBDIVISIO": null,
        "SURFACE_TY": null,
        "Shape_Leng": null,
        "Shape__Length": 33.77659300634302,
        "St_Name": null,
        "St_PosDir": null,
        "St_PosMod": null,
        "St_PosTyp": null,
        "St_PreDir": null,
        "St_PreMod": null,
        "St_PreSep": null,
        "St_PreTyp": null,
        "State_L": null,
        "State_R": null,
        "ToAddr_L": null,
        "ToAddr_R": null
      },
      "type": "Feature"
    },
    {
      "geometry": {
        "coordinates": [
          [
            -95.8321898929877,
            30.2731348521187
          ],
          [
            -95.8321106292751,
            30.2731518885398
          ],
          [
            -95.8319637622277,
            30.2731908851843
          ],
          [
            -95.8306384834478,
            30.273446189075
          ]
        ],
        "type": "LineString"
      },
      "id": 2853,
      "properties": {
        "COMM_PCT": null,
        "Country_L": null,
        "Country_R": null,
        "County_L": null,
        "County_R": null,
        "DiscrpAgID": null,
        "FromAddr_L": null,
        "FromAddr_R": null,
        "IncMuni_L": null,
        "IncMuni_R": null,
        "LSt_Name": null,
        "LSt_PosDir": null,
        "LSt_PreDir": null,
        "LSt_Type": null,
        "MAP_NAME": null,
        "MSAGComm_L": null,
        "MSAGComm_R": null,
        "OBJECTID": null,
        "OBJECTID_1": 2853,
        "PostCode_L": null,
        "PostCode_R": null,
        "RD_CLASS": null,
        "RD_NAME": null,
        "ROAD_NAME": null,
        "RoadClass": null,
        "STREET": "MILL CREEK",
        "SUBDIVISIO": null,
        "SURFACE_TY": null,
        "Shape_Leng": null,
        "Shape__Length": 502.79368326888334,
        "St_Name": null,
        "St_PosDir": null,
        "St_PosMod": null,
        "St_PosTyp": null,
        "St_PreDir": null,
        "St_PreMod": null,
        "St_PreSep": null,
        "St_PreTyp": null,
        "State_L": null,
        "State_R": null,
        "ToAddr_L": null,
        "ToAddr_R": null
      },
      "type": "Feature"
    },
    {
      "geometry": {
        "coordinates": [
          [
            -95.8320402418033,
            30.2721801203131
          ],
          [
            -95.832018843515,
            30.2720441415596
          ],
          [
            -95.8318709313934,
            30.2710861608247
          ]
        ],
        "type": "LineString"
      },
      "id": 2163,
      "properties": {
        "COMM_PCT": null,
        "Country_L": null,
        "Country_R": null,
        "County_L": null,
        "County_R": null,
        "DiscrpAgID": null,
        "FromAddr_L": null,
        "FromAddr_R": null,
        "IncMuni_L": null,
        "IncMuni_R": null,
        "LSt_Name": null,
        "LSt_PosDir": null,
        "LSt_PreDir": null,
        "LSt_Type": null,
        "MAP_NAME": null,
        "MSAGComm_L": null,
        "MSAGComm_R": null,
        "OBJECTID": null,
        "OBJECTID_1": 2163,
        "PostCode_L": null,
        "PostCode_R": null,
        "RD_CLASS": null,
        "RD_NAME": null,
        "ROAD_NAME": null,
        "RoadClass": null,
        "STREET": "FM 1774",
        "SUBDIVISIO": null,
        "SURFACE_TY": null,
        "Shape_Leng": null,
        "Shape__Length": 401.4358126931962,
        "St_Name": null,
        "St_PosDir": null,
        "St_PosMod": null,
        "St_PosTyp": null,
        "St_PreDir": null,
        "St_PreMod": null,
        "St_PreSep": null,
        "St_PreTyp": null,
        "State_L": null,
        "State_R": null,
        "ToAddr_L": null,
        "ToAddr_R": null
      },
      "type": "Feature"
    },
    {
      "geometry": {
        "coordinates": [
          [
            -95.8463949159183,
            30.2725933264792
          ],
          [
            -95.846110756709,
            30.2723805106068
          ],
          [
            -95.8460199755041,
            30.2723044068777
          ],
          [
            -95.8459197119153,
            30.2722106428391
          ],
          [
            -95.8458100908377,
            30.2720965567801
          ],
          [
            -95.8457201413863,
            30.2720196215635
          ],
          [
            -95.8456335739054,
            30.2719381615046
          ],
          [
            -95.8455516725228,
            30.271858628094
          ],
          [
            -95.8454591521493,
            30.2717687896191
          ],
          [
            -95.8453698611432,
            30.2716777307384
          ],
          [
            -95.845290907798,
            30.2716029870382
          ],
          [
            -95.8452144602709,
            30.2715254925833
          ],
          [
            -95.8451363014137,
            30.2714506908488
          ],
          [
            -95.8450565631729,
            30.2713757894825
          ],
          [
            -95.8449692324547,
            30.2712937000059
          ],
          [
            -95.8448767391793,
            30.2712033465087
          ],
          [
            -95.8447841851714,
            30.2711142800547
          ],
          [
            -95.8446902594045,
            30.2710206512989
          ],
          [
            -95.8446016292968,
            30.2709324535011
          ],
          [
            -95.844517811985,
            30.2708430050469
          ],
          [
            -95.8444323303586,
            30.2707552614375
          ],
          [
            -95.8443412809414,
            30.2706679672604
          ],
          [
            -95.8442617795596,
            30.2705880006475
          ],
          [
            -95.844191303496,
            30.2705184547878
          ],
          [
            -95.844121597892,
            30.2704494089729
          ],
          [
            -95.8440533851113,
            30.2703823502066
          ],
          [
            -95.8439777837183,
            30.2703037235652
          ],
          [
            -95.8438865229252,
            30.2702380056357
          ],
          [
            -95.8438627434222,
            30.2702175039762
          ],
          [
            -95.8438621417499,
            30.2696997376022
          ],
          [
            -95.8438570163589,
            30.2694487124005
          ],
          [
            -95.8438540906079,
            30.2693069130774
          ],
          [
            -95.8438523319911,
            30.269227737172
          ],
          [
            -95.8438522140888,
            30.2691425372981
          ],
          [
            -95.8438550248684,
            30.2690528943165
          ],
          [
            -95.8438555650549,
            30.2689974152652
          ],
          [
            -95.8438539958733,
            30.2688946261108
          ],
          [
            -95.843847377814,
            30.2687866086472
          ]
        ],
        "type": "LineString"
      },
      "id": 3145,
      "properties": {
        "COMM_PCT": null,
        "Country_L": null,
        "Country_R": null,
        "County_L": null,
        "County_R": null,
        "DiscrpAgID": null,
        "FromAddr_L": null,
        "FromAddr_R": null,
        "IncMuni_L": null,
        "IncMuni_R": null,
        "LSt_Name": null,
        "LSt_PosDir": null,
        "LSt_PreDir": null,
        "LSt_Type": null,
        "MAP_NAME": null,
        "MSAGComm_L": null,
        "MSAGComm_R": null,
        "OBJECTID": null,
        "OBJECTID_1": 3145,
        "PostCode_L": null,
        "PostCode_R": null,
        "RD_CLASS": null,
        "RD_NAME": null,
        "ROAD_NAME": null,
        "RoadClass": null,
        "STREET": "355",
        "SUBDIVISIO": null,
        "SURFACE_TY": null,
        "Shape_Leng": null,
        "Shape__Length": 1699.2225386737798,
        "St_Name": null,
        "St_PosDir": null,
        "St_PosMod": null,
        "St_PosTyp": null,
        "St_PreDir": null,
        "St_PreMod": null,
        "St_PreSep": null,
        "St_PreTyp": null,
        "State_L": null,
        "State_R": null,
        "ToAddr_L": null,
        "ToAddr_R": null
      },
      "type": "Feature"
    },
    {
      "geometry": {
        "coordinates": [
          [
            -95.8675637836381,
            30.2631054109179
          ],
          [
            -95.8672028023751,
            30.2631479459701
          ],
          [
            -95.8669095930345,
            30.2631645506856
          ],
          [
            -95.8666171450452,
            30.2631818259021
          ],
          [
            -95.8663323426261,
            30.2631880158973
          ],
          [
            -95.8660491901098,
            30.2631928029406
          ],
          [
            -95.8657700425661,
            30.2631966953229
          ],
          [
            -95.8654846226513,
            30.263199078161
          ],
          [
            -95.8651802548289,
            30.2631999398659
          ],
          [
            -95.864863952764,
            30.2632017603902
          ],
          [
            -95.8645396925723,
            30.2632042919662
          ],
          [
            -95.8642352064006,
            30.2632076842362
          ],
          [
            -95.8639914785021,
            30.2632168072548
          ]
        ],
        "type": "LineString"
      },
      "id": 1273,
      "properties": {
        "COMM_PCT": null,
        "Country_L": null,
        "Country_R": null,
        "County_L": null,
        "County_R": null,
        "DiscrpAgID": null,
        "FromAddr_L": null,
        "FromAddr_R": null,
        "IncMuni_L": null,
        "IncMuni_R": null,
        "LSt_Name": null,
        "LSt_PosDir": null,
        "LSt_PreDir": null,
        "LSt_Type": null,
        "MAP_NAME": null,
        "MSAGComm_L": null,
        "MSAGComm_R": null,
        "OBJECTID": null,
        "OBJECTID_1": 1273,
        "PostCode_L": null,
        "PostCode_R": null,
        "RD_CLASS": null,
        "RD_NAME": null,
        "ROAD_NAME": null,
        "RoadClass": null,
        "STREET": "HICKORY",
        "SUBDIVISIO": null,
        "SURFACE_TY": null,
        "Shape_Leng": null,
        "Shape__Length": 1129.3983216773543,
        "St_Name": null,
        "St_PosDir": null,
        "St_PosMod": null,
        "St_PosTyp": null,
        "St_PreDir": null,
        "St_PreMod": null,
        "St_PreSep": null,
        "St_PreTyp": null,
        "State_L": null,
        "State_R": null,
        "ToAddr_L": null,
        "ToAddr_R": null
      },
      "type": "Feature"
    },
    {
      "geometry": {
        "coordinates": [
          [
            -95.8665573691295,
            30.2502966399235
          ],
          [
            -95.8665598309328,
            30.250260565006
          ],
          [
            -95.8665723589289,
            30.250195345953
          ],
          [
            -95.8665872671871,
            30.2501300383854
          ],
          [
            -95.8666038282559,
            30.2500632834593
          ],
          [
            -95.8666219626394,
            30.2499967540417
          ],
          [
            -95.8666432296475,
            30.2499310236426
          ],
          [
            -95.8666668214151,
            30.2498664486858
          ],
          [
            -95.8666927855388,
            30.2498019555678
          ],
          [
            -95.8667211041114,
            30.2497379761152
          ],
          [
            -95.8667518089202,
            30.2496737783427
          ],
          [
            -95.8667848921099,
            30.2496095768467
          ],
          [
            -95.8668219318821,
            30.2495455142434
          ],
          [
            -95.8668613329785,
            30.2494817488603
          ],
          [
            -95.8669038935966,
            30.2494182227661
          ],
          [
            -95.866949587881,
            30.2493554496651
          ],
          [
            -95.8669976366217,
            30.249293189312
          ],
          [
            -95.867048030811,
            30.2492316138291
          ],
          [
            -95.8671015288753,
            30.2491714349074
          ],
          [
            -95.8671581328042,
            30.2491126544179
          ],
          [
            -95.8672162811237,
            30.2490547457241
          ],
          [
            -95.8672782599105,
            30.248999678158
          ],
          [
            -95.8673409690734,
            30.2489459270727
          ],
          [
            -95.8674043184387,
            30.2488955089372
          ],
          [
            -95.8674690603206,
            30.2488492228023
          ],
          [
            -95.8675345594404,
            30.2488036952331
          ],
          [
            -95.8676023176843,
            30.2487606957713
          ],
          [
            -95.8676707388792,
            30.2487205154365
          ],
          [
            -95.8677390924635,
            30.2486817952826
          ],
          [
            -95.8678088952522,
            30.2486460047307
          ],
          [
            -95.8678809669779,
            30.2486125304548
          ],
          [
            -95.867953752456,
            30.2485808000029
          ],
          [
            -95.868027300196,
            30.2485496973704
          ],
          [
            -95.8681031913878,
            30.2485193228301
          ],
          [
            -95.868181373457,
            30.2484907904337
          ],
          [
            -95.8682533129693,
            30.2484601913517
          ],
          [
            -95.868325910507,
            30.2484324960812
          ],
          [
            -95.8683985873875,
            30.248403084563
          ],
          [
            -95.8684720315758,
            30.2483742143665
          ],
          [
            -95.8685431480231,
            30.2483442743828
          ],
          [
            -95.8686127715384,
            30.2483123475626
          ],
          [
            -95.8686809775793,
            30.2482768024305
          ],
          [
            -95.8687446720952,
            30.2482359836828
          ],
          [
            -95.8688037300879,
            30.2481926387717
          ],
          [
            -95.8688573674099,
            30.2481465670244
          ],
          [
            -95.8689039491029,
            30.2480988309495
          ],
          [
            -95.8689433978767,
            30.2480511468341
          ],
          [
            -95.8689779966667,
            30.248005529922
          ],
          [
            -95.8690115581451,
            30.2479652080062
          ],
          [
            -95.8690365076058,
            30.2479226086784
          ],
          [
            -95.869066761634,
            30.2478852672271
          ],
          [
            -95.8690923334142,
            30.2478463442099
          ],
          [
            -95.869114738765,
            30.247807353238
          ],
          [
            -95.869137656324,
            30.2477744425707
          ],
          [
            -95.8691530597215,
            30.2477497835701
          ]
        ],
        "type": "LineString"
      },
      "id": 2953,
      "properties": {
        "COMM_PCT": null,
        "Country_L": null,
        "Country_R": null,
        "County_L": null,
        "County_R": null,
        "DiscrpAgID": null,
        "FromAddr_L": null,
        "FromAddr_R": null,
        "IncMuni_L": null,
        "IncMuni_R": null,
        "LSt_Name": null,
        "LSt_PosDir": null,
        "LSt_PreDir": null,
        "LSt_Type": null,
        "MAP_NAME": null,
        "MSAGComm_L": null,
        "MSAGComm_R": null,
        "OBJECTID": null,
        "OBJECTID_1": 2953,
        "PostCode_L": null,
        "PostCode_R": null,
        "RD_CLASS": null,
        "RD_NAME": null,
        "ROAD_NAME": null,
        "RoadClass": null,
        "STREET": "HORSESHOE BEND",
        "SUBDIVISIO": null,
        "SURFACE_TY": null,
        "Shape_Leng": null,
        "Shape__Length": 1297.5843746783646,
        "St_Name": null,
        "St_PosDir": null,
        "St_PosMod": null,
        "St_PosTyp": null,
        "St_PreDir": null,
        "St_PreMod": null,
        "St_PreSep": null,
        "St_PreTyp": null,
        "State_L": null,
        "State_R": null,
        "ToAddr_L": null,
        "ToAddr_R": null
      },
      "type": "Feature"
    },
    {
      "geometry": {
        "coordinates": [
          [
            -95.8422465080126,
            30.2687334587375
          ],
          [
            -95.8419245179152,
            30.2687130263375
          ],
          [
            -95.8416937410606,
            30.2686989561823
          ],
          [
            -95.8414582734779,
            30.2686834752005
          ],
          [
            -95.8412201788023,
            30.2686688171213
          ],
          [
            -95.8412195999938,
            30.2686687832794
          ],
          [
            -95.8412194806595,
            30.2686687772886
          ],
          [
            -95.8409965003824,
            30.2686580868547
          ],
          [
            -95.8409963810481,
            30.2686580808637
          ],
          [
            -95.8409958009077,
            30.2686580532939
          ],
          [
            -95.8409956815734,
            30.2686580473029
          ],
          [
            -95.8407758495046,
            30.2686478090733
          ],
          [
            -95.8407757301704,
            30.268647803082
          ],
          [
            -95.8407751510265,
            30.2686477764491
          ],
          [
            -95.8407750317343,
            30.2686477695564
          ],
          [
            -95.8405808592819,
            30.2686371968124
          ],
          [
            -95.84058045883,
            30.2686371746407
          ],
          [
            -95.840580258583,
            30.2686371640055
          ],
          [
            -95.8405801392069,
            30.2686371589154
          ],
          [
            -95.8405798797701,
            30.2686371462041
          ],
          [
            -95.8404252020955,
            30.2686352741912
          ],
          [
            -95.8404246220286,
            30.2686352673866
          ],
          [
            -95.8404245025685,
            30.2686352640991
          ],
          [
            -95.8403057877514,
            30.2686321661076
          ],
          [
            -95.8403056682494,
            30.2686321637214
          ],
          [
            -95.8403050886021,
            30.2686321479026
          ],
          [
            -95.8401845339789,
            30.2686339391072
          ],
          [
            -95.840037947275,
            30.2686330961901
          ],
          [
            -95.8400378277729,
            30.2686330938037
          ],
          [
            -95.839864467032,
            30.2686290661
          ],
          [
            -95.839864347572,
            30.268629062812
          ],
          [
            -95.839863767757,
            30.2686290505967
          ],
          [
            -95.8396712552422,
            30.268627282255
          ],
          [
            -95.8394715241932,
            30.2686273260473
          ],
          [
            -95.8392567819011,
            30.2686263264192
          ],
          [
            -95.8390444724441,
            30.2686241649813
          ],
          [
            -95.8388405651062,
            30.2686287911977
          ],
          [
            -95.8386437972268,
            30.2686332803063
          ],
          [
            -95.838443442314,
            30.268646716714
          ],
          [
            -95.8382408052101,
            30.2686589495935
          ],
          [
            -95.8382407645858,
            30.2686589508763
          ],
          [
            -95.8382406898617,
            30.2686589473511
          ],
          [
            -95.8382406452097,
            30.2686589457841
          ],
          [
            -95.838038259249,
            30.2686505122631
          ],
          [
            -95.8378375995171,
            30.268636460182
          ],
          [
            -95.8376418254223,
            30.2686196134558
          ],
          [
            -95.8374542801578,
            30.2685962605346
          ],
          [
            -95.8372741443892,
            30.2685669766894
          ],
          [
            -95.8371010002148,
            30.2685407322865
          ],
          [
            -95.8369224242192,
            30.2685120191139
          ],
          [
            -95.8367264393802,
            30.2684826927267
          ],
          [
            -95.83651131801,
            30.2684558351557
          ],
          [
            -95.8362928557257,
            30.2684326418949
          ],
          [
            -95.8360889789665,
            30.2684193155446
          ],
          [
            -95.8360885030484,
            30.2684192834864
          ],
          [
            -95.8360883837147,
            30.2684192774908
          ],
          [
            -95.8360882022022,
            30.2684192666035
          ],
          [
            -95.8358965084259,
            30.2684169191307
          ],
          [
            -95.8357117869057,
            30.2684180004932
          ],
          [
            -95.8355186546235,
            30.2684295344878
          ],
          [
            -95.8353355616482,
            30.2684467104528
          ],
          [
            -95.8351282912614,
            30.2684724527471
          ],
          [
            -95.834894706601,
            30.2685186406455
          ],
          [
            -95.8346529886687,
            30.268586256551
          ],
          [
            -95.834432314588,
            30.2686614907622
          ],
          [
            -95.8342156936741,
            30.2687348021922
          ]
        ],
        "type": "LineString"
      },
      "id": 795,
      "properties": {
        "COMM_PCT": null,
        "Country_L": null,
        "Country_R": null,
        "County_L": null,
        "County_R": null,
        "DiscrpAgID": null,
        "FromAddr_L": null,
        "FromAddr_R": null,
        "IncMuni_L": null,
        "IncMuni_R": null,
        "LSt_Name": null,
        "LSt_PosDir": null,
        "LSt_PreDir": null,
        "LSt_Type": null,
        "MAP_NAME": null,
        "MSAGComm_L": null,
        "MSAGComm_R": null,
        "OBJECTID": null,
        "OBJECTID_1": 795,
        "PostCode_L": null,
        "PostCode_R": null,
        "RD_CLASS": null,
        "RD_NAME": null,
        "ROAD_NAME": null,
        "RoadClass": null,
        "STREET": "302",
        "SUBDIVISIO": null,
        "SURFACE_TY": null,
        "Shape_Leng": null,
        "Shape__Length": 2560.2293955657988,
        "St_Name": null,
        "St_PosDir": null,
        "St_PosMod": null,
        "St_PosTyp": null,
        "St_PreDir": null,
        "St_PreMod": null,
        "St_PreSep": null,
        "St_PreTyp": null,
        "State_L": null,
        "State_R": null,
        "ToAddr_L": null,
        "ToAddr_R": null
      },
      "type": "Feature"
    },
    {
      "geometry": {
        "coordinates": [
          [
            -95.8337686658293,
            30.2827236519042
          ],
          [
            -95.8337300841507,
            30.2825440534267
          ],
          [
            -95.8335469062888,
            30.2813726211762
          ],
          [
            -95.8333652530272,
            30.2802158139276
          ],
          [
            -95.8331930350667,
            30.2791066906674
          ]
        ],
        "type": "LineString"
      },
      "id": 1307,
      "properties": {
        "COMM_PCT": null,
        "Country_L": null,
        "Country_R": null,
        "County_L": null,
        "County_R": null,
        "DiscrpAgID": null,
        "FromAddr_L": null,
        "FromAddr_R": null,
        "IncMuni_L": null,
        "IncMuni_R": null,
        "LSt_Name": null,
        "LSt_PosDir": null,
        "LSt_PreDir": null,
        "LSt_Type": null,
        "MAP_NAME": null,
        "MSAGComm_L": null,
        "MSAGComm_R": null,
        "OBJECTID": null,
        "OBJECTID_1": 1307,
        "PostCode_L": null,
        "PostCode_R": null,
        "RD_CLASS": null,
        "RD_NAME": null,
        "ROAD_NAME": null,
        "RoadClass": null,
        "STREET": "FM 1774",
        "SUBDIVISIO": null,
        "SURFACE_TY": null,
        "Shape_Leng": null,
        "Shape__Length": 1328.0173269493346,
        "St_Name": null,
        "St_PosDir": null,
        "St_PosMod": null,
        "St_PosTyp": null,
        "St_PreDir": null,
        "St_PreMod": null,
        "St_PreSep": null,
        "St_PreTyp": null,
        "State_L": null,
        "State_R": null,
        "ToAddr_L": null,
        "ToAddr_R": null
      },
      "type": "Feature"
    },
    {
      "geometry": {
        "coordinates": [
          [
            -95.8300648642213,
            30.2592602075262
          ],
          [
            -95.8299755641405,
            30.2592601417221
          ],
          [
            -95.829889484147,
            30.2592649975878
          ],
          [
            -95.8291382948767,
            30.25929711766
          ],
          [
            -95.8289353622246,
            30.2592982361402
          ],
          [
            -95.828737902824,
            30.2593009218237
          ],
          [
            -95.8285293747339,
            30.2593030896761
          ],
          [
            -95.8284320359293,
            30.2593019392312
          ]
        ],
        "type": "LineString"
      },
      "id": 2535,
      "properties": {
        "COMM_PCT": null,
        "Country_L": null,
        "Country_R": null,
        "County_L": null,
        "County_R": null,
        "DiscrpAgID": null,
        "FromAddr_L": null,
        "FromAddr_R": null,
        "IncMuni_L": null,
        "IncMuni_R": null,
        "LSt_Name": null,
        "LSt_PosDir": null,
        "LSt_PreDir": null,
        "LSt_Type": null,
        "MAP_NAME": null,
        "MSAGComm_L": null,
        "MSAGComm_R": null,
        "OBJECTID": null,
        "OBJECTID_1": 2535,
        "PostCode_L": null,
        "PostCode_R": null,
        "RD_CLASS": null,
        "RD_NAME": null,
        "ROAD_NAME": null,
        "RoadClass": null,
        "STREET": "INWOOD",
        "SUBDIVISIO": null,
        "SURFACE_TY": null,
        "Shape_Leng": null,
        "Shape__Length": 515.8748555928192,
        "St_Name": null,
        "St_PosDir": null,
        "St_PosMod": null,
        "St_PosTyp": null,
        "St_PreDir": null,
        "St_PreMod": null,
        "St_PreSep": null,
        "St_PreTyp": null,
        "State_L": null,
        "State_R": null,
        "ToAddr_L": null,
        "ToAddr_R": null
      },
      "type": "Feature"
    },
    {
      "geometry": {
        "coordinates": [
          [
            -95.86617895623,
            30.2599102507103
          ],
          [
            -95.8661019303416,
            30.2598622016997
          ],
          [
            -95.8660255302496,
            30.2598348996997
          ],
          [
            -95.865941483753,
            30.2598186812449
          ],
          [
            -95.8658397117821,
            30.2598087672963
          ],
          [
            -95.8657368285725,
            30.259805694927
          ],
          [
            -95.8656187942175,
            30.2598046733205
          ],
          [
            -95.865486462513,
            30.2598043554124
          ],
          [
            -95.8653349121183,
            30.259808313487
          ],
          [
            -95.8651794990932,
            30.2598101152038
          ],
          [
            -95.8650343410687,
            30.2598129615588
          ],
          [
            -95.8648892535246,
            30.2598142627674
          ],
          [
            -95.8647511616648,
            30.2598185163668
          ],
          [
            -95.864609110777,
            30.2598227183533
          ],
          [
            -95.8644600681615,
            30.2598238819817
          ],
          [
            -95.8643117621238,
            30.2598262303658
          ],
          [
            -95.8641657978195,
            30.2598293500508
          ],
          [
            -95.8640207053087,
            30.259830779208
          ],
          [
            -95.8638668836525,
            30.2598324624277
          ],
          [
            -95.8636940688858,
            30.2598335259693
          ],
          [
            -95.86352593791,
            30.2598361701766
          ],
          [
            -95.8633846731063,
            30.2598404849138
          ],
          [
            -95.8632577505365,
            30.2598431495384
          ],
          [
            -95.8631292047589,
            30.2598466168724
          ],
          [
            -95.8630071348037,
            30.2598471718888
          ],
          [
            -95.8628944997394,
            30.259849345346
          ],
          [
            -95.8628075969484,
            30.2598434735158
          ],
          [
            -95.8627220528765,
            30.2598425089621
          ],
          [
            -95.8626308231347,
            30.2598444841035
          ],
          [
            -95.8625387217162,
            30.2598481910671
          ],
          [
            -95.8624475407702,
            30.2598491349496
          ],
          [
            -95.8623658911123,
            30.2598496386754
          ],
          [
            -95.8616265522402,
            30.2598482909249
          ]
        ],
        "type": "LineString"
      },
      "id": 265,
      "properties": {
        "COMM_PCT": null,
        "Country_L": null,
        "Country_R": null,
        "County_L": null,
        "County_R": null,
        "DiscrpAgID": null,
        "FromAddr_L": null,
        "FromAddr_R": null,
        "IncMuni_L": null,
        "IncMuni_R": null,
        "LSt_Name": null,
        "LSt_PosDir": null,
        "LSt_PreDir": null,
        "LSt_Type": null,
        "MAP_NAME": null,
        "MSAGComm_L": null,
        "MSAGComm_R": null,
        "OBJECTID": null,
        "OBJECTID_1": 265,
        "PostCode_L": null,
        "PostCode_R": null,
        "RD_CLASS": null,
        "RD_NAME": null,
        "ROAD_NAME": null,
        "RoadClass": null,
        "STREET": "TREE BEND",
        "SUBDIVISIO": null,
        "SURFACE_TY": null,
        "Shape_Leng": null,
        "Shape__Length": 1446.0613418356788,
        "St_Name": null,
        "St_PosDir": null,
        "St_PosMod": null,
        "St_PosTyp": null,
        "St_PreDir": null,
        "St_PreMod": null,
        "St_PreSep": null,
        "St_PreTyp": null,
        "State_L": null,
        "State_R": null,
        "ToAddr_L": null,
        "ToAddr_R": null
      },
      "type": "Feature"
    },
    {
      "geometry": {
        "coordinates": [
          [
            -95.8256395685729,
            30.2679293196801
          ],
          [
            -95.8256330426689,
            30.2679163202745
          ],
          [
            -95.8255939007628,
            30.2678550033361
          ],
          [
            -95.8255309863948,
            30.2677596560016
          ],
          [
            -95.8254608585412,
            30.2676660328756
          ],
          [
            -95.8253970398382,
            30.2675730615088
          ],
          [
            -95.8253384162098,
            30.2674876689987
          ],
          [
            -95.8252850327363,
            30.2674088674293
          ],
          [
            -95.8252360479874,
            30.2673377024727
          ],
          [
            -95.8251930003764,
            30.2672751735532
          ],
          [
            -95.8251544436997,
            30.2672183063857
          ],
          [
            -95.8250888516019,
            30.2671294002046
          ],
          [
            -95.8250478567718,
            30.2670398980672
          ],
          [
            -95.8249786735925,
            30.266943039624
          ],
          [
            -95.8249244963247,
            30.2668473115259
          ],
          [
            -95.8248652838423,
            30.2667575544922
          ],
          [
            -95.8248304701383,
            30.2666884356388
          ],
          [
            -95.8247795294139,
            30.2666082590252
          ]
        ],
        "type": "LineString"
      },
      "id": 1407,
      "properties": {
        "COMM_PCT": null,
        "Country_L": null,
        "Country_R": null,
        "County_L": null,
        "County_R": null,
        "DiscrpAgID": null,
        "FromAddr_L": null,
        "FromAddr_R": null,
        "IncMuni_L": null,
        "IncMuni_R": null,
        "LSt_Name": null,
        "LSt_PosDir": null,
        "LSt_PreDir": null,
        "LSt_Type": null,
        "MAP_NAME": null,
        "MSAGComm_L": null,
        "MSAGComm_R": null,
        "OBJECTID": null,
        "OBJECTID_1": 1407,
        "PostCode_L": null,
        "PostCode_R": null,
        "RD_CLASS": null,
        "RD_NAME": null,
        "ROAD_NAME": null,
        "RoadClass": null,
        "STREET": "LARGENT",
        "SUBDIVISIO": null,
        "SURFACE_TY": null,
        "Shape_Leng": null,
        "Shape__Length": 552.6434565641935,
        "St_Name": null,
        "St_PosDir": null,
        "St_PosMod": null,
        "St_PosTyp": null,
        "St_PreDir": null,
        "St_PreMod": null,
        "St_PreSep": null,
        "St_PreTyp": null,
        "State_L": null,
        "State_R": null,
        "ToAddr_L": null,
        "ToAddr_R": null
      },
      "type": "Feature"
    },
    {
      "geometry": {
        "coordinates": [
          [
            -95.8662314890827,
            30.2881194758945
          ],
          [
            -95.8661610443888,
            30.2882198676867
          ],
          [
            -95.8660987313091,
            30.2882644757001
          ],
          [
            -95.8660140062777,
            30.2883137200378
          ],
          [
            -95.8659008220642,
            30.2883612830696
          ],
          [
            -95.8658008911467,
            30.2883965386016
          ],
          [
            -95.8657061043956,
            30.2884234164636
          ],
          [
            -95.8656075789872,
            30.2884454348756
          ],
          [
            -95.8655188559763,
            30.288461172833
          ],
          [
            -95.8654041477736,
            30.2884902799895
          ],
          [
            -95.8653228664729,
            30.2884822856408
          ],
          [
            -95.8652377127802,
            30.2884894627006
          ],
          [
            -95.8651565507483,
            30.2884788930311
          ],
          [
            -95.8647605874292,
            30.2883332951364
          ],
          [
            -95.864693774801,
            30.2883038762994
          ],
          [
            -95.864541502216,
            30.2882540185173
          ],
          [
            -95.8643547732601,
            30.2882292317589
          ],
          [
            -95.8642542033219,
            30.288209813918
          ],
          [
            -95.8641497448471,
            30.2881887986702
          ],
          [
            -95.8640640571891,
            30.2881561416678
          ],
          [
            -95.8639894606733,
            30.288089430506
          ],
          [
            -95.863960816496,
            30.2880232471453
          ],
          [
            -95.8639472296366,
            30.2879400895869
          ],
          [
            -95.8639410390829,
            30.2878341436053
          ],
          [
            -95.8639336027272,
            30.2877208882139
          ],
          [
            -95.8639121342574,
            30.2876024991478
          ],
          [
            -95.8639062709302,
            30.2874895126025
          ],
          [
            -95.8638998228634,
            30.2873035825542
          ],
          [
            -95.8638992321403,
            30.2872307679468
          ],
          [
            -95.863889351997,
            30.2871360453855
          ],
          [
            -95.8638653345104,
            30.2870726894539
          ],
          [
            -95.8639405719262,
            30.2868346586459
          ],
          [
            -95.8637990479196,
            30.2867581740432
          ],
          [
            -95.8637294776533,
            30.286685661336
          ],
          [
            -95.8636128951059,
            30.2865499364923
          ],
          [
            -95.8636738361682,
            30.2864151607743
          ],
          [
            -95.8637065641563,
            30.2863418311685
          ],
          [
            -95.8637519111264,
            30.2862356627273
          ],
          [
            -95.8638001254134,
            30.2861189310263
          ],
          [
            -95.8638479876122,
            30.2860097978554
          ],
          [
            -95.8638946308251,
            30.2859098652808
          ],
          [
            -95.8639331935945,
            30.2858132205645
          ],
          [
            -95.8639662591254,
            30.2857154812309
          ],
          [
            -95.8640008975361,
            30.2856180107345
          ],
          [
            -95.8640363551888,
            30.2855541936776
          ],
          [
            -95.8640566176703,
            30.2854761298674
          ],
          [
            -95.8640978478388,
            30.2854074827285
          ],
          [
            -95.8641313098627,
            30.2853183132828
          ],
          [
            -95.8641598493376,
            30.2852498264893
          ],
          [
            -95.86420898843,
            30.2851644279262
          ],
          [
            -95.8643058591056,
            30.2850925196738
          ],
          [
            -95.8643963628869,
            30.285089571922
          ],
          [
            -95.8644913915661,
            30.2850916400572
          ],
          [
            -95.8646038572556,
            30.2850937575166
          ],
          [
            -95.8647149578472,
            30.2850911406902
          ],
          [
            -95.864844118846,
            30.2850922061788
          ],
          [
            -95.8649578274346,
            30.2851017192955
          ],
          [
            -95.8650501430975,
            30.2851281156361
          ],
          [
            -95.865117184485,
            30.2851696672862
          ],
          [
            -95.8651779363276,
            30.2852100967081
          ],
          [
            -95.8652213142645,
            30.2852833292185
          ],
          [
            -95.8652676796156,
            30.2853947606458
          ],
          [
            -95.86529499343,
            30.2854553936737
          ],
          [
            -95.8653244659566,
            30.2855207876499
          ],
          [
            -95.8653514946413,
            30.2855876022997
          ],
          [
            -95.8653792631136,
            30.2856555604422
          ],
          [
            -95.865405691318,
            30.2857182255133
          ],
          [
            -95.8654313897386,
            30.2857795325552
          ],
          [
            -95.8654611764867,
            30.285838144591
          ],
          [
            -95.865499964702,
            30.2859248893203
          ],
          [
            -95.8655871040849,
            30.2860973372352
          ],
          [
            -95.8656432188143,
            30.2862036915503
          ],
          [
            -95.865743427039,
            30.2863678232468
          ],
          [
            -95.8658230739551,
            30.2865137816994
          ],
          [
            -95.8658759842916,
            30.2866037281473
          ],
          [
            -95.8659366559931,
            30.2866972558819
          ],
          [
            -95.8660399148525,
            30.2868297620778
          ],
          [
            -95.8660955619987,
            30.2869290912261
          ],
          [
            -95.8661387594527,
            30.2870404975911
          ],
          [
            -95.8661719489689,
            30.2871626064595
          ],
          [
            -95.8662008964247,
            30.2873763215833
          ],
          [
            -95.8661932618849,
            30.2874727128043
          ],
          [
            -95.8661894991988,
            30.2875368627984
          ],
          [
            -95.8661892017744,
            30.2876117535628
          ],
          [
            -95.8661850211212,
            30.2877362979601
          ],
          [
            -95.8661883736793,
            30.2878522067827
          ],
          [
            -95.8661907104376,
            30.2879387121654
          ],
          [
            -95.8662055080234,
            30.2880128824742
          ],
          [
            -95.8662314890827,
            30.2881194758945
          ]
        ],
        "type": "LineString"
      },
      "id": 480,
      "properties": {
        "COMM_PCT": null,
        "Country_L": null,
        "Country_R": null,
        "County_L": null,
        "County_R": null,
        "DiscrpAgID": null,
        "FromAddr_L": null,
        "FromAddr_R": null,
        "IncMuni_L": null,
        "IncMuni_R": null,
        "LSt_Name": null,
        "LSt_PosDir": null,
        "LSt_PreDir": null,
        "LSt_Type": null,
        "MAP_NAME": null,
        "MSAGComm_L": null,
        "MSAGComm_R": null,
        "OBJECTID": null,
        "OBJECTID_1": 480,
        "PostCode_L": null,
        "PostCode_R": null,
        "RD_CLASS": null,
        "RD_NAME": null,
        "ROAD_NAME": null,
        "RoadClass": null,
        "STREET": "BLUE LAKE",
        "SUBDIVISIO": null,
        "SURFACE_TY": null,
        "Shape_Leng": null,
        "Shape__Length": 3390.0095224003576,
        "St_Name": null,
        "St_PosDir": null,
        "St_PosMod": null,
        "St_PosTyp": null,
        "St_PreDir": null,
        "St_PreMod": null,
        "St_PreSep": null,
        "St_PreTyp": null,
        "State_L": null,
        "State_R": null,
        "ToAddr_L": null,
        "ToAddr_R": null
      },
      "type": "Feature"
    },
    {
      "geometry": {
        "coordinates": [
          [
            -95.8589170466555,
            30.2719999672726
          ],
          [
            -95.8588846698059,
            30.2718777563303
          ],
          [
            -95.8588567774727,
            30.2705991216905
          ],
          [
            -95.8588465725988,
            30.2703747927471
          ],
          [
            -95.8588430975212,
            30.2701933529637
          ],
          [
            -95.8588396065756,
            30.2700122557018
          ],
          [
            -95.8588336044028,
            30.2698340383102
          ],
          [
            -95.8588291669422,
            30.2696562619897
          ],
          [
            -95.8588189883444,
            30.269465557961
          ],
          [
            -95.8588142691705,
            30.2692767645337
          ],
          [
            -95.8588103074473,
            30.2690887288582
          ],
          [
            -95.858802091734,
            30.268906951039
          ],
          [
            -95.8587948077053,
            30.268722195742
          ],
          [
            -95.8587909145092,
            30.2684985179493
          ]
        ],
        "type": "LineString"
      },
      "id": 3182,
      "properties": {
        "COMM_PCT": null,
        "Country_L": null,
        "Country_R": null,
        "County_L": null,
        "County_R": null,
        "DiscrpAgID": null,
        "FromAddr_L": null,
        "FromAddr_R": null,
        "IncMuni_L": null,
        "IncMuni_R": null,
        "LSt_Name": null,
        "LSt_PosDir": null,
        "LSt_PreDir": null,
        "LSt_Type": null,
        "MAP_NAME": null,
        "MSAGComm_L": null,
        "MSAGComm_R": null,
        "OBJECTID": null,
        "OBJECTID_1": 3182,
        "PostCode_L": null,
        "PostCode_R": null,
        "RD_CLASS": null,
        "RD_NAME": null,
        "ROAD_NAME": null,
        "RoadClass": null,
        "STREET": "POST OAK",
        "SUBDIVISIO": null,
        "SURFACE_TY": null,
        "Shape_Leng": null,
        "Shape__Length": 1275.0105510648982,
        "St_Name": null,
        "St_PosDir": null,
        "St_PosMod": null,
        "St_PosTyp": null,
        "St_PreDir": null,
        "St_PreMod": null,
        "St_PreSep": null,
        "St_PreTyp": null,
        "State_L": null,
        "State_R": null,
        "ToAddr_L": null,
        "ToAddr_R": null
      },
      "type": "Feature"
    },
    {
      "geometry": {
        "coordinates": [
          [
            -95.8639914785021,
            30.2632168072548
          ],
          [
            -95.8636923212468,
            30.2632249416504
          ],
          [
            -95.8634171991356,
            30.2632274228511
          ],
          [
            -95.8631268507819,
            30.2632335846238
          ],
          [
            -95.8628199280929,
            30.2632382210678
          ],
          [
            -95.8624997343465,
            30.2632385240208
          ],
          [
            -95.8621776399283,
            30.2632456393544
          ],
          [
            -95.8618937763625,
            30.2632486282856
          ],
          [
            -95.861630558636,
            30.2632507890601
          ],
          [
            -95.8613147671152,
            30.2632586811332
          ],
          [
            -95.8611900828508,
            30.2632471474404
          ],
          [
            -95.8611187362705,
            30.2632475804775
          ],
          [
            -95.861065609063,
            30.2632481747702
          ],
          [
            -95.8609665074783,
            30.2632489278114
          ],
          [
            -95.860846611935,
            30.2632537712399
          ],
          [
            -95.8607339370085,
            30.2632567161718
          ],
          [
            -95.8605285820065,
            30.2632587022957
          ]
        ],
        "type": "LineString"
      },
      "id": 1516,
      "properties": {
        "COMM_PCT": null,
        "Country_L": null,
        "Country_R": null,
        "County_L": null,
        "County_R": null,
        "DiscrpAgID": null,
        "FromAddr_L": null,
        "FromAddr_R": null,
        "IncMuni_L": null,
        "IncMuni_R": null,
        "LSt_Name": null,
        "LSt_PosDir": null,
        "LSt_PreDir": null,
        "LSt_Type": null,
        "MAP_NAME": null,
        "MSAGComm_L": null,
        "MSAGComm_R": null,
        "OBJECTID": null,
        "OBJECTID_1": 1516,
        "PostCode_L": null,
        "PostCode_R": null,
        "RD_CLASS": null,
        "RD_NAME": null,
        "ROAD_NAME": null,
        "RoadClass": null,
        "STREET": "HICKORY",
        "SUBDIVISIO": null,
        "SURFACE_TY": null,
        "Shape_Leng": null,
        "Shape__Length": 1093.7192142396223,
        "St_Name": null,
        "St_PosDir": null,
        "St_PosMod": null,
        "St_PosTyp": null,
        "St_PreDir": null,
        "St_PreMod": null,
        "St_PreSep": null,
        "St_PreTyp": null,
        "State_L": null,
        "State_R": null,
        "ToAddr_L": null,
        "ToAddr_R": null
      },
      "type": "Feature"
    },
    {
      "geometry": {
        "coordinates": [
          [
            -95.8282527137384,
            30.2732592308487
          ],
          [
            -95.8281063395382,
            30.2732536520358
          ],
          [
            -95.8279613585914,
            30.2732522073994
          ],
          [
            -95.8278844372821,
            30.273253027409
          ],
          [
            -95.8278059423308,
            30.2732535771456
          ],
          [
            -95.827725138569,
            30.2732526263617
          ],
          [
            -95.8276373674098,
            30.2732481630764
          ],
          [
            -95.8274970010166,
            30.2732497178518
          ],
          [
            -95.8273514929397,
            30.2732595620242
          ],
          [
            -95.8272185540242,
            30.2732548421346
          ],
          [
            -95.8270750800166,
            30.2732720244915
          ],
          [
            -95.8269966672485,
            30.2732708133822
          ],
          [
            -95.826915760258,
            30.2732720947857
          ],
          [
            -95.8267912270122,
            30.2732740776134
          ],
          [
            -95.8266283832034,
            30.2732817193574
          ],
          [
            -95.826531533754,
            30.2732849332475
          ],
          [
            -95.8263990753973,
            30.2732868941656
          ],
          [
            -95.8262055228418,
            30.2732901875086
          ],
          [
            -95.8260928952699,
            30.2732918148468
          ],
          [
            -95.8259920211302,
            30.2732963475033
          ],
          [
            -95.8258747379383,
            30.2732958327083
          ],
          [
            -95.8257651553454,
            30.2733001454153
          ],
          [
            -95.8256479774227,
            30.2732973544508
          ],
          [
            -95.825466466872,
            30.273297373326
          ],
          [
            -95.8253187651003,
            30.273303267531
          ],
          [
            -95.8251673914582,
            30.2733029282456
          ],
          [
            -95.8250788590728,
            30.2732977484515
          ],
          [
            -95.8249652826498,
            30.273285752783
          ],
          [
            -95.8248645316307,
            30.2732706828466
          ],
          [
            -95.8246698463384,
            30.273196452398
          ],
          [
            -95.8244078747024,
            30.2729846692993
          ],
          [
            -95.8243372839036,
            30.2729178589802
          ],
          [
            -95.8241738937767,
            30.2727675926392
          ],
          [
            -95.824092430599,
            30.2726959710132
          ],
          [
            -95.8240382108189,
            30.2726350265619
          ],
          [
            -95.8239900537992,
            30.2725630723321
          ],
          [
            -95.823935075012,
            30.272467488081
          ],
          [
            -95.8238980986307,
            30.2723937353299
          ],
          [
            -95.8238425745464,
            30.2722759012375
          ],
          [
            -95.82383451639,
            30.2721939214724
          ],
          [
            -95.8238111707709,
            30.2721168223389
          ],
          [
            -95.823763625978,
            30.2720317758323
          ],
          [
            -95.8237284310882,
            30.2719538288587
          ],
          [
            -95.8235363298845,
            30.2713834512178
          ],
          [
            -95.8235134229632,
            30.2713139341569
          ],
          [
            -95.8234694170302,
            30.2710853578252
          ],
          [
            -95.8234211060926,
            30.2709658426985
          ],
          [
            -95.8233795029663,
            30.2708045555425
          ],
          [
            -95.8233669516436,
            30.2706830754307
          ]
        ],
        "type": "LineString"
      },
      "id": 497,
      "properties": {
        "COMM_PCT": null,
        "Country_L": null,
        "Country_R": null,
        "County_L": null,
        "County_R": null,
        "DiscrpAgID": null,
        "FromAddr_L": null,
        "FromAddr_R": null,
        "IncMuni_L": null,
        "IncMuni_R": null,
        "LSt_Name": null,
        "LSt_PosDir": null,
        "LSt_PreDir": null,
        "LSt_Type": null,
        "MAP_NAME": null,
        "MSAGComm_L": null,
        "MSAGComm_R": null,
        "OBJECTID": null,
        "OBJECTID_1": 497,
        "PostCode_L": null,
        "PostCode_R": null,
        "RD_CLASS": null,
        "RD_NAME": null,
        "ROAD_NAME": null,
        "RoadClass": null,
        "STREET": "MILL CREEK",
        "SUBDIVISIO": null,
        "SURFACE_TY": null,
        "Shape_Leng": null,
        "Shape__Length": 2169.846714533841,
        "St_Name": null,
        "St_PosDir": null,
        "St_PosMod": null,
        "St_PosTyp": null,
        "St_PreDir": null,
        "St_PreMod": null,
        "St_PreSep": null,
        "St_PreTyp": null,
        "State_L": null,
        "State_R": null,
        "ToAddr_L": null,
        "ToAddr_R": null
      },
      "type": "Feature"
    },
    {
      "geometry": {
        "coordinates": [
          [
            -95.8354003037406,
            30.2631586370923
          ],
          [
            -95.8353389769165,
            30.2629565172909
          ],
          [
            -95.8350578912356,
            30.2624927825188
          ],
          [
            -95.8346173304021,
            30.2617606819086
          ],
          [
            -95.8343856378611,
            30.2614181181896
          ],
          [
            -95.8342212417307,
            30.2611487923613
          ]
        ],
        "type": "LineString"
      },
      "id": 4232,
      "properties": {
        "COMM_PCT": null,
        "Country_L": null,
        "Country_R": null,
        "County_L": null,
        "County_R": null,
        "DiscrpAgID": null,
        "FromAddr_L": null,
        "FromAddr_R": null,
        "IncMuni_L": null,
        "IncMuni_R": null,
        "LSt_Name": null,
        "LSt_PosDir": null,
        "LSt_PreDir": null,
        "LSt_Type": null,
        "MAP_NAME": null,
        "MSAGComm_L": null,
        "MSAGComm_R": null,
        "OBJECTID": null,
        "OBJECTID_1": 4232,
        "PostCode_L": null,
        "PostCode_R": null,
        "RD_CLASS": null,
        "RD_NAME": null,
        "ROAD_NAME": null,
        "RoadClass": null,
        "STREET": "TUDOR",
        "SUBDIVISIO": null,
        "SURFACE_TY": null,
        "Shape_Leng": null,
        "Shape__Length": 822.3162264649604,
        "St_Name": null,
        "St_PosDir": null,
        "St_PosMod": null,
        "St_PosTyp": null,
        "St_PreDir": null,
        "St_PreMod": null,
        "St_PreSep": null,
        "St_PreTyp": null,
        "State_L": null,
        "State_R": null,
        "ToAddr_L": null,
        "ToAddr_R": null
      },
      "type": "Feature"
    },
    {
      "geometry": {
        "coordinates": [
          [
            -95.8266233243081,
            30.2697753436932
          ],
          [
            -95.8266519792407,
            30.2696709645642
          ],
          [
            -95.8266977671771,
            30.2695221267127
          ],
          [
            -95.8267413053955,
            30.269370544521
          ],
          [
            -95.8267805724264,
            30.269225561659
          ],
          [
            -95.8268130054142,
            30.2691081159498
          ],
          [
            -95.8268562285987,
            30.2689632722658
          ],
          [
            -95.8268723748997,
            30.2688551432145
          ]
        ],
        "type": "LineString"
      },
      "id": 2901,
      "properties": {
        "COMM_PCT": null,
        "Country_L": null,
        "Country_R": null,
        "County_L": null,
        "County_R": null,
        "DiscrpAgID": null,
        "FromAddr_L": null,
        "FromAddr_R": null,
        "IncMuni_L": null,
        "IncMuni_R": null,
        "LSt_Name": null,
        "LSt_PosDir": null,
        "LSt_PreDir": null,
        "LSt_Type": null,
        "MAP_NAME": null,
        "MSAGComm_L": null,
        "MSAGComm_R": null,
        "OBJECTID": null,
        "OBJECTID_1": 2901,
        "PostCode_L": null,
        "PostCode_R": null,
        "RD_CLASS": null,
        "RD_NAME": null,
        "ROAD_NAME": null,
        "RoadClass": null,
        "STREET": "DENISE",
        "SUBDIVISIO": null,
        "SURFACE_TY": null,
        "Shape_Leng": null,
        "Shape__Length": 344.02944495226086,
        "St_Name": null,
        "St_PosDir": null,
        "St_PosMod": null,
        "St_PosTyp": null,
        "St_PreDir": null,
        "St_PreMod": null,
        "St_PreSep": null,
        "St_PreTyp": null,
        "State_L": null,
        "State_R": null,
        "ToAddr_L": null,
        "ToAddr_R": null
      },
      "type": "Feature"
    },
    {
      "geometry": {
        "coordinates": [
          [
            -95.8318709313934,
            30.2710861608247
          ],
          [
            -95.8317104558737,
            30.271111091138
          ],
          [
            -95.8315776123926,
            30.2711383701241
          ],
          [
            -95.8314646746159,
            30.2711806657647
          ],
          [
            -95.8313565713917,
            30.2712042980667
          ],
          [
            -95.8312429810767,
            30.2712266206107
          ],
          [
            -95.83113079113,
            30.2712529033641
          ],
          [
            -95.8310489643985,
            30.2712569501688
          ],
          [
            -95.8309233114685,
            30.2712999594614
          ],
          [
            -95.8308177481008,
            30.2713201116832
          ],
          [
            -95.830667025471,
            30.2713058699995
          ],
          [
            -95.8305705918773,
            30.2713172288194
          ],
          [
            -95.8303872192321,
            30.271357219041
          ],
          [
            -95.8302472271466,
            30.2713338517364
          ],
          [
            -95.8301596708626,
            30.271307812658
          ],
          [
            -95.8300707414486,
            30.27127725259
          ],
          [
            -95.8299951487969,
            30.2712496134541
          ],
          [
            -95.8299206690369,
            30.271215133784
          ],
          [
            -95.8298170656986,
            30.2711592919082
          ],
          [
            -95.8297265659562,
            30.2711114349082
          ]
        ],
        "type": "LineString"
      },
      "id": 2162,
      "properties": {
        "COMM_PCT": null,
        "Country_L": null,
        "Country_R": null,
        "County_L": null,
        "County_R": null,
        "DiscrpAgID": null,
        "FromAddr_L": null,
        "FromAddr_R": null,
        "IncMuni_L": null,
        "IncMuni_R": null,
        "LSt_Name": null,
        "LSt_PosDir": null,
        "LSt_PreDir": null,
        "LSt_Type": null,
        "MAP_NAME": null,
        "MSAGComm_L": null,
        "MSAGComm_R": null,
        "OBJECTID": null,
        "OBJECTID_1": 2162,
        "PostCode_L": null,
        "PostCode_R": null,
        "RD_CLASS": null,
        "RD_NAME": null,
        "ROAD_NAME": null,
        "RoadClass": null,
        "STREET": "BENTLEY",
        "SUBDIVISIO": null,
        "SURFACE_TY": null,
        "Shape_Leng": null,
        "Shape__Length": 711.831611886042,
        "St_Name": null,
        "St_PosDir": null,
        "St_PosMod": null,
        "St_PosTyp": null,
        "St_PreDir": null,
        "St_PreMod": null,
        "St_PreSep": null,
        "St_PreTyp": null,
        "State_L": null,
        "State_R": null,
        "ToAddr_L": null,
        "ToAddr_R": null
      },
      "type": "Feature"
    },
    {
      "geometry": {
        "coordinates": [
          [
            -95.8288703336197,
            30.2717105087135
          ],
          [
            -95.8287674048056,
            30.2716232592373
          ],
          [
            -95.8286839288129,
            30.271560771552
          ],
          [
            -95.8286006502735,
            30.2714940338758
          ],
          [
            -95.8285028232215,
            30.2714163792823
          ],
          [
            -95.8284076226679,
            30.2713333999601
          ],
          [
            -95.8283574743714,
            30.2712870469036
          ],
          [
            -95.8282686154051,
            30.2712040322956
          ],
          [
            -95.8282179294596,
            30.2711522432469
          ],
          [
            -95.8281672796302,
            30.2710996817151
          ],
          [
            -95.8281204660905,
            30.2710498344995
          ],
          [
            -95.8280367040058,
            30.2709595171746
          ],
          [
            -95.8279524063735,
            30.2708637196898
          ],
          [
            -95.827868815992,
            30.270769753599
          ],
          [
            -95.827782802771,
            30.2706767341677
          ],
          [
            -95.8277023548171,
            30.2705833506778
          ],
          [
            -95.8276285028857,
            30.2704845239219
          ],
          [
            -95.8275691587849,
            30.2703805322259
          ],
          [
            -95.8275317054616,
            30.270316953249
          ],
          [
            -95.8275311617271,
            30.2702267686512
          ],
          [
            -95.8275410562238,
            30.2700827737764
          ],
          [
            -95.8275537952781,
            30.2699688351119
          ]
        ],
        "type": "LineString"
      },
      "id": 1621,
      "properties": {
        "COMM_PCT": null,
        "Country_L": null,
        "Country_R": null,
        "County_L": null,
        "County_R": null,
        "DiscrpAgID": null,
        "FromAddr_L": null,
        "FromAddr_R": null,
        "IncMuni_L": null,
        "IncMuni_R": null,
        "LSt_Name": null,
        "LSt_PosDir": null,
        "LSt_PreDir": null,
        "LSt_Type": null,
        "MAP_NAME": null,
        "MSAGComm_L": null,
        "MSAGComm_R": null,
        "OBJECTID": null,
        "OBJECTID_1": 1621,
        "PostCode_L": null,
        "PostCode_R": null,
        "RD_CLASS": null,
        "RD_NAME": null,
        "ROAD_NAME": null,
        "RoadClass": null,
        "STREET": "LORETTA",
        "SUBDIVISIO": null,
        "SURFACE_TY": null,
        "Shape_Leng": null,
        "Shape__Length": 790.6805408386973,
        "St_Name": null,
        "St_PosDir": null,
        "St_PosMod": null,
        "St_PosTyp": null,
        "St_PreDir": null,
        "St_PreMod": null,
        "St_PreSep": null,
        "St_PreTyp": null,
        "State_L": null,
        "State_R": null,
        "ToAddr_L": null,
        "ToAddr_R": null
      },
      "type": "Feature"
    },
    {
      "geometry": {
        "coordinates": [
          [
            -95.8616265522402,
            30.2598482909249
          ],
          [
            -95.8616171925254,
            30.2596398158873
          ],
          [
            -95.8616083969871,
            30.259453374145
          ],
          [
            -95.8615989574469,
            30.2592637283606
          ],
          [
            -95.8615985406221,
            30.2591017008569
          ],
          [
            -95.8616015949253,
            30.2589331723248
          ],
          [
            -95.8615990073328,
            30.2587666840086
          ],
          [
            -95.8615945509937,
            30.2586063211207
          ],
          [
            -95.8615887203424,
            30.2584756213344
          ],
          [
            -95.8615851627826,
            30.258347151445
          ],
          [
            -95.8615887182629,
            30.2581678056122
          ],
          [
            -95.8615695330156,
            30.2576754208719
          ],
          [
            -95.8615655139555,
            30.2575227265116
          ],
          [
            -95.8615436413937,
            30.2568488874745
          ],
          [
            -95.8615435083906,
            30.2564926098637
          ],
          [
            -95.8615427719412,
            30.2564059011738
          ],
          [
            -95.8615392133273,
            30.2560722488433
          ],
          [
            -95.8615438996328,
            30.2558171819352
          ],
          [
            -95.8615600797332,
            30.2557416423242
          ],
          [
            -95.8615610415369,
            30.2556695690521
          ]
        ],
        "type": "LineString"
      },
      "id": 2660,
      "properties": {
        "COMM_PCT": null,
        "Country_L": null,
        "Country_R": null,
        "County_L": null,
        "County_R": null,
        "DiscrpAgID": null,
        "FromAddr_L": null,
        "FromAddr_R": null,
        "IncMuni_L": null,
        "IncMuni_R": null,
        "LSt_Name": null,
        "LSt_PosDir": null,
        "LSt_PreDir": null,
        "LSt_Type": null,
        "MAP_NAME": null,
        "MSAGComm_L": null,
        "MSAGComm_R": null,
        "OBJECTID": null,
        "OBJECTID_1": 2660,
        "PostCode_L": null,
        "PostCode_R": null,
        "RD_CLASS": null,
        "RD_NAME": null,
        "ROAD_NAME": null,
        "RoadClass": null,
        "STREET": "CEDAR",
        "SUBDIVISIO": null,
        "SURFACE_TY": null,
        "Shape_Leng": null,
        "Shape__Length": 1520.7318261558337,
        "St_Name": null,
        "St_PosDir": null,
        "St_PosMod": null,
        "St_PosTyp": null,
        "St_PreDir": null,
        "St_PreMod": null,
        "St_PreSep": null,
        "St_PreTyp": null,
        "State_L": null,
        "State_R": null,
        "ToAddr_L": null,
        "ToAddr_R": null
      },
      "type": "Feature"
    },
    {
      "geometry": {
        "coordinates": [
          [
            -95.8620174162395,
            30.2885113393693
          ],
          [
            -95.8620098594322,
            30.2884178144804
          ],
          [
            -95.8620093925096,
            30.2883423814175
          ],
          [
            -95.8619495627649,
            30.2882478491721
          ],
          [
            -95.8618772580601,
            30.2881487961952
          ],
          [
            -95.8617939933705,
            30.2880638943479
          ],
          [
            -95.8617266932438,
            30.2879595132206
          ],
          [
            -95.8616769354937,
            30.28788713205
          ],
          [
            -95.8616185639111,
            30.2877953590094
          ],
          [
            -95.8615440835371,
            30.2876919739548
          ],
          [
            -95.8614699773774,
            30.2875805179983
          ],
          [
            -95.8613962280272,
            30.2874784485052
          ],
          [
            -95.8613164170193,
            30.2873703621896
          ],
          [
            -95.8612311298243,
            30.287260708748
          ],
          [
            -95.8611418224606,
            30.2871351777207
          ],
          [
            -95.8610606539696,
            30.2870221857261
          ],
          [
            -95.861003271421,
            30.2869433031608
          ],
          [
            -95.8609504648748,
            30.2868853913919
          ]
        ],
        "type": "LineString"
      },
      "id": 1278,
      "properties": {
        "COMM_PCT": null,
        "Country_L": null,
        "Country_R": null,
        "County_L": null,
        "County_R": null,
        "DiscrpAgID": null,
        "FromAddr_L": null,
        "FromAddr_R": null,
        "IncMuni_L": null,
        "IncMuni_R": null,
        "LSt_Name": null,
        "LSt_PosDir": null,
        "LSt_PreDir": null,
        "LSt_Type": null,
        "MAP_NAME": null,
        "MSAGComm_L": null,
        "MSAGComm_R": null,
        "OBJECTID": null,
        "OBJECTID_1": 1278,
        "PostCode_L": null,
        "PostCode_R": null,
        "RD_CLASS": null,
        "RD_NAME": null,
        "ROAD_NAME": null,
        "RoadClass": null,
        "STREET": "URBANOSKY",
        "SUBDIVISIO": null,
        "SURFACE_TY": null,
        "Shape_Leng": null,
        "Shape__Length": 688.8570542059254,
        "St_Name": null,
        "St_PosDir": null,
        "St_PosMod": null,
        "St_PosTyp": null,
        "St_PreDir": null,
        "St_PreMod": null,
        "St_PreSep": null,
        "St_PreTyp": null,
        "State_L": null,
        "State_R": null,
        "ToAddr_L": null,
        "ToAddr_R": null
      },
      "type": "Feature"
    },
    {
      "geometry": {
        "coordinates": [
          [
            -95.8288011372811,
            30.2515793688999
          ],
          [
            -95.828801006833,
            30.2515790221368
          ],
          [
            -95.8287030820164,
            30.2510806665448
          ]
        ],
        "type": "LineString"
      },
      "id": 1372,
      "properties": {
        "COMM_PCT": null,
        "Country_L": null,
        "Country_R": null,
        "County_L": null,
        "County_R": null,
        "DiscrpAgID": null,
        "FromAddr_L": null,
        "FromAddr_R": null,
        "IncMuni_L": null,
        "IncMuni_R": null,
        "LSt_Name": null,
        "LSt_PosDir": null,
        "LSt_PreDir": null,
        "LSt_Type": null,
        "MAP_NAME": null,
        "MSAGComm_L": null,
        "MSAGComm_R": null,
        "OBJECTID": null,
        "OBJECTID_1": 1372,
        "PostCode_L": null,
        "PostCode_R": null,
        "RD_CLASS": null,
        "RD_NAME": null,
        "ROAD_NAME": null,
        "RoadClass": null,
        "STREET": "FM 1774",
        "SUBDIVISIO": null,
        "SURFACE_TY": null,
        "Shape_Leng": null,
        "Shape__Length": 183.99805816768193,
        "St_Name": null,
        "St_PosDir": null,
        "St_PosMod": null,
        "St_PosTyp": null,
        "St_PreDir": null,
        "St_PreMod": null,
        "St_PreSep": null,
        "St_PreTyp": null,
        "State_L": null,
        "State_R": null,
        "ToAddr_L": null,
        "ToAddr_R": null
      },
      "type": "Feature"
    },
    {
      "geometry": {
        "coordinates": [
          [
            -95.8587367074439,
            30.2659244060453
          ],
          [
            -95.8585917640487,
            30.2659565776523
          ],
          [
            -95.858443646505,
            30.2659546702386
          ],
          [
            -95.858320749666,
            30.2659557943584
          ],
          [
            -95.8581819330859,
            30.2659583826627
          ],
          [
            -95.858039173243,
            30.265960573926
          ],
          [
            -95.8578973687616,
            30.2659592313421
          ],
          [
            -95.857758591033,
            30.2659610034873
          ],
          [
            -95.8560488996962,
            30.2660157483842
          ],
          [
            -95.8559565535731,
            30.2660075321744
          ],
          [
            -95.8556726448873,
            30.2660113230983
          ],
          [
            -95.8553775410924,
            30.2660172580432
          ],
          [
            -95.8550746790284,
            30.2660195670463
          ],
          [
            -95.8547932187848,
            30.2660218508475
          ],
          [
            -95.8545148238481,
            30.2660263484198
          ],
          [
            -95.8542453360957,
            30.2660268124637
          ],
          [
            -95.854018272311,
            30.2660352960721
          ],
          [
            -95.8538882161394,
            30.2660369826307
          ],
          [
            -95.8537980279384,
            30.2660505542578
          ]
        ],
        "type": "LineString"
      },
      "id": 2652,
      "properties": {
        "COMM_PCT": null,
        "Country_L": null,
        "Country_R": null,
        "County_L": null,
        "County_R": null,
        "DiscrpAgID": null,
        "FromAddr_L": null,
        "FromAddr_R": null,
        "IncMuni_L": null,
        "IncMuni_R": null,
        "LSt_Name": null,
        "LSt_PosDir": null,
        "LSt_PreDir": null,
        "LSt_Type": null,
        "MAP_NAME": null,
        "MSAGComm_L": null,
        "MSAGComm_R": null,
        "OBJECTID": null,
        "OBJECTID_1": 2652,
        "PostCode_L": null,
        "PostCode_R": null,
        "RD_CLASS": null,
        "RD_NAME": null,
        "ROAD_NAME": null,
        "RoadClass": null,
        "STREET": "PECAN",
        "SUBDIVISIO": null,
        "SURFACE_TY": null,
        "Shape_Leng": null,
        "Shape__Length": 1561.7004240248364,
        "St_Name": null,
        "St_PosDir": null,
        "St_PosMod": null,
        "St_PosTyp": null,
        "St_PreDir": null,
        "St_PreMod": null,
        "St_PreSep": null,
        "St_PreTyp": null,
        "State_L": null,
        "State_R": null,
        "ToAddr_L": null,
        "ToAddr_R": null
      },
      "type": "Feature"
    },
    {
      "geometry": {
        "coordinates": [
          [
            -95.8246065758853,
            30.2526178828207
          ],
          [
            -95.8243664365611,
            30.2526184573775
          ],
          [
            -95.824160947994,
            30.2526236904535
          ],
          [
            -95.8239517091802,
            30.252624363633
          ],
          [
            -95.8237555999104,
            30.2526323775251
          ],
          [
            -95.8235669167162,
            30.2526341178871
          ],
          [
            -95.8233719224172,
            30.2526352050645
          ],
          [
            -95.823169750739,
            30.2526372859927
          ]
        ],
        "type": "LineString"
      },
      "id": 2852,
      "properties": {
        "COMM_PCT": null,
        "Country_L": null,
        "Country_R": null,
        "County_L": null,
        "County_R": null,
        "DiscrpAgID": null,
        "FromAddr_L": null,
        "FromAddr_R": null,
        "IncMuni_L": null,
        "IncMuni_R": null,
        "LSt_Name": null,
        "LSt_PosDir": null,
        "LSt_PreDir": null,
        "LSt_Type": null,
        "MAP_NAME": null,
        "MSAGComm_L": null,
        "MSAGComm_R": null,
        "OBJECTID": null,
        "OBJECTID_1": 2852,
        "PostCode_L": null,
        "PostCode_R": null,
        "RD_CLASS": null,
        "RD_NAME": null,
        "ROAD_NAME": null,
        "RoadClass": null,
        "STREET": "BLUE HERON",
        "SUBDIVISIO": null,
        "SURFACE_TY": null,
        "Shape_Leng": null,
        "Shape__Length": 453.7693531639375,
        "St_Name": null,
        "St_PosDir": null,
        "St_PosMod": null,
        "St_PosTyp": null,
        "St_PreDir": null,
        "St_PreMod": null,
        "St_PreSep": null,
        "St_PreTyp": null,
        "State_L": null,
        "State_R": null,
        "ToAddr_L": null,
        "ToAddr_R": null
      },
      "type": "Feature"
    },
    {
      "geometry": {
        "coordinates": [
          [
            -95.8321898929877,
            30.2731348521187
          ],
          [
            -95.8321539189709,
            30.2729035507757
          ]
        ],
        "type": "LineString"
      },
      "id": 694,
      "properties": {
        "COMM_PCT": null,
        "Country_L": null,
        "Country_R": null,
        "County_L": null,
        "County_R": null,
        "DiscrpAgID": null,
        "FromAddr_L": null,
        "FromAddr_R": null,
        "IncMuni_L": null,
        "IncMuni_R": null,
        "LSt_Name": null,
        "LSt_PosDir": null,
        "LSt_PreDir": null,
        "LSt_Type": null,
        "MAP_NAME": null,
        "MSAGComm_L": null,
        "MSAGComm_R": null,
        "OBJECTID": null,
        "OBJECTID_1": 694,
        "PostCode_L": null,
        "PostCode_R": null,
        "RD_CLASS": null,
        "RD_NAME": null,
        "ROAD_NAME": null,
        "RoadClass": null,
        "STREET": "FM 1774",
        "SUBDIVISIO": null,
        "SURFACE_TY": null,
        "Shape_Leng": null,
        "Shape__Length": 84.88493831525102,
        "St_Name": null,
        "St_PosDir": null,
        "St_PosMod": null,
        "St_PosTyp": null,
        "St_PreDir": null,
        "St_PreMod": null,
        "St_PreSep": null,
        "St_PreTyp": null,
        "State_L": null,
        "State_R": null,
        "ToAddr_L": null,
        "ToAddr_R": null
      },
      "type": "Feature"
    },
    {
      "geometry": {
        "coordinates": [
          [
            -95.8232443417859,
            30.2556365895911
          ],
          [
            -95.8230881095478,
            30.255625152337
          ],
          [
            -95.8230875115179,
            30.255625108705
          ],
          [
            -95.8230871780789,
            30.2556250780025
          ],
          [
            -95.8229087330513,
            30.2556280367623
          ],
          [
            -95.822720830112,
            30.2556298893348
          ],
          [
            -95.8225297966341,
            30.25563090007
          ],
          [
            -95.8223388453833,
            30.2556301510766
          ],
          [
            -95.8221453762304,
            30.2556324080357
          ],
          [
            -95.8219638688003,
            30.2556330655173
          ],
          [
            -95.8218212838853,
            30.2556317831745
          ],
          [
            -95.8216849028209,
            30.2556333853065
          ],
          [
            -95.8215486893458,
            30.255631424277
          ],
          [
            -95.8214107460504,
            30.2556325404268
          ],
          [
            -95.8212807624993,
            30.2556329058208
          ],
          [
            -95.8211698441601,
            30.2556323086595
          ],
          [
            -95.8210956343537,
            30.2556601792976
          ]
        ],
        "type": "LineString"
      },
      "id": 1266,
      "properties": {
        "COMM_PCT": null,
        "Country_L": null,
        "Country_R": null,
        "County_L": null,
        "County_R": null,
        "DiscrpAgID": null,
        "FromAddr_L": null,
        "FromAddr_R": null,
        "IncMuni_L": null,
        "IncMuni_R": null,
        "LSt_Name": null,
        "LSt_PosDir": null,
        "LSt_PreDir": null,
        "LSt_Type": null,
        "MAP_NAME": null,
        "MSAGComm_L": null,
        "MSAGComm_R": null,
        "OBJECTID": null,
        "OBJECTID_1": 1266,
        "PostCode_L": null,
        "PostCode_R": null,
        "RD_CLASS": null,
        "RD_NAME": null,
        "ROAD_NAME": null,
        "RoadClass": null,
        "STREET": "OAK FOREST",
        "SUBDIVISIO": null,
        "SURFACE_TY": null,
        "Shape_Leng": null,
        "Shape__Length": 680.7233669381001,
        "St_Name": null,
        "St_PosDir": null,
        "St_PosMod": null,
        "St_PosTyp": null,
        "St_PreDir": null,
        "St_PreMod": null,
        "St_PreSep": null,
        "St_PreTyp": null,
        "State_L": null,
        "State_R": null,
        "ToAddr_L": null,
        "ToAddr_R": null
      },
      "type": "Feature"
    },
    {
      "geometry": {
        "coordinates": [
          [
            -95.8625880512384,
            30.2842889002252
          ],
          [
            -95.8624679647873,
            30.2842801952163
          ],
          [
            -95.8623720133482,
            30.284280973365
          ],
          [
            -95.8622649035366,
            30.2842830394578
          ],
          [
            -95.862118632996,
            30.2842748819468
          ],
          [
            -95.862038921155,
            30.2842843954181
          ],
          [
            -95.8619120917211,
            30.2842843546068
          ],
          [
            -95.861794411435,
            30.2842750440914
          ],
          [
            -95.8617049994576,
            30.2842544227755
          ],
          [
            -95.8616406533604,
            30.2842231968959
          ],
          [
            -95.8615571334265,
            30.2841951712107
          ],
          [
            -95.8615430820331,
            30.2841904663289
          ],
          [
            -95.8614113239034,
            30.2841257577112
          ],
          [
            -95.8613185488567,
            30.2840579796201
          ]
        ],
        "type": "LineString"
      },
      "id": 2715,
      "properties": {
        "COMM_PCT": null,
        "Country_L": null,
        "Country_R": null,
        "County_L": null,
        "County_R": null,
        "DiscrpAgID": null,
        "FromAddr_L": null,
        "FromAddr_R": null,
        "IncMuni_L": null,
        "IncMuni_R": null,
        "LSt_Name": null,
        "LSt_PosDir": null,
        "LSt_PreDir": null,
        "LSt_Type": null,
        "MAP_NAME": null,
        "MSAGComm_L": null,
        "MSAGComm_R": null,
        "OBJECTID": null,
        "OBJECTID_1": 2715,
        "PostCode_L": null,
        "PostCode_R": null,
        "RD_CLASS": null,
        "RD_NAME": null,
        "ROAD_NAME": null,
        "RoadClass": null,
        "STREET": "SHADOWS END",
        "SUBDIVISIO": null,
        "SURFACE_TY": null,
        "Shape_Leng": null,
        "Shape__Length": 422.6793572659707,
        "St_Name": null,
        "St_PosDir": null,
        "St_PosMod": null,
        "St_PosTyp": null,
        "St_PreDir": null,
        "St_PreMod": null,
        "St_PreSep": null,
        "St_PreTyp": null,
        "State_L": null,
        "State_R": null,
        "ToAddr_L": null,
        "ToAddr_R": null
      },
      "type": "Feature"
    },
    {
      "geometry": {
        "coordinates": [
          [
            -95.8526089173508,
            30.246837649291
          ],
          [
            -95.8526096478909,
            30.2470096626247
          ],
          [
            -95.8526095881816,
            30.2470621599662
          ],
          [
            -95.8526078247638,
            30.2471172195073
          ],
          [
            -95.8526059147849,
            30.2471754139553
          ],
          [
            -95.8526085891148,
            30.2472372934465
          ],
          [
            -95.8526111876753,
            30.2473008053076
          ],
          [
            -95.8526152190352,
            30.2473675912997
          ],
          [
            -95.8526191029551,
            30.2474375536979
          ],
          [
            -95.8526236294186,
            30.2475107219489
          ],
          [
            -95.8526265170175,
            30.2475850778565
          ],
          [
            -95.8526246200747,
            30.2476600843181
          ],
          [
            -95.8526220136945,
            30.2477333036377
          ],
          [
            -95.8526203030689,
            30.2478042737568
          ],
          [
            -95.8526223337925,
            30.2478800189296
          ],
          [
            -95.852624926396,
            30.2479436596885
          ],
          [
            -95.8526321631859,
            30.2480950038321
          ],
          [
            -95.8526438289455,
            30.2482875220186
          ]
        ],
        "type": "LineString"
      },
      "id": 2440,
      "properties": {
        "COMM_PCT": null,
        "Country_L": null,
        "Country_R": null,
        "County_L": null,
        "County_R": null,
        "DiscrpAgID": null,
        "FromAddr_L": null,
        "FromAddr_R": null,
        "IncMuni_L": null,
        "IncMuni_R": null,
        "LSt_Name": null,
        "LSt_PosDir": null,
        "LSt_PreDir": null,
        "LSt_Type": null,
        "MAP_NAME": null,
        "MSAGComm_L": null,
        "MSAGComm_R": null,
        "OBJECTID": null,
        "OBJECTID_1": 2440,
        "PostCode_L": null,
        "PostCode_R": null,
        "RD_CLASS": null,
        "RD_NAME": null,
        "ROAD_NAME": null,
        "RoadClass": null,
        "STREET": "ROYAL OAK",
        "SUBDIVISIO": null,
        "SURFACE_TY": null,
        "Shape_Leng": null,
        "Shape__Length": 527.6594718242312,
        "St_Name": null,
        "St_PosDir": null,
        "St_PosMod": null,
        "St_PosTyp": null,
        "St_PreDir": null,
        "St_PreMod": null,
        "St_PreSep": null,
        "St_PreTyp": null,
        "State_L": null,
        "State_R": null,
        "ToAddr_L": null,
        "ToAddr_R": null
      },
      "type": "Feature"
    },
    {
      "geometry": {
        "coordinates": [
          [
            -95.8587909145092,
            30.2684985179493
          ],
          [
            -95.8587523356882,
            30.2665668132197
          ],
          [
            -95.8587497711694,
            30.2664683037538
          ],
          [
            -95.8587413083263,
            30.2661893009129
          ],
          [
            -95.8587367074439,
            30.2659244060453
          ]
        ],
        "type": "LineString"
      },
      "id": 2045,
      "properties": {
        "COMM_PCT": null,
        "Country_L": null,
        "Country_R": null,
        "County_L": null,
        "County_R": null,
        "DiscrpAgID": null,
        "FromAddr_L": null,
        "FromAddr_R": null,
        "IncMuni_L": null,
        "IncMuni_R": null,
        "LSt_Name": null,
        "LSt_PosDir": null,
        "LSt_PreDir": null,
        "LSt_Type": null,
        "MAP_NAME": null,
        "MSAGComm_L": null,
        "MSAGComm_R": null,
        "OBJECTID": null,
        "OBJECTID_1": 2045,
        "PostCode_L": null,
        "PostCode_R": null,
        "RD_CLASS": null,
        "RD_NAME": null,
        "ROAD_NAME": null,
        "RoadClass": null,
        "STREET": "POST OAK",
        "SUBDIVISIO": null,
        "SURFACE_TY": null,
        "Shape_Leng": null,
        "Shape__Length": 936.3389412118785,
        "St_Name": null,
        "St_PosDir": null,
        "St_PosMod": null,
        "St_PosTyp": null,
        "St_PreDir": null,
        "St_PreMod": null,
        "St_PreSep": null,
        "St_PreTyp": null,
        "State_L": null,
        "State_R": null,
        "ToAddr_L": null,
        "ToAddr_R": null
      },
      "type": "Feature"
    },
    {
      "geometry": {
        "coordinates": [
          [
            -95.8320402418033,
            30.2721801203131
          ],
          [
            -95.8318627856442,
            30.272212195073
          ],
          [
            -95.8317490120753,
            30.2722384236536
          ],
          [
            -95.8316225896377,
            30.2722639493845
          ],
          [
            -95.8315395845599,
            30.2722932381452
          ],
          [
            -95.8314474183427,
            30.2723150219115
          ],
          [
            -95.8313324917052,
            30.2723489496205
          ],
          [
            -95.8309975683651,
            30.2724263977615
          ],
          [
            -95.8308969246091,
            30.2724259984039
          ],
          [
            -95.8307862152784,
            30.2724205151908
          ],
          [
            -95.830663768556,
            30.2724117825756
          ],
          [
            -95.8305653313685,
            30.2723980886103
          ],
          [
            -95.830441744836,
            30.2723798115529
          ],
          [
            -95.8303631883985,
            30.2723647099959
          ],
          [
            -95.8301735540448,
            30.272318055819
          ],
          [
            -95.8300438435122,
            30.2722781514008
          ],
          [
            -95.8299030248774,
            30.2722385000306
          ],
          [
            -95.8298117838093,
            30.2722064835145
          ],
          [
            -95.829526823546,
            30.2720964950008
          ],
          [
            -95.8294394871562,
            30.2720657332156
          ],
          [
            -95.8293696285576,
            30.2720341242377
          ],
          [
            -95.8292823324244,
            30.2719855200879
          ],
          [
            -95.8292026910046,
            30.2719257479051
          ],
          [
            -95.8289430993968,
            30.2717647514116
          ],
          [
            -95.8288703336197,
            30.2717105087135
          ]
        ],
        "type": "LineString"
      },
      "id": 3505,
      "properties": {
        "COMM_PCT": null,
        "Country_L": null,
        "Country_R": null,
        "County_L": null,
        "County_R": null,
        "DiscrpAgID": null,
        "FromAddr_L": null,
        "FromAddr_R": null,
        "IncMuni_L": null,
        "IncMuni_R": null,
        "LSt_Name": null,
        "LSt_PosDir": null,
        "LSt_PreDir": null,
        "LSt_Type": null,
        "MAP_NAME": null,
        "MSAGComm_L": null,
        "MSAGComm_R": null,
        "OBJECTID": null,
        "OBJECTID_1": 3505,
        "PostCode_L": null,
        "PostCode_R": null,
        "RD_CLASS": null,
        "RD_NAME": null,
        "ROAD_NAME": null,
        "RoadClass": null,
        "STREET": "LORETTA",
        "SUBDIVISIO": null,
        "SURFACE_TY": null,
        "Shape_Leng": null,
        "Shape__Length": 1077.040654934263,
        "St_Name": null,
        "St_PosDir": null,
        "St_PosMod": null,
        "St_PosTyp": null,
        "St_PreDir": null,
        "St_PreMod": null,
        "St_PreSep": null,
        "St_PreTyp": null,
        "State_L": null,
        "State_R": null,
        "ToAddr_L": null,
        "ToAddr_R": null
      },
      "type": "Feature"
    },
    {
      "geometry": {
        "coordinates": [
          [
            -95.8587909145092,
            30.2684985179493
          ],
          [
            -95.8586710223687,
            30.268503143016
          ],
          [
            -95.8585327992867,
            30.2685099236235
          ],
          [
            -95.8584224751015,
            30.2685133361785
          ],
          [
            -95.8582843944239,
            30.2685170672298
          ],
          [
            -95.8581344714208,
            30.2685198264291
          ],
          [
            -95.8579914937,
            30.2685266118706
          ],
          [
            -95.8578401812354,
            30.2685251511164
          ],
          [
            -95.8576760440374,
            30.2685267675981
          ],
          [
            -95.8574810887217,
            30.2685264050429
          ],
          [
            -95.8572854058827,
            30.2685246399555
          ],
          [
            -95.857107659616,
            30.2685291774741
          ],
          [
            -95.8569315118613,
            30.2685334257318
          ],
          [
            -95.8567481350031,
            30.2685397440692
          ],
          [
            -95.8565554221248,
            30.2685422951641
          ],
          [
            -95.856352500222,
            30.268542813488
          ],
          [
            -95.8561361106909,
            30.2685432038129
          ],
          [
            -95.8559124273234,
            30.2685470367915
          ],
          [
            -95.8558212540317,
            30.2685476325391
          ]
        ],
        "type": "LineString"
      },
      "id": 3181,
      "properties": {
        "COMM_PCT": null,
        "Country_L": null,
        "Country_R": null,
        "County_L": null,
        "County_R": null,
        "DiscrpAgID": null,
        "FromAddr_L": null,
        "FromAddr_R": null,
        "IncMuni_L": null,
        "IncMuni_R": null,
        "LSt_Name": null,
        "LSt_PosDir": null,
        "LSt_PreDir": null,
        "LSt_Type": null,
        "MAP_NAME": null,
        "MSAGComm_L": null,
        "MSAGComm_R": null,
        "OBJECTID": null,
        "OBJECTID_1": 3181,
        "PostCode_L": null,
        "PostCode_R": null,
        "RD_CLASS": null,
        "RD_NAME": null,
        "ROAD_NAME": null,
        "RoadClass": null,
        "STREET": "WALNUT",
        "SUBDIVISIO": null,
        "SURFACE_TY": null,
        "Shape_Leng": null,
        "Shape__Length": 937.8373255030131,
        "St_Name": null,
        "St_PosDir": null,
        "St_PosMod": null,
        "St_PosTyp": null,
        "St_PreDir": null,
        "St_PreMod": null,
        "St_PreSep": null,
        "St_PreTyp": null,
        "State_L": null,
        "State_R": null,
        "ToAddr_L": null,
        "ToAddr_R": null
      },
      "type": "Feature"
    },
    {
      "geometry": {
        "coordinates": [
          [
            -95.8428605158364,
            30.2735677015309
          ],
          [
            -95.8427549433899,
            30.2735880366133
          ],
          [
            -95.842661257464,
            30.2735914160215
          ],
          [
            -95.8425656503046,
            30.2736020382419
          ],
          [
            -95.8424200442916,
            30.2736140032652
          ],
          [
            -95.8421199968686,
            30.2736404606354
          ],
          [
            -95.8420093955441,
            30.2736496529807
          ],
          [
            -95.8419068252052,
            30.2736565907707
          ],
          [
            -95.8418049242953,
            30.2736661746821
          ],
          [
            -95.8417031062761,
            30.273673954851
          ],
          [
            -95.8416060930614,
            30.273680700852
          ],
          [
            -95.8415209986166,
            30.2736868318928
          ],
          [
            -95.8414335711291,
            30.2736919782304
          ],
          [
            -95.8413347934441,
            30.2737025741276
          ],
          [
            -95.8412434552933,
            30.273706594594
          ],
          [
            -95.8411316657694,
            30.2737072317046
          ],
          [
            -95.8410435928165,
            30.2737262425214
          ],
          [
            -95.8409443733747,
            30.2737463258504
          ],
          [
            -95.8408458164143,
            30.2737522000752
          ],
          [
            -95.8407469646652,
            30.2737643837185
          ],
          [
            -95.8406514210136,
            30.2737735874978
          ],
          [
            -95.8405526911247,
            30.2737831525362
          ],
          [
            -95.8404498027353,
            30.2737969151707
          ],
          [
            -95.8403491964038,
            30.2738127340714
          ],
          [
            -95.8402541931767,
            30.273827374417
          ],
          [
            -95.8401577741201,
            30.2738383536958
          ],
          [
            -95.8400550985981,
            30.273847564175
          ],
          [
            -95.8399453580796,
            30.2738552808292
          ],
          [
            -95.8398324642353,
            30.2738626294641
          ],
          [
            -95.8397125425343,
            30.2738677091097
          ],
          [
            -95.8395896164039,
            30.2738692010132
          ],
          [
            -95.8394738231131,
            30.273870729067
          ],
          [
            -95.8393564812681,
            30.2738714695864
          ],
          [
            -95.8392406920007,
            30.2738729108989
          ],
          [
            -95.8391264703056,
            30.2738747086524
          ],
          [
            -95.8390185682616,
            30.2738769844424
          ],
          [
            -95.8389139473882,
            30.2738768825441
          ],
          [
            -95.8388061892469,
            30.2738760682898
          ],
          [
            -95.8387013284909,
            30.2738811165942
          ],
          [
            -95.8385997859053,
            30.2738829705541
          ],
          [
            -95.8384515445859,
            30.2738834448635
          ],
          [
            -95.8383068005129,
            30.2738769030172
          ],
          [
            -95.8381916246016,
            30.2738821911176
          ],
          [
            -95.8380934751816,
            30.2738792631682
          ],
          [
            -95.8380077119745,
            30.2738827023517
          ],
          [
            -95.8379267216783,
            30.2738857934642
          ],
          [
            -95.8378322559446,
            30.2738888846836
          ],
          [
            -95.8377327743167,
            30.2738975616827
          ],
          [
            -95.837622456271,
            30.2739006543408
          ],
          [
            -95.8375296201065,
            30.2739027705916
          ],
          [
            -95.8374526323468,
            30.2739050132826
          ],
          [
            -95.8373662037176,
            30.2739057210827
          ],
          [
            -95.837275694574,
            30.2739089498634
          ],
          [
            -95.8371685477327,
            30.2739120252382
          ],
          [
            -95.8370804455261,
            30.2739146513096
          ],
          [
            -95.8369757116091,
            30.2739169508193
          ],
          [
            -95.8368597782371,
            30.2739214807453
          ],
          [
            -95.8367493780681,
            30.2739263339099
          ],
          [
            -95.8366438718704,
            30.273928218723
          ],
          [
            -95.8365447070952,
            30.2739300696639
          ],
          [
            -95.8364526092188,
            30.2739333720999
          ],
          [
            -95.8363746900949,
            30.2739385905965
          ],
          [
            -95.8362407834225,
            30.273937586583
          ],
          [
            -95.8361373487455,
            30.2738950420758
          ],
          [
            -95.8361075263477,
            30.2738206415201
          ],
          [
            -95.8361082969911,
            30.2737190662548
          ],
          [
            -95.8361091389634,
            30.2736499982562
          ],
          [
            -95.8361102639394,
            30.273574835225
          ],
          [
            -95.8361076554697,
            30.2734947678284
          ],
          [
            -95.8361056692134,
            30.2734183345196
          ],
          [
            -95.8361032367747,
            30.2733514754571
          ],
          [
            -95.8361014705326,
            30.2732533357938
          ],
          [
            -95.8360986149707,
            30.2731785485291
          ],
          [
            -95.8360947820002,
            30.2730907414758
          ],
          [
            -95.83609335876,
            30.2729852196394
          ],
          [
            -95.8360878760554,
            30.2728817897937
          ],
          [
            -95.8360513784367,
            30.272814549973
          ],
          [
            -95.8359532830807,
            30.2727764929402
          ],
          [
            -95.8358622077105,
            30.2727748850854
          ],
          [
            -95.8357390318548,
            30.2727817823927
          ],
          [
            -95.8355723560426,
            30.2727866799663
          ],
          [
            -95.835356531119,
            30.2727916986478
          ],
          [
            -95.835130434206,
            30.272796055601
          ],
          [
            -95.8349042221587,
            30.27280285931
          ],
          [
            -95.8346860382727,
            30.2728074933768
          ],
          [
            -95.834483059347,
            30.2728090055241
          ],
          [
            -95.8342793110434,
            30.2728100190467
          ],
          [
            -95.8340667443437,
            30.2728131718889
          ],
          [
            -95.8338556910809,
            30.2728178410379
          ],
          [
            -95.8336493037028,
            30.2728244785146
          ],
          [
            -95.8334565265351,
            30.2728281548882
          ],
          [
            -95.8332771706265,
            30.2728329895405
          ],
          [
            -95.8331224623565,
            30.2728361962516
          ],
          [
            -95.8329708612546,
            30.2728407587596
          ],
          [
            -95.8328096432326,
            30.2728475644045
          ],
          [
            -95.8326603869839,
            30.272852810222
          ],
          [
            -95.832530836286,
            30.2728604266406
          ],
          [
            -95.8324314263013,
            30.2728675536573
          ],
          [
            -95.8322925865616,
            30.2728873982743
          ],
          [
            -95.8321539189709,
            30.2729035507757
          ]
        ],
        "type": "LineString"
      },
      "id": 2417,
      "properties": {
        "COMM_PCT": null,
        "Country_L": null,
        "Country_R": null,
        "County_L": null,
        "County_R": null,
        "DiscrpAgID": null,
        "FromAddr_L": null,
        "FromAddr_R": null,
        "IncMuni_L": null,
        "IncMuni_R": null,
        "LSt_Name": null,
        "LSt_PosDir": null,
        "LSt_PreDir": null,
        "LSt_Type": null,
        "MAP_NAME": null,
        "MSAGComm_L": null,
        "MSAGComm_R": null,
        "OBJECTID": null,
        "OBJECTID_1": 2417,
        "PostCode_L": null,
        "PostCode_R": null,
        "RD_CLASS": null,
        "RD_NAME": null,
        "ROAD_NAME": null,
        "RoadClass": null,
        "STREET": "COX",
        "SUBDIVISIO": null,
        "SURFACE_TY": null,
        "Shape_Leng": null,
        "Shape__Length": 3766.136386478771,
        "St_Name": null,
        "St_PosDir": null,
        "St_PosMod": null,
        "St_PosTyp": null,
        "St_PreDir": null,
        "St_PreMod": null,
        "St_PreSep": null,
        "St_PreTyp": null,
        "State_L": null,
        "State_R": null,
        "ToAddr_L": null,
        "ToAddr_R": null
      },
      "type": "Feature"
    },
    {
      "geometry": {
        "coordinates": [
          [
            -95.8269862760908,
            30.2555713900676
          ],
          [
            -95.8269055697995,
            30.2555856635037
          ],
          [
            -95.8267565193052,
            30.2555870825295
          ],
          [
            -95.8266051634532,
            30.255586958564
          ],
          [
            -95.8264545345246,
            30.255588193491
          ],
          [
            -95.826307124431,
            30.2555884238071
          ],
          [
            -95.8261559229669,
            30.2555849931383
          ],
          [
            -95.8260108031243,
            30.2555870669558
          ],
          [
            -95.8258752133564,
            30.2555887013922
          ],
          [
            -95.8257240700403,
            30.2555840254418
          ],
          [
            -95.8255765937759,
            30.2555856718483
          ],
          [
            -95.8254480594202,
            30.2555889716233
          ],
          [
            -95.8253155610569,
            30.255592262648
          ],
          [
            -95.8251735828387,
            30.2555949616236
          ],
          [
            -95.8250181989966,
            30.2555962414573
          ],
          [
            -95.8248485219438,
            30.2555980941126
          ],
          [
            -95.824680284911,
            30.2556030930688
          ],
          [
            -95.8244851774122,
            30.2556064993612
          ]
        ],
        "type": "LineString"
      },
      "id": 1083,
      "properties": {
        "COMM_PCT": null,
        "Country_L": null,
        "Country_R": null,
        "County_L": null,
        "County_R": null,
        "DiscrpAgID": null,
        "FromAddr_L": null,
        "FromAddr_R": null,
        "IncMuni_L": null,
        "IncMuni_R": null,
        "LSt_Name": null,
        "LSt_PosDir": null,
        "LSt_PreDir": null,
        "LSt_Type": null,
        "MAP_NAME": null,
        "MSAGComm_L": null,
        "MSAGComm_R": null,
        "OBJECTID": null,
        "OBJECTID_1": 1083,
        "PostCode_L": null,
        "PostCode_R": null,
        "RD_CLASS": null,
        "RD_NAME": null,
        "ROAD_NAME": null,
        "RoadClass": null,
        "STREET": "OAK FOREST",
        "SUBDIVISIO": null,
        "SURFACE_TY": null,
        "Shape_Leng": null,
        "Shape__Length": 790.3572471462726,
        "St_Name": null,
        "St_PosDir": null,
        "St_PosMod": null,
        "St_PosTyp": null,
        "St_PreDir": null,
        "St_PreMod": null,
        "St_PreSep": null,
        "St_PreTyp": null,
        "State_L": null,
        "State_R": null,
        "ToAddr_L": null,
        "ToAddr_R": null
      },
      "type": "Feature"
    }
  ],
  "type": "FeatureCollection"
}
