<?xml version='1.0' encoding='utf-8'?>
<kml xmlns="http://www.opengis.net/kml/2.2">
  <Document>
    <name>TRF 2026 group site plan v0.1</name>
    <description>Provisional planning geometry only. Compare locally with the dated 2025-10-20 Google Earth view; do not treat these polygons as surveyed or approved campsite boundaries.</description>
    <Style id="role-clearance_placeholder">
      <LineStyle>
        <color>ff777777</color>
        <width>3</width>
      </LineStyle>
      <PolyStyle>
        <color>33777777</color>
      </PolyStyle>
      <LabelStyle>
        <scale>0.8</scale>
      </LabelStyle>
    </Style>
    <Style id="role-connector">
      <LineStyle>
        <color>ff1f4c6d</color>
        <width>3</width>
      </LineStyle>
      <PolyStyle>
        <color>998fc2d9</color>
      </PolyStyle>
      <LabelStyle>
        <scale>0.8</scale>
      </LabelStyle>
    </Style>
    <Style id="role-equipment_line_placeholder">
      <LineStyle>
        <color>ff777777</color>
        <width>3</width>
      </LineStyle>
      <PolyStyle>
        <color>33777777</color>
      </PolyStyle>
      <LabelStyle>
        <scale>0.8</scale>
      </LabelStyle>
    </Style>
    <Style id="role-equipment_placeholder">
      <LineStyle>
        <color>ff777777</color>
        <width>3</width>
      </LineStyle>
      <PolyStyle>
        <color>33777777</color>
      </PolyStyle>
      <LabelStyle>
        <scale>0.8</scale>
      </LabelStyle>
    </Style>
    <Style id="role-known_equipment">
      <LineStyle>
        <color>ff777777</color>
        <width>3</width>
      </LineStyle>
      <PolyStyle>
        <color>33777777</color>
      </PolyStyle>
      <LabelStyle>
        <scale>0.8</scale>
      </LabelStyle>
    </Style>
    <Style id="role-pass">
      <LineStyle>
        <color>ff3869e6</color>
        <width>3</width>
      </LineStyle>
      <PolyStyle>
        <color>553869e6</color>
      </PolyStyle>
      <LabelStyle>
        <scale>0.8</scale>
      </LabelStyle>
    </Style>
    <Style id="role-road_edge">
      <LineStyle>
        <color>ff00d0f5</color>
        <width>3</width>
      </LineStyle>
      <PolyStyle>
        <color>00000000</color>
      </PolyStyle>
      <LabelStyle>
        <scale>0.8</scale>
      </LabelStyle>
    </Style>
    <Style id="role-setback_10">
      <LineStyle>
        <color>ff3d26d7</color>
        <width>3</width>
      </LineStyle>
      <PolyStyle>
        <color>00000000</color>
      </PolyStyle>
      <LabelStyle>
        <scale>0.8</scale>
      </LabelStyle>
    </Style>
    <Style id="role-setback_14">
      <LineStyle>
        <color>ff288cf2</color>
        <width>3</width>
      </LineStyle>
      <PolyStyle>
        <color>00000000</color>
      </PolyStyle>
      <LabelStyle>
        <scale>0.8</scale>
      </LabelStyle>
    </Style>
    <Style id="role-west_limit">
      <LineStyle>
        <color>ffd4bc00</color>
        <width>3</width>
      </LineStyle>
      <PolyStyle>
        <color>00000000</color>
      </PolyStyle>
      <LabelStyle>
        <scale>0.8</scale>
      </LabelStyle>
    </Style>
    <Placemark>
      <name>J. + C.</name>
      <styleUrl>#role-pass</styleUrl>
      <description>id: jc
role: pass
area_sqft: 600
status: Accepted saved layout; planning-grade georeferencing, not a survey.
layout_note: 598.875 sq ft RV + canopy equipment footprint, plus 1.125 sq ft boundary buffer
color: #e69138
source: planning/households/jc.md
saved_x_ft: 99.25
saved_y_ft: 180.75
rotation_deg: -103
z: 1</description>
      <ExtendedData>
        <Data name="id">
          <value>jc</value>
        </Data>
        <Data name="name">
          <value>J. + C.</value>
        </Data>
        <Data name="role">
          <value>pass</value>
        </Data>
        <Data name="area_sqft">
          <value>600</value>
        </Data>
        <Data name="status">
          <value>Accepted saved layout; planning-grade georeferencing, not a survey.</value>
        </Data>
        <Data name="layout_note">
          <value>598.875 sq ft RV + canopy equipment footprint, plus 1.125 sq ft boundary buffer</value>
        </Data>
        <Data name="color">
          <value>#e69138</value>
        </Data>
        <Data name="source">
          <value>planning/households/jc.md</value>
        </Data>
        <Data name="saved_x_ft">
          <value>99.25</value>
        </Data>
        <Data name="saved_y_ft">
          <value>180.75</value>
        </Data>
        <Data name="rotation_deg">
          <value>-103</value>
        </Data>
        <Data name="z">
          <value>1</value>
        </Data>
      </ExtendedData>
      <Polygon>
        <tessellate>1</tessellate>
        <outerBoundaryIs>
          <LinearRing>
            <coordinates>-95.846324929,30.255605394,0 -95.846422836,30.255588459,0 -95.846413967,30.255550201,0 -95.846347401,30.255561715,0 -95.846338065,30.255521443,0 -95.846306725,30.255526864,0 -95.846324929,30.255605394,0</coordinates>
          </LinearRing>
        </outerBoundaryIs>
      </Polygon>
    </Placemark>
    <Placemark>
      <name>Conservative deployed envelope</name>
      <styleUrl>#role-equipment_placeholder</styleUrl>
      <description>id: jc_rv_envelope
role: equipment_placeholder
status: 31.5 x 14.25 ft planning envelope; not the literal camper outline
dimensions_ft: 31.5 x 14.25 ft
color: #d9e8f7
source_pass_id: jc</description>
      <ExtendedData>
        <Data name="id">
          <value>jc_rv_envelope</value>
        </Data>
        <Data name="name">
          <value>Conservative deployed envelope</value>
        </Data>
        <Data name="role">
          <value>equipment_placeholder</value>
        </Data>
        <Data name="status">
          <value>31.5 x 14.25 ft planning envelope; not the literal camper outline</value>
        </Data>
        <Data name="dimensions_ft">
          <value>31.5 x 14.25 ft</value>
        </Data>
        <Data name="color">
          <value>#d9e8f7</value>
        </Data>
        <Data name="source_pass_id">
          <value>jc</value>
        </Data>
      </ExtendedData>
      <Polygon>
        <tessellate>1</tessellate>
        <outerBoundaryIs>
          <LinearRing>
            <coordinates>-95.846413967,30.255550201,0 -95.846422836,30.255588459,0 -95.846324929,30.255605394,0 -95.846316060,30.255567136,0 -95.846413967,30.255550201,0</coordinates>
          </LinearRing>
        </outerBoundaryIs>
      </Polygon>
    </Placemark>
    <Placemark>
      <name>Wildcat body</name>
      <styleUrl>#role-known_equipment</styleUrl>
      <description>id: jc_rv_body
role: known_equipment
status: approximately 8 x 29.5 ft floorplan-derived body within the conservative envelope; exact model and dimensions require field verification
dimensions_ft: approx. 8 x 29.5 ft
color: #f0f2f4
source_pass_id: jc</description>
      <ExtendedData>
        <Data name="id">
          <value>jc_rv_body</value>
        </Data>
        <Data name="name">
          <value>Wildcat body</value>
        </Data>
        <Data name="role">
          <value>known_equipment</value>
        </Data>
        <Data name="status">
          <value>approximately 8 x 29.5 ft floorplan-derived body within the conservative envelope; exact model and dimensions require field verification</value>
        </Data>
        <Data name="dimensions_ft">
          <value>approx. 8 x 29.5 ft</value>
        </Data>
        <Data name="color">
          <value>#f0f2f4</value>
        </Data>
        <Data name="source_pass_id">
          <value>jc</value>
        </Data>
      </ExtendedData>
      <Polygon>
        <tessellate>1</tessellate>
        <outerBoundaryIs>
          <LinearRing>
            <coordinates>-95.846409360,30.255558217,0 -95.846414339,30.255579695,0 -95.846322648,30.255595554,0 -95.846317669,30.255574076,0 -95.846409360,30.255558217,0</coordinates>
          </LinearRing>
        </outerBoundaryIs>
      </Polygon>
    </Placemark>
    <Placemark>
      <name>Kitchen slide</name>
      <styleUrl>#role-equipment_placeholder</styleUrl>
      <description>id: jc_slide_kitchen
role: equipment_placeholder
status: floorplan-derived west-side projection; approximately 25 in in the detailed planning schematic; field verify
dimensions_ft: ~25 in west
color: #9bc3e6
source_pass_id: jc</description>
      <ExtendedData>
        <Data name="id">
          <value>jc_slide_kitchen</value>
        </Data>
        <Data name="name">
          <value>Kitchen slide</value>
        </Data>
        <Data name="role">
          <value>equipment_placeholder</value>
        </Data>
        <Data name="status">
          <value>floorplan-derived west-side projection; approximately 25 in in the detailed planning schematic; field verify</value>
        </Data>
        <Data name="dimensions_ft">
          <value>~25 in west</value>
        </Data>
        <Data name="color">
          <value>#9bc3e6</value>
        </Data>
        <Data name="source_pass_id">
          <value>jc</value>
        </Data>
      </ExtendedData>
      <Polygon>
        <tessellate>1</tessellate>
        <outerBoundaryIs>
          <LinearRing>
            <coordinates>-95.846396406,30.255554635,0 -95.846397704,30.255560233,0 -95.846373616,30.255564399,0 -95.846372318,30.255558801,0 -95.846396406,30.255554635,0</coordinates>
          </LinearRing>
        </outerBoundaryIs>
      </Polygon>
    </Placemark>
    <Placemark>
      <name>Living / dinette slide</name>
      <styleUrl>#role-equipment_placeholder</styleUrl>
      <description>id: jc_slide_living
role: equipment_placeholder
status: floorplan-derived east-side projection; approximately 38 in in the detailed planning schematic; field verify
dimensions_ft: ~38 in east
color: #9bc3e6
source_pass_id: jc</description>
      <ExtendedData>
        <Data name="id">
          <value>jc_slide_living</value>
        </Data>
        <Data name="name">
          <value>Living / dinette slide</value>
        </Data>
        <Data name="role">
          <value>equipment_placeholder</value>
        </Data>
        <Data name="status">
          <value>floorplan-derived east-side projection; approximately 38 in in the detailed planning schematic; field verify</value>
        </Data>
        <Data name="dimensions_ft">
          <value>~38 in east</value>
        </Data>
        <Data name="color">
          <value>#9bc3e6</value>
        </Data>
        <Data name="source_pass_id">
          <value>jc</value>
        </Data>
      </ExtendedData>
      <Polygon>
        <tessellate>1</tessellate>
        <outerBoundaryIs>
          <LinearRing>
            <coordinates>-95.846404237,30.255581442,0 -95.846406207,30.255589939,0 -95.846368132,30.255596525,0 -95.846366162,30.255588028,0 -95.846404237,30.255581442,0</coordinates>
          </LinearRing>
        </outerBoundaryIs>
      </Polygon>
    </Placemark>
    <Placemark>
      <name>Bedroom slide</name>
      <styleUrl>#role-equipment_placeholder</styleUrl>
      <description>id: jc_slide_bedroom
role: equipment_placeholder
status: floorplan-derived east-side projection; approximately 29 in in the detailed planning schematic; field verify
dimensions_ft: ~29 in east
color: #9bc3e6
source_pass_id: jc</description>
      <ExtendedData>
        <Data name="id">
          <value>jc_slide_bedroom</value>
        </Data>
        <Data name="name">
          <value>Bedroom slide</value>
        </Data>
        <Data name="role">
          <value>equipment_placeholder</value>
        </Data>
        <Data name="status">
          <value>floorplan-derived east-side projection; approximately 29 in in the detailed planning schematic; field verify</value>
        </Data>
        <Data name="dimensions_ft">
          <value>~29 in east</value>
        </Data>
        <Data name="color">
          <value>#9bc3e6</value>
        </Data>
        <Data name="source_pass_id">
          <value>jc</value>
        </Data>
      </ExtendedData>
      <Polygon>
        <tessellate>1</tessellate>
        <outerBoundaryIs>
          <LinearRing>
            <coordinates>-95.846356838,30.255589640,0 -95.846358341,30.255596124,0 -95.846337361,30.255599753,0 -95.846335858,30.255593269,0 -95.846356838,30.255589640,0</coordinates>
          </LinearRing>
        </outerBoundaryIs>
      </Polygon>
    </Placemark>
    <Placemark>
      <name>Entry + steps west</name>
      <styleUrl>#role-equipment_line_placeholder</styleUrl>
      <description>id: jc_entry_steps
role: equipment_line_placeholder
status: floorplan-derived west-side entry; stair projection requires field measurement
dimensions_ft:
color: #a56200
source_pass_id: jc</description>
      <ExtendedData>
        <Data name="id">
          <value>jc_entry_steps</value>
        </Data>
        <Data name="name">
          <value>Entry + steps west</value>
        </Data>
        <Data name="role">
          <value>equipment_line_placeholder</value>
        </Data>
        <Data name="status">
          <value>floorplan-derived west-side entry; stair projection requires field measurement</value>
        </Data>
        <Data name="dimensions_ft">
          <value />
        </Data>
        <Data name="color">
          <value>#a56200</value>
        </Data>
        <Data name="source_pass_id">
          <value>jc</value>
        </Data>
      </ExtendedData>
      <LineString>
        <tessellate>1</tessellate>
        <coordinates>-95.846343778,30.255569560,0 -95.846338439,30.255564661,0</coordinates>
      </LineString>
    </Placemark>
    <Placemark>
      <name>Hitch / front south</name>
      <styleUrl>#role-equipment_line_placeholder</styleUrl>
      <description>id: jc_hitch
role: equipment_line_placeholder
status: floorplan-derived orientation; exact hitch geometry requires measurement
dimensions_ft:
color: #303941
source_pass_id: jc</description>
      <ExtendedData>
        <Data name="id">
          <value>jc_hitch</value>
        </Data>
        <Data name="name">
          <value>Hitch / front south</value>
        </Data>
        <Data name="role">
          <value>equipment_line_placeholder</value>
        </Data>
        <Data name="status">
          <value>floorplan-derived orientation; exact hitch geometry requires measurement</value>
        </Data>
        <Data name="dimensions_ft">
          <value />
        </Data>
        <Data name="color">
          <value>#303941</value>
        </Data>
        <Data name="source_pass_id">
          <value>jc</value>
        </Data>
      </ExtendedData>
      <LineString>
        <tessellate>1</tessellate>
        <coordinates>-95.846326686,30.255583686,0 -95.846320936,30.255584681,0</coordinates>
      </LineString>
    </Placemark>
    <Placemark>
      <name>Canopy</name>
      <styleUrl>#role-known_equipment</styleUrl>
      <description>id: jc_canopy
role: known_equipment
status: working template; dimensions must be verified
dimensions_ft: 15 x 10 ft
color: #f6b26b
source_pass_id: jc</description>
      <ExtendedData>
        <Data name="id">
          <value>jc_canopy</value>
        </Data>
        <Data name="name">
          <value>Canopy</value>
        </Data>
        <Data name="role">
          <value>known_equipment</value>
        </Data>
        <Data name="status">
          <value>working template; dimensions must be verified</value>
        </Data>
        <Data name="dimensions_ft">
          <value>15 x 10 ft</value>
        </Data>
        <Data name="color">
          <value>#f6b26b</value>
        </Data>
        <Data name="source_pass_id">
          <value>jc</value>
        </Data>
      </ExtendedData>
      <Polygon>
        <tessellate>1</tessellate>
        <outerBoundaryIs>
          <LinearRing>
            <coordinates>-95.846338065,30.255521443,0 -95.846347401,30.255561715,0 -95.846316319,30.255567091,0 -95.846306984,30.255526819,0 -95.846338065,30.255521443,0</coordinates>
          </LinearRing>
        </outerBoundaryIs>
      </Polygon>
    </Placemark>
    <Placemark>
      <name>S. + S. — Camper</name>
      <styleUrl>#role-pass</styleUrl>
      <description>id: ss_camper
role: pass
area_sqft: 600
status: Accepted saved layout; planning-grade georeferencing, not a survey.
layout_note:
color: #93c47d
source: equipment/ss-kz-connect-se-c312bhkse.md
saved_x_ft: 76.75
saved_y_ft: 193.25
rotation_deg: 1
z: 2</description>
      <ExtendedData>
        <Data name="id">
          <value>ss_camper</value>
        </Data>
        <Data name="name">
          <value>S. + S. — Camper</value>
        </Data>
        <Data name="role">
          <value>pass</value>
        </Data>
        <Data name="area_sqft">
          <value>600</value>
        </Data>
        <Data name="status">
          <value>Accepted saved layout; planning-grade georeferencing, not a survey.</value>
        </Data>
        <Data name="layout_note">
          <value />
        </Data>
        <Data name="color">
          <value>#93c47d</value>
        </Data>
        <Data name="source">
          <value>equipment/ss-kz-connect-se-c312bhkse.md</value>
        </Data>
        <Data name="saved_x_ft">
          <value>76.75</value>
        </Data>
        <Data name="saved_y_ft">
          <value>193.25</value>
        </Data>
        <Data name="rotation_deg">
          <value>1</value>
        </Data>
        <Data name="z">
          <value>2</value>
        </Data>
      </ExtendedData>
      <Polygon>
        <tessellate>1</tessellate>
        <outerBoundaryIs>
          <LinearRing>
            <coordinates>-95.846480982,30.255569972,0 -95.846442986,30.255568438,0 -95.846443578,30.255557497,0 -95.846434079,30.255557114,0 -95.846435263,30.255535233,0 -95.846444762,30.255535617,0 -95.846445576,30.255520574,0 -95.846420245,30.255519551,0 -95.846422022,30.255486730,0 -95.846447353,30.255487753,0 -95.846448907,30.255459034,0 -95.846486904,30.255460569,0 -95.846480982,30.255569972,0</coordinates>
          </LinearRing>
        </outerBoundaryIs>
      </Polygon>
    </Placemark>
    <Placemark>
      <name>Camper body</name>
      <styleUrl>#role-known_equipment</styleUrl>
      <description>id: ss_camper_body
role: known_equipment
status: published manufacturer dimensions; model year/VIN not yet confirmed
dimensions_ft: 36 ft 9 in x 8 ft (rear bumper to coupler)
color: #3d85c6
source_pass_id: ss_camper</description>
      <ExtendedData>
        <Data name="id">
          <value>ss_camper_body</value>
        </Data>
        <Data name="name">
          <value>Camper body</value>
        </Data>
        <Data name="role">
          <value>known_equipment</value>
        </Data>
        <Data name="status">
          <value>published manufacturer dimensions; model year/VIN not yet confirmed</value>
        </Data>
        <Data name="dimensions_ft">
          <value>36 ft 9 in x 8 ft (rear bumper to coupler)</value>
        </Data>
        <Data name="color">
          <value>#3d85c6</value>
        </Data>
        <Data name="source_pass_id">
          <value>ss_camper</value>
        </Data>
      </ExtendedData>
      <Polygon>
        <tessellate>1</tessellate>
        <outerBoundaryIs>
          <LinearRing>
            <coordinates>-95.846469507,30.255565054,0 -95.846444176,30.255564032,0 -95.846449616,30.255463517,0 -95.846474947,30.255464540,0 -95.846469507,30.255565054,0</coordinates>
          </LinearRing>
        </outerBoundaryIs>
      </Polygon>
    </Placemark>
    <Placemark>
      <name>Rear bunkhouse slide</name>
      <styleUrl>#role-equipment_placeholder</styleUrl>
      <description>id: ss_camper_slide_bunk
role: equipment_placeholder
status: scale-derived from floorplan artwork; not measured on this unit; unsuitable for approval
dimensions_ft: ~3 ft 1 in projection (estimate)
color: #a9c9e8
source_pass_id: ss_camper</description>
      <ExtendedData>
        <Data name="id">
          <value>ss_camper_slide_bunk</value>
        </Data>
        <Data name="name">
          <value>Rear bunkhouse slide</value>
        </Data>
        <Data name="role">
          <value>equipment_placeholder</value>
        </Data>
        <Data name="status">
          <value>scale-derived from floorplan artwork; not measured on this unit; unsuitable for approval</value>
        </Data>
        <Data name="dimensions_ft">
          <value>~3 ft 1 in projection (estimate)</value>
        </Data>
        <Data name="color">
          <value>#a9c9e8</value>
        </Data>
        <Data name="source_pass_id">
          <value>ss_camper</value>
        </Data>
      </ExtendedData>
      <Polygon>
        <tessellate>1</tessellate>
        <outerBoundaryIs>
          <LinearRing>
            <coordinates>-95.846479438,30.255563331,0 -95.846469622,30.255562935,0 -95.846470791,30.255541328,0 -95.846480607,30.255541724,0 -95.846479438,30.255563331,0</coordinates>
          </LinearRing>
        </outerBoundaryIs>
      </Polygon>
    </Placemark>
    <Placemark>
      <name>Main living slide</name>
      <styleUrl>#role-equipment_placeholder</styleUrl>
      <description>id: ss_camper_slide_main
role: equipment_placeholder
status: scale-derived from floorplan artwork; not measured on this unit; unsuitable for approval
dimensions_ft: ~3 ft 9 in projection (estimate)
color: #a9c9e8
source_pass_id: ss_camper</description>
      <ExtendedData>
        <Data name="id">
          <value>ss_camper_slide_main</value>
        </Data>
        <Data name="name">
          <value>Main living slide</value>
        </Data>
        <Data name="role">
          <value>equipment_placeholder</value>
        </Data>
        <Data name="status">
          <value>scale-derived from floorplan artwork; not measured on this unit; unsuitable for approval</value>
        </Data>
        <Data name="dimensions_ft">
          <value>~3 ft 9 in projection (estimate)</value>
        </Data>
        <Data name="color">
          <value>#a9c9e8</value>
        </Data>
        <Data name="source_pass_id">
          <value>ss_camper</value>
        </Data>
      </ExtendedData>
      <Polygon>
        <tessellate>1</tessellate>
        <outerBoundaryIs>
          <LinearRing>
            <coordinates>-95.846482788,30.255536604,0 -95.846471073,30.255536131,0 -95.846473352,30.255494011,0 -95.846485068,30.255494484,0 -95.846482788,30.255536604,0</coordinates>
          </LinearRing>
        </outerBoundaryIs>
      </Polygon>
    </Placemark>
    <Placemark>
      <name>Rear service bay</name>
      <styleUrl>#role-equipment_placeholder</styleUrl>
      <description>id: ss_rear_service_zone
role: equipment_placeholder
status: provisional 3 x 8 ft service bay; appliance doors, griddle, and step projections require measurement
dimensions_ft: 3 x 8 ft provisional
color: #f6b26b
source_pass_id: ss_camper</description>
      <ExtendedData>
        <Data name="id">
          <value>ss_rear_service_zone</value>
        </Data>
        <Data name="name">
          <value>Rear service bay</value>
        </Data>
        <Data name="role">
          <value>equipment_placeholder</value>
        </Data>
        <Data name="status">
          <value>provisional 3 x 8 ft service bay; appliance doors, griddle, and step projections require measurement</value>
        </Data>
        <Data name="dimensions_ft">
          <value>3 x 8 ft provisional</value>
        </Data>
        <Data name="color">
          <value>#f6b26b</value>
        </Data>
        <Data name="source_pass_id">
          <value>ss_camper</value>
        </Data>
      </ExtendedData>
      <Polygon>
        <tessellate>1</tessellate>
        <outerBoundaryIs>
          <LinearRing>
            <coordinates>-95.846443578,30.255557497,0 -95.846434079,30.255557114,0 -95.846435263,30.255535233,0 -95.846444762,30.255535617,0 -95.846443578,30.255557497,0</coordinates>
          </LinearRing>
        </outerBoundaryIs>
      </Polygon>
    </Placemark>
    <Placemark>
      <name>Rug zone</name>
      <styleUrl>#role-equipment_placeholder</styleUrl>
      <description>id: ss_rug_zone
role: equipment_placeholder
status: working assumption; confirm actual rug dimensions and placement
dimensions_ft: 8 x 12 ft provisional
color: #d9b38c
source_pass_id: ss_camper</description>
      <ExtendedData>
        <Data name="id">
          <value>ss_rug_zone</value>
        </Data>
        <Data name="name">
          <value>Rug zone</value>
        </Data>
        <Data name="role">
          <value>equipment_placeholder</value>
        </Data>
        <Data name="status">
          <value>working assumption; confirm actual rug dimensions and placement</value>
        </Data>
        <Data name="dimensions_ft">
          <value>8 x 12 ft provisional</value>
        </Data>
        <Data name="color">
          <value>#d9b38c</value>
        </Data>
        <Data name="source_pass_id">
          <value>ss_camper</value>
        </Data>
      </ExtendedData>
      <Polygon>
        <tessellate>1</tessellate>
        <outerBoundaryIs>
          <LinearRing>
            <coordinates>-95.846445576,30.255520574,0 -95.846420245,30.255519551,0 -95.846422022,30.255486730,0 -95.846447353,30.255487753,0 -95.846445576,30.255520574,0</coordinates>
          </LinearRing>
        </outerBoundaryIs>
      </Polygon>
    </Placemark>
    <Placemark>
      <name>Rear steps</name>
      <styleUrl>#role-equipment_placeholder</styleUrl>
      <description>id: ss_rear_steps
role: equipment_placeholder
status: floorplan-derived location; projection requires measurement
dimensions_ft: projection TBD
color: #c58b55
source_pass_id: ss_camper</description>
      <ExtendedData>
        <Data name="id">
          <value>ss_rear_steps</value>
        </Data>
        <Data name="name">
          <value>Rear steps</value>
        </Data>
        <Data name="role">
          <value>equipment_placeholder</value>
        </Data>
        <Data name="status">
          <value>floorplan-derived location; projection requires measurement</value>
        </Data>
        <Data name="dimensions_ft">
          <value>projection TBD</value>
        </Data>
        <Data name="color">
          <value>#c58b55</value>
        </Data>
        <Data name="source_pass_id">
          <value>ss_camper</value>
        </Data>
      </ExtendedData>
      <Polygon>
        <tessellate>1</tessellate>
        <outerBoundaryIs>
          <LinearRing>
            <coordinates>-95.846445342,30.255542493,0 -95.846434893,30.255542071,0 -95.846435189,30.255536601,0 -95.846445638,30.255537023,0 -95.846445342,30.255542493,0</coordinates>
          </LinearRing>
        </outerBoundaryIs>
      </Polygon>
    </Placemark>
    <Placemark>
      <name>Main steps</name>
      <styleUrl>#role-equipment_placeholder</styleUrl>
      <description>id: ss_main_steps
role: equipment_placeholder
status: floorplan-derived location; projection requires measurement
dimensions_ft: projection TBD
color: #c58b55
source_pass_id: ss_camper</description>
      <ExtendedData>
        <Data name="id">
          <value>ss_main_steps</value>
        </Data>
        <Data name="name">
          <value>Main steps</value>
        </Data>
        <Data name="role">
          <value>equipment_placeholder</value>
        </Data>
        <Data name="status">
          <value>floorplan-derived location; projection requires measurement</value>
        </Data>
        <Data name="dimensions_ft">
          <value>projection TBD</value>
        </Data>
        <Data name="color">
          <value>#c58b55</value>
        </Data>
        <Data name="source_pass_id">
          <value>ss_camper</value>
        </Data>
      </ExtendedData>
      <Polygon>
        <tessellate>1</tessellate>
        <outerBoundaryIs>
          <LinearRing>
            <coordinates>-95.846448007,30.255493261,0 -95.846437557,30.255492839,0 -95.846437853,30.255487369,0 -95.846448303,30.255487791,0 -95.846448007,30.255493261,0</coordinates>
          </LinearRing>
        </outerBoundaryIs>
      </Polygon>
    </Placemark>
    <Placemark>
      <name>18 ft awning</name>
      <styleUrl>#role-equipment_line_placeholder</styleUrl>
      <description>id: ss_awning
role: equipment_line_placeholder
status: published length; projection and support locations require measurement
dimensions_ft: projection TBD
color: #2e7d32
source_pass_id: ss_camper</description>
      <ExtendedData>
        <Data name="id">
          <value>ss_awning</value>
        </Data>
        <Data name="name">
          <value>18 ft awning</value>
        </Data>
        <Data name="role">
          <value>equipment_line_placeholder</value>
        </Data>
        <Data name="status">
          <value>published length; projection and support locations require measurement</value>
        </Data>
        <Data name="dimensions_ft">
          <value>projection TBD</value>
        </Data>
        <Data name="color">
          <value>#2e7d32</value>
        </Data>
        <Data name="source_pass_id">
          <value>ss_camper</value>
        </Data>
      </ExtendedData>
      <LineString>
        <tessellate>1</tessellate>
        <coordinates>-95.846444688,30.255536984,0 -95.846447353,30.255487753,0</coordinates>
      </LineString>
    </Placemark>
    <Placemark>
      <name>Rear door</name>
      <styleUrl>#role-equipment_line_placeholder</styleUrl>
      <description>id: ss_rear_door
role: equipment_line_placeholder
status: floorplan-derived location; verify on actual unit
dimensions_ft:
color: #a56200
source_pass_id: ss_camper</description>
      <ExtendedData>
        <Data name="id">
          <value>ss_rear_door</value>
        </Data>
        <Data name="name">
          <value>Rear door</value>
        </Data>
        <Data name="role">
          <value>equipment_line_placeholder</value>
        </Data>
        <Data name="status">
          <value>floorplan-derived location; verify on actual unit</value>
        </Data>
        <Data name="dimensions_ft">
          <value />
        </Data>
        <Data name="color">
          <value>#a56200</value>
        </Data>
        <Data name="source_pass_id">
          <value>ss_camper</value>
        </Data>
      </ExtendedData>
      <LineString>
        <tessellate>1</tessellate>
        <coordinates>-95.846445372,30.255541946,0 -95.846445579,30.255538117,0</coordinates>
      </LineString>
    </Placemark>
    <Placemark>
      <name>Main door</name>
      <styleUrl>#role-equipment_line_placeholder</styleUrl>
      <description>id: ss_main_door
role: equipment_line_placeholder
status: floorplan-derived location; verify on actual unit
dimensions_ft:
color: #a56200
source_pass_id: ss_camper</description>
      <ExtendedData>
        <Data name="id">
          <value>ss_main_door</value>
        </Data>
        <Data name="name">
          <value>Main door</value>
        </Data>
        <Data name="role">
          <value>equipment_line_placeholder</value>
        </Data>
        <Data name="status">
          <value>floorplan-derived location; verify on actual unit</value>
        </Data>
        <Data name="dimensions_ft">
          <value />
        </Data>
        <Data name="color">
          <value>#a56200</value>
        </Data>
        <Data name="source_pass_id">
          <value>ss_camper</value>
        </Data>
      </ExtendedData>
      <LineString>
        <tessellate>1</tessellate>
        <coordinates>-95.846448066,30.255492167,0 -95.846448273,30.255488338,0</coordinates>
      </LineString>
    </Placemark>
    <Placemark>
      <name>S. + S. — Shower Section</name>
      <styleUrl>#role-pass</styleUrl>
      <description>id: ss_shower
role: pass
area_sqft: 393
status: Accepted saved layout; planning-grade georeferencing, not a survey.
layout_note: 393 sq ft notched section; separate accepted walkway uses 105 sq ft
color: #93c47d
source: equipment/ss-16ft-shower-trailer.md
saved_x_ft: 151.5
saved_y_ft: 272.75
rotation_deg: -91
z: 3</description>
      <ExtendedData>
        <Data name="id">
          <value>ss_shower</value>
        </Data>
        <Data name="name">
          <value>S. + S. — Shower Section</value>
        </Data>
        <Data name="role">
          <value>pass</value>
        </Data>
        <Data name="area_sqft">
          <value>393</value>
        </Data>
        <Data name="status">
          <value>Accepted saved layout; planning-grade georeferencing, not a survey.</value>
        </Data>
        <Data name="layout_note">
          <value>393 sq ft notched section; separate accepted walkway uses 105 sq ft</value>
        </Data>
        <Data name="color">
          <value>#93c47d</value>
        </Data>
        <Data name="source">
          <value>equipment/ss-16ft-shower-trailer.md</value>
        </Data>
        <Data name="saved_x_ft">
          <value>151.5</value>
        </Data>
        <Data name="saved_y_ft">
          <value>272.75</value>
        </Data>
        <Data name="rotation_deg">
          <value>-91</value>
        </Data>
        <Data name="z">
          <value>3</value>
        </Data>
      </ExtendedData>
      <Polygon>
        <tessellate>1</tessellate>
        <outerBoundaryIs>
          <LinearRing>
            <coordinates>-95.846244427,30.255287802,0 -95.846243528,30.255353511,0 -95.846221341,30.255353284,0 -95.846221407,30.255348431,0 -95.846186541,30.255348075,0 -95.846187307,30.255292073,0 -95.846222173,30.255292429,0 -95.846222239,30.255287575,0 -95.846244427,30.255287802,0</coordinates>
          </LinearRing>
        </outerBoundaryIs>
      </Polygon>
    </Placemark>
    <Placemark>
      <name>Assumed utility-trailer deck</name>
      <styleUrl>#role-equipment_placeholder</styleUrl>
      <description>id: ss_shower_trailer
role: equipment_placeholder
status: 16 ft stated deck length with 7 ft planning width; actual deck and maximum fender width require measurement
dimensions_ft: 16 x 7 ft planning assumption
color: #245b24
source_pass_id: ss_shower</description>
      <ExtendedData>
        <Data name="id">
          <value>ss_shower_trailer</value>
        </Data>
        <Data name="name">
          <value>Assumed utility-trailer deck</value>
        </Data>
        <Data name="role">
          <value>equipment_placeholder</value>
        </Data>
        <Data name="status">
          <value>16 ft stated deck length with 7 ft planning width; actual deck and maximum fender width require measurement</value>
        </Data>
        <Data name="dimensions_ft">
          <value>16 x 7 ft planning assumption</value>
        </Data>
        <Data name="color">
          <value>#245b24</value>
        </Data>
        <Data name="source_pass_id">
          <value>ss_shower</value>
        </Data>
      </ExtendedData>
      <Polygon>
        <tessellate>1</tessellate>
        <outerBoundaryIs>
          <LinearRing>
            <coordinates>-95.846244277,30.255298753,0 -95.846243678,30.255342559,0 -95.846221491,30.255342333,0 -95.846222090,30.255298527,0 -95.846244277,30.255298753,0</coordinates>
          </LinearRing>
        </outerBoundaryIs>
      </Polygon>
    </Placemark>
    <Placemark>
      <name>Full-width rear ramp</name>
      <styleUrl>#role-equipment_placeholder</styleUrl>
      <description>id: ss_shower_ramp
role: equipment_placeholder
status: full-width fold-down ramp confirmed; 4 ft deployed depth is a planning assumption requiring measurement
dimensions_ft: 7 x 4 ft assumed deployed
color: #f6b26b
source_pass_id: ss_shower</description>
      <ExtendedData>
        <Data name="id">
          <value>ss_shower_ramp</value>
        </Data>
        <Data name="name">
          <value>Full-width rear ramp</value>
        </Data>
        <Data name="role">
          <value>equipment_placeholder</value>
        </Data>
        <Data name="status">
          <value>full-width fold-down ramp confirmed; 4 ft deployed depth is a planning assumption requiring measurement</value>
        </Data>
        <Data name="dimensions_ft">
          <value>7 x 4 ft assumed deployed</value>
        </Data>
        <Data name="color">
          <value>#f6b26b</value>
        </Data>
        <Data name="source_pass_id">
          <value>ss_shower</value>
        </Data>
      </ExtendedData>
      <Polygon>
        <tessellate>1</tessellate>
        <outerBoundaryIs>
          <LinearRing>
            <coordinates>-95.846243678,30.255342559,0 -95.846243528,30.255353511,0 -95.846221341,30.255353284,0 -95.846221491,30.255342333,0 -95.846243678,30.255342559,0</coordinates>
          </LinearRing>
        </outerBoundaryIs>
      </Polygon>
    </Placemark>
    <Placemark>
      <name>Tongue / jack allowance</name>
      <styleUrl>#role-equipment_line_placeholder</styleUrl>
      <description>id: ss_shower_tongue
role: equipment_line_placeholder
status: provisional 4 ft centerline allowance; actual coupler, A-frame, jack, and tow-clearance geometry unknown
dimensions_ft: 4 ft assumed
color: #555555
source_pass_id: ss_shower</description>
      <ExtendedData>
        <Data name="id">
          <value>ss_shower_tongue</value>
        </Data>
        <Data name="name">
          <value>Tongue / jack allowance</value>
        </Data>
        <Data name="role">
          <value>equipment_line_placeholder</value>
        </Data>
        <Data name="status">
          <value>provisional 4 ft centerline allowance; actual coupler, A-frame, jack, and tow-clearance geometry unknown</value>
        </Data>
        <Data name="dimensions_ft">
          <value>4 ft assumed</value>
        </Data>
        <Data name="color">
          <value>#555555</value>
        </Data>
        <Data name="source_pass_id">
          <value>ss_shower</value>
        </Data>
      </ExtendedData>
      <LineString>
        <tessellate>1</tessellate>
        <coordinates>-95.846230163,30.255287656,0 -95.846230014,30.255298608,0</coordinates>
      </LineString>
    </Placemark>
    <Placemark>
      <name>Wheel/fender allowance</name>
      <styleUrl>#role-equipment_placeholder</styleUrl>
      <description>id: ss_shower_left_wheel
role: equipment_placeholder
status: provisional only; axle, tires, fenders, stabilizers, and maximum trailer width require measurement
dimensions_ft:
color: #555555
source_pass_id: ss_shower</description>
      <ExtendedData>
        <Data name="id">
          <value>ss_shower_left_wheel</value>
        </Data>
        <Data name="name">
          <value>Wheel/fender allowance</value>
        </Data>
        <Data name="role">
          <value>equipment_placeholder</value>
        </Data>
        <Data name="status">
          <value>provisional only; axle, tires, fenders, stabilizers, and maximum trailer width require measurement</value>
        </Data>
        <Data name="dimensions_ft">
          <value />
        </Data>
        <Data name="color">
          <value>#555555</value>
        </Data>
        <Data name="source_pass_id">
          <value>ss_shower</value>
        </Data>
      </ExtendedData>
      <Polygon>
        <tessellate>1</tessellate>
        <outerBoundaryIs>
          <LinearRing>
            <coordinates>-95.846244052,30.255315180,0 -95.846243903,30.255326132,0 -95.846240733,30.255326100,0 -95.846240883,30.255315148,0 -95.846244052,30.255315180,0</coordinates>
          </LinearRing>
        </outerBoundaryIs>
      </Polygon>
    </Placemark>
    <Placemark>
      <name>Wheel/fender allowance</name>
      <styleUrl>#role-equipment_placeholder</styleUrl>
      <description>id: ss_shower_right_wheel
role: equipment_placeholder
status: provisional only; axle, tires, fenders, stabilizers, and maximum trailer width require measurement
dimensions_ft:
color: #555555
source_pass_id: ss_shower</description>
      <ExtendedData>
        <Data name="id">
          <value>ss_shower_right_wheel</value>
        </Data>
        <Data name="name">
          <value>Wheel/fender allowance</value>
        </Data>
        <Data name="role">
          <value>equipment_placeholder</value>
        </Data>
        <Data name="status">
          <value>provisional only; axle, tires, fenders, stabilizers, and maximum trailer width require measurement</value>
        </Data>
        <Data name="dimensions_ft">
          <value />
        </Data>
        <Data name="color">
          <value>#555555</value>
        </Data>
        <Data name="source_pass_id">
          <value>ss_shower</value>
        </Data>
      </ExtendedData>
      <Polygon>
        <tessellate>1</tessellate>
        <outerBoundaryIs>
          <LinearRing>
            <coordinates>-95.846225035,30.255314986,0 -95.846224885,30.255325938,0 -95.846221715,30.255325906,0 -95.846221865,30.255314954,0 -95.846225035,30.255314986,0</coordinates>
          </LinearRing>
        </outerBoundaryIs>
      </Polygon>
    </Placemark>
    <Placemark>
      <name>IBC water trailer</name>
      <styleUrl>#role-equipment_placeholder</styleUrl>
      <description>id: ss_water_trailer
role: equipment_placeholder
status: provisional 5 x 8 ft deck assumption for the stated small 8 ft trailer; actual deck, fenders, axle, load rating, and overall length TBD
dimensions_ft: assumed 5 x 8 ft deck
color: #6fa8dc
source_pass_id: ss_shower</description>
      <ExtendedData>
        <Data name="id">
          <value>ss_water_trailer</value>
        </Data>
        <Data name="name">
          <value>IBC water trailer</value>
        </Data>
        <Data name="role">
          <value>equipment_placeholder</value>
        </Data>
        <Data name="status">
          <value>provisional 5 x 8 ft deck assumption for the stated small 8 ft trailer; actual deck, fenders, axle, load rating, and overall length TBD</value>
        </Data>
        <Data name="dimensions_ft">
          <value>assumed 5 x 8 ft deck</value>
        </Data>
        <Data name="color">
          <value>#6fa8dc</value>
        </Data>
        <Data name="source_pass_id">
          <value>ss_shower</value>
        </Data>
      </ExtendedData>
      <Polygon>
        <tessellate>1</tessellate>
        <outerBoundaryIs>
          <LinearRing>
            <coordinates>-95.846221884,30.255313585,0 -95.846221697,30.255327275,0 -95.846196340,30.255327016,0 -95.846196527,30.255313326,0 -95.846221884,30.255313585,0</coordinates>
          </LinearRing>
        </outerBoundaryIs>
      </Polygon>
    </Placemark>
    <Placemark>
      <name>IBC water tote</name>
      <styleUrl>#role-equipment_placeholder</styleUrl>
      <description>id: ss_water_tote
role: equipment_placeholder
status: provisional 4 x 4 ft planning footprint on the water trailer; actual tote dimensions, capacity, restraint, fill, vent, valve, and loaded weight TBD
dimensions_ft: assumed 4 x 4 ft
color: #3d85c6
source_pass_id: ss_shower</description>
      <ExtendedData>
        <Data name="id">
          <value>ss_water_tote</value>
        </Data>
        <Data name="name">
          <value>IBC water tote</value>
        </Data>
        <Data name="role">
          <value>equipment_placeholder</value>
        </Data>
        <Data name="status">
          <value>provisional 4 x 4 ft planning footprint on the water trailer; actual tote dimensions, capacity, restraint, fill, vent, valve, and loaded weight TBD</value>
        </Data>
        <Data name="dimensions_ft">
          <value>assumed 4 x 4 ft</value>
        </Data>
        <Data name="color">
          <value>#3d85c6</value>
        </Data>
        <Data name="source_pass_id">
          <value>ss_shower</value>
        </Data>
      </ExtendedData>
      <Polygon>
        <tessellate>1</tessellate>
        <outerBoundaryIs>
          <LinearRing>
            <coordinates>-95.846215526,30.255314889,0 -95.846215376,30.255325841,0 -95.846202697,30.255325712,0 -95.846202847,30.255314760,0 -95.846215526,30.255314889,0</coordinates>
          </LinearRing>
        </outerBoundaryIs>
      </Polygon>
    </Placemark>
    <Placemark>
      <name>Water-trailer tongue</name>
      <styleUrl>#role-equipment_line_placeholder</styleUrl>
      <description>id: ss_water_trailer_tongue
role: equipment_line_placeholder
status: provisional 3 ft centerline allowance; actual coupler, A-frame, jack, and tow-clearance geometry unknown
dimensions_ft: 3 ft assumed
color: #555555
source_pass_id: ss_shower</description>
      <ExtendedData>
        <Data name="id">
          <value>ss_water_trailer_tongue</value>
        </Data>
        <Data name="name">
          <value>Water-trailer tongue</value>
        </Data>
        <Data name="role">
          <value>equipment_line_placeholder</value>
        </Data>
        <Data name="status">
          <value>provisional 3 ft centerline allowance; actual coupler, A-frame, jack, and tow-clearance geometry unknown</value>
        </Data>
        <Data name="dimensions_ft">
          <value>3 ft assumed</value>
        </Data>
        <Data name="color">
          <value>#555555</value>
        </Data>
        <Data name="source_pass_id">
          <value>ss_shower</value>
        </Data>
      </ExtendedData>
      <LineString>
        <tessellate>1</tessellate>
        <coordinates>-95.846196433,30.255320171,0 -95.846186924,30.255320074,0</coordinates>
      </LineString>
    </Placemark>
    <Placemark>
      <name>Water-trailer wheel/fender</name>
      <styleUrl>#role-equipment_placeholder</styleUrl>
      <description>id: ss_water_trailer_left_wheel
role: equipment_placeholder
status: provisional only; axle, tires, fenders, stabilizers, and maximum trailer width require measurement
dimensions_ft:
color: #555555
source_pass_id: ss_shower</description>
      <ExtendedData>
        <Data name="id">
          <value>ss_water_trailer_left_wheel</value>
        </Data>
        <Data name="name">
          <value>Water-trailer wheel/fender</value>
        </Data>
        <Data name="role">
          <value>equipment_placeholder</value>
        </Data>
        <Data name="status">
          <value>provisional only; axle, tires, fenders, stabilizers, and maximum trailer width require measurement</value>
        </Data>
        <Data name="dimensions_ft">
          <value />
        </Data>
        <Data name="color">
          <value>#555555</value>
        </Data>
        <Data name="source_pass_id">
          <value>ss_shower</value>
        </Data>
      </ExtendedData>
      <Polygon>
        <tessellate>1</tessellate>
        <outerBoundaryIs>
          <LinearRing>
            <coordinates>-95.846212412,30.255310750,0 -95.846212375,30.255313488,0 -95.846206036,30.255313423,0 -95.846206073,30.255310686,0 -95.846212412,30.255310750,0</coordinates>
          </LinearRing>
        </outerBoundaryIs>
      </Polygon>
    </Placemark>
    <Placemark>
      <name>Water-trailer wheel/fender</name>
      <styleUrl>#role-equipment_placeholder</styleUrl>
      <description>id: ss_water_trailer_right_wheel
role: equipment_placeholder
status: provisional only; axle, tires, fenders, stabilizers, and maximum trailer width require measurement
dimensions_ft:
color: #555555
source_pass_id: ss_shower</description>
      <ExtendedData>
        <Data name="id">
          <value>ss_water_trailer_right_wheel</value>
        </Data>
        <Data name="name">
          <value>Water-trailer wheel/fender</value>
        </Data>
        <Data name="role">
          <value>equipment_placeholder</value>
        </Data>
        <Data name="status">
          <value>provisional only; axle, tires, fenders, stabilizers, and maximum trailer width require measurement</value>
        </Data>
        <Data name="dimensions_ft">
          <value />
        </Data>
        <Data name="color">
          <value>#555555</value>
        </Data>
        <Data name="source_pass_id">
          <value>ss_shower</value>
        </Data>
      </ExtendedData>
      <Polygon>
        <tessellate>1</tessellate>
        <outerBoundaryIs>
          <LinearRing>
            <coordinates>-95.846212188,30.255327178,0 -95.846212150,30.255329915,0 -95.846205811,30.255329851,0 -95.846205848,30.255327113,0 -95.846212188,30.255327178,0</coordinates>
          </LinearRing>
        </outerBoundaryIs>
      </Polygon>
    </Placemark>
    <Placemark>
      <name>M. + E. — Mirrored Camper</name>
      <styleUrl>#role-pass</styleUrl>
      <description>id: me_camper
role: pass
area_sqft: 600
status: Accepted saved layout; planning-grade georeferencing, not a survey.
layout_note:
color: #6fa8dc
source: planning/households/me.md
saved_x_ft: 171
saved_y_ft: 234.5
rotation_deg: 25
z: 4</description>
      <ExtendedData>
        <Data name="id">
          <value>me_camper</value>
        </Data>
        <Data name="name">
          <value>M. + E. — Mirrored Camper</value>
        </Data>
        <Data name="role">
          <value>pass</value>
        </Data>
        <Data name="area_sqft">
          <value>600</value>
        </Data>
        <Data name="status">
          <value>Accepted saved layout; planning-grade georeferencing, not a survey.</value>
        </Data>
        <Data name="layout_note">
          <value />
        </Data>
        <Data name="color">
          <value>#6fa8dc</value>
        </Data>
        <Data name="source">
          <value>planning/households/me.md</value>
        </Data>
        <Data name="saved_x_ft">
          <value>171</value>
        </Data>
        <Data name="saved_y_ft">
          <value>234.5</value>
        </Data>
        <Data name="rotation_deg">
          <value>25</value>
        </Data>
        <Data name="z">
          <value>4</value>
        </Data>
      </ExtendedData>
      <Polygon>
        <tessellate>1</tessellate>
        <outerBoundaryIs>
          <LinearRing>
            <coordinates>-95.846100688,30.255430183,0 -95.846134677,30.255444935,0 -95.846140370,30.255435148,0 -95.846148867,30.255438836,0 -95.846160252,30.255419263,0 -95.846151755,30.255415575,0 -95.846159582,30.255402119,0 -95.846182241,30.255411953,0 -95.846199319,30.255382594,0 -95.846176659,30.255372759,0 -95.846191602,30.255347070,0 -95.846157613,30.255332319,0 -95.846100688,30.255430183,0</coordinates>
          </LinearRing>
        </outerBoundaryIs>
      </Polygon>
    </Placemark>
    <Placemark>
      <name>Mirrored reference body</name>
      <styleUrl>#role-equipment_placeholder</styleUrl>
      <description>id: me_camper_placeholder
role: equipment_placeholder
status: temporary mirror of S./S. reference only; not evidence of M./E. camper dimensions
dimensions_ft: 36.75 x 8 ft placeholder
color: #3d85c6
source_pass_id: me_camper</description>
      <ExtendedData>
        <Data name="id">
          <value>me_camper_placeholder</value>
        </Data>
        <Data name="name">
          <value>Mirrored reference body</value>
        </Data>
        <Data name="role">
          <value>equipment_placeholder</value>
        </Data>
        <Data name="status">
          <value>temporary mirror of S./S. reference only; not evidence of M./E. camper dimensions</value>
        </Data>
        <Data name="dimensions_ft">
          <value>36.75 x 8 ft placeholder</value>
        </Data>
        <Data name="color">
          <value>#3d85c6</value>
        </Data>
        <Data name="source_pass_id">
          <value>me_camper</value>
        </Data>
      </ExtendedData>
      <Polygon>
        <tessellate>1</tessellate>
        <outerBoundaryIs>
          <LinearRing>
            <coordinates>-95.846136140,30.255440590,0 -95.846113481,30.255430756,0 -95.846165780,30.255340843,0 -95.846188440,30.255350677,0 -95.846136140,30.255440590,0</coordinates>
          </LinearRing>
        </outerBoundaryIs>
      </Polygon>
    </Placemark>
    <Placemark>
      <name>Mirrored bunk slide</name>
      <styleUrl>#role-equipment_placeholder</styleUrl>
      <description>id: me_slide_bunk_placeholder
role: equipment_placeholder
status: temporary mirrored estimate only; actual slide count, side, length, and projection unknown
dimensions_ft: reference only
color: #a9c9e8
source_pass_id: me_camper</description>
      <ExtendedData>
        <Data name="id">
          <value>me_slide_bunk_placeholder</value>
        </Data>
        <Data name="name">
          <value>Mirrored bunk slide</value>
        </Data>
        <Data name="role">
          <value>equipment_placeholder</value>
        </Data>
        <Data name="status">
          <value>temporary mirrored estimate only; actual slide count, side, length, and projection unknown</value>
        </Data>
        <Data name="dimensions_ft">
          <value>reference only</value>
        </Data>
        <Data name="color">
          <value>#a9c9e8</value>
        </Data>
        <Data name="source_pass_id">
          <value>me_camper</value>
        </Data>
      </ExtendedData>
      <Polygon>
        <tessellate>1</tessellate>
        <outerBoundaryIs>
          <LinearRing>
            <coordinates>-95.846114584,30.255428860,0 -95.846105803,30.255425049,0 -95.846117046,30.255405721,0 -95.846125826,30.255409531,0 -95.846114584,30.255428860,0</coordinates>
          </LinearRing>
        </outerBoundaryIs>
      </Polygon>
    </Placemark>
    <Placemark>
      <name>Mirrored main slide</name>
      <styleUrl>#role-equipment_placeholder</styleUrl>
      <description>id: me_slide_main_placeholder
role: equipment_placeholder
status: temporary mirrored estimate only; actual slide count, side, length, and projection unknown
dimensions_ft: reference only
color: #a9c9e8
source_pass_id: me_camper</description>
      <ExtendedData>
        <Data name="id">
          <value>me_slide_main_placeholder</value>
        </Data>
        <Data name="name">
          <value>Mirrored main slide</value>
        </Data>
        <Data name="role">
          <value>equipment_placeholder</value>
        </Data>
        <Data name="status">
          <value>temporary mirrored estimate only; actual slide count, side, length, and projection unknown</value>
        </Data>
        <Data name="dimensions_ft">
          <value>reference only</value>
        </Data>
        <Data name="color">
          <value>#a9c9e8</value>
        </Data>
        <Data name="source_pass_id">
          <value>me_camper</value>
        </Data>
      </ExtendedData>
      <Polygon>
        <tessellate>1</tessellate>
        <outerBoundaryIs>
          <LinearRing>
            <coordinates>-95.846128530,30.255404883,0 -95.846118050,30.255400335,0 -95.846139966,30.255362657,0 -95.846150446,30.255367205,0 -95.846128530,30.255404883,0</coordinates>
          </LinearRing>
        </outerBoundaryIs>
      </Polygon>
    </Placemark>
    <Placemark>
      <name>Mirrored service bay</name>
      <styleUrl>#role-equipment_placeholder</styleUrl>
      <description>id: me_rear_service_placeholder
role: equipment_placeholder
status: temporary mirror only; actual doors, kitchen, appliances, and steps unknown
dimensions_ft: 3 x 8 ft reference
color: #f6b26b
source_pass_id: me_camper</description>
      <ExtendedData>
        <Data name="id">
          <value>me_rear_service_placeholder</value>
        </Data>
        <Data name="name">
          <value>Mirrored service bay</value>
        </Data>
        <Data name="role">
          <value>equipment_placeholder</value>
        </Data>
        <Data name="status">
          <value>temporary mirror only; actual doors, kitchen, appliances, and steps unknown</value>
        </Data>
        <Data name="dimensions_ft">
          <value>3 x 8 ft reference</value>
        </Data>
        <Data name="color">
          <value>#f6b26b</value>
        </Data>
        <Data name="source_pass_id">
          <value>me_camper</value>
        </Data>
      </ExtendedData>
      <Polygon>
        <tessellate>1</tessellate>
        <outerBoundaryIs>
          <LinearRing>
            <coordinates>-95.846148867,30.255438836,0 -95.846140370,30.255435148,0 -95.846151755,30.255415575,0 -95.846160252,30.255419263,0 -95.846148867,30.255438836,0</coordinates>
          </LinearRing>
        </outerBoundaryIs>
      </Polygon>
    </Placemark>
    <Placemark>
      <name>Mirrored rug bay</name>
      <styleUrl>#role-equipment_placeholder</styleUrl>
      <description>id: me_rug_placeholder
role: equipment_placeholder
status: temporary 8 x 12 ft mirrored planning zone; actual need and dimensions unknown
dimensions_ft: 8 x 12 ft reference
color: #d9b38c
source_pass_id: me_camper</description>
      <ExtendedData>
        <Data name="id">
          <value>me_rug_placeholder</value>
        </Data>
        <Data name="name">
          <value>Mirrored rug bay</value>
        </Data>
        <Data name="role">
          <value>equipment_placeholder</value>
        </Data>
        <Data name="status">
          <value>temporary 8 x 12 ft mirrored planning zone; actual need and dimensions unknown</value>
        </Data>
        <Data name="dimensions_ft">
          <value>8 x 12 ft reference</value>
        </Data>
        <Data name="color">
          <value>#d9b38c</value>
        </Data>
        <Data name="source_pass_id">
          <value>me_camper</value>
        </Data>
      </ExtendedData>
      <Polygon>
        <tessellate>1</tessellate>
        <outerBoundaryIs>
          <LinearRing>
            <coordinates>-95.846182241,30.255411953,0 -95.846159582,30.255402119,0 -95.846176659,30.255372759,0 -95.846199319,30.255382594,0 -95.846182241,30.255411953,0</coordinates>
          </LinearRing>
        </outerBoundaryIs>
      </Polygon>
    </Placemark>
    <Placemark>
      <name>Mirrored rear steps</name>
      <styleUrl>#role-equipment_placeholder</styleUrl>
      <description>id: me_rear_steps_placeholder
role: equipment_placeholder
status: temporary mirror only; actual door and step geometry unknown
dimensions_ft:
color: #c58b55
source_pass_id: me_camper</description>
      <ExtendedData>
        <Data name="id">
          <value>me_rear_steps_placeholder</value>
        </Data>
        <Data name="name">
          <value>Mirrored rear steps</value>
        </Data>
        <Data name="role">
          <value>equipment_placeholder</value>
        </Data>
        <Data name="status">
          <value>temporary mirror only; actual door and step geometry unknown</value>
        </Data>
        <Data name="dimensions_ft">
          <value />
        </Data>
        <Data name="color">
          <value>#c58b55</value>
        </Data>
        <Data name="source_pass_id">
          <value>me_camper</value>
        </Data>
      </ExtendedData>
      <Polygon>
        <tessellate>1</tessellate>
        <outerBoundaryIs>
          <LinearRing>
            <coordinates>-95.846156694,30.255425379,0 -95.846147347,30.255421323,0 -95.846150193,30.255416430,0 -95.846159540,30.255420486,0 -95.846156694,30.255425379,0</coordinates>
          </LinearRing>
        </outerBoundaryIs>
      </Polygon>
    </Placemark>
    <Placemark>
      <name>Mirrored main steps</name>
      <styleUrl>#role-equipment_placeholder</styleUrl>
      <description>id: me_main_steps_placeholder
role: equipment_placeholder
status: temporary mirror only; actual door and step geometry unknown
dimensions_ft:
color: #c58b55
source_pass_id: me_camper</description>
      <ExtendedData>
        <Data name="id">
          <value>me_main_steps_placeholder</value>
        </Data>
        <Data name="name">
          <value>Mirrored main steps</value>
        </Data>
        <Data name="role">
          <value>equipment_placeholder</value>
        </Data>
        <Data name="status">
          <value>temporary mirror only; actual door and step geometry unknown</value>
        </Data>
        <Data name="dimensions_ft">
          <value />
        </Data>
        <Data name="color">
          <value>#c58b55</value>
        </Data>
        <Data name="source_pass_id">
          <value>me_camper</value>
        </Data>
      </ExtendedData>
      <Polygon>
        <tessellate>1</tessellate>
        <outerBoundaryIs>
          <LinearRing>
            <coordinates>-95.846182310,30.255381340,0 -95.846172963,30.255377284,0 -95.846175810,30.255372391,0 -95.846185157,30.255376447,0 -95.846182310,30.255381340,0</coordinates>
          </LinearRing>
        </outerBoundaryIs>
      </Polygon>
    </Placemark>
    <Placemark>
      <name>Mirrored awning</name>
      <styleUrl>#role-equipment_line_placeholder</styleUrl>
      <description>id: me_awning_placeholder
role: equipment_line_placeholder
status: temporary 18 ft mirrored reference only; actual awning unknown
dimensions_ft: reference only
color: #2e7d32
source_pass_id: me_camper</description>
      <ExtendedData>
        <Data name="id">
          <value>me_awning_placeholder</value>
        </Data>
        <Data name="name">
          <value>Mirrored awning</value>
        </Data>
        <Data name="role">
          <value>equipment_line_placeholder</value>
        </Data>
        <Data name="status">
          <value>temporary 18 ft mirrored reference only; actual awning unknown</value>
        </Data>
        <Data name="dimensions_ft">
          <value>reference only</value>
        </Data>
        <Data name="color">
          <value>#2e7d32</value>
        </Data>
        <Data name="source_pass_id">
          <value>me_camper</value>
        </Data>
      </ExtendedData>
      <LineString>
        <tessellate>1</tessellate>
        <coordinates>-95.846151043,30.255416798,0 -95.846176659,30.255372759,0</coordinates>
      </LineString>
    </Placemark>
    <Placemark>
      <name>Mirrored rear door</name>
      <styleUrl>#role-equipment_line_placeholder</styleUrl>
      <description>id: me_rear_door_placeholder
role: equipment_line_placeholder
status: temporary mirror only; actual doors unknown
dimensions_ft:
color: #a56200
source_pass_id: me_camper</description>
      <ExtendedData>
        <Data name="id">
          <value>me_rear_door_placeholder</value>
        </Data>
        <Data name="name">
          <value>Mirrored rear door</value>
        </Data>
        <Data name="role">
          <value>equipment_line_placeholder</value>
        </Data>
        <Data name="status">
          <value>temporary mirror only; actual doors unknown</value>
        </Data>
        <Data name="dimensions_ft">
          <value />
        </Data>
        <Data name="color">
          <value>#a56200</value>
        </Data>
        <Data name="source_pass_id">
          <value>me_camper</value>
        </Data>
      </ExtendedData>
      <LineString>
        <tessellate>1</tessellate>
        <coordinates>-95.846147632,30.255420834,0 -95.846149624,30.255417408,0</coordinates>
      </LineString>
    </Placemark>
    <Placemark>
      <name>Mirrored main door</name>
      <styleUrl>#role-equipment_line_placeholder</styleUrl>
      <description>id: me_main_door_placeholder
role: equipment_line_placeholder
status: temporary mirror only; actual doors unknown
dimensions_ft:
color: #a56200
source_pass_id: me_camper</description>
      <ExtendedData>
        <Data name="id">
          <value>me_main_door_placeholder</value>
        </Data>
        <Data name="name">
          <value>Mirrored main door</value>
        </Data>
        <Data name="role">
          <value>equipment_line_placeholder</value>
        </Data>
        <Data name="status">
          <value>temporary mirror only; actual doors unknown</value>
        </Data>
        <Data name="dimensions_ft">
          <value />
        </Data>
        <Data name="color">
          <value>#a56200</value>
        </Data>
        <Data name="source_pass_id">
          <value>me_camper</value>
        </Data>
      </ExtendedData>
      <LineString>
        <tessellate>1</tessellate>
        <coordinates>-95.846173533,30.255376305,0 -95.846175525,30.255372880,0</coordinates>
      </LineString>
    </Placemark>
    <Placemark>
      <name>M. + E. — Pass B / Support</name>
      <styleUrl>#role-pass</styleUrl>
      <description>id: me_support
role: pass
area_sqft: 600
status: Accepted saved layout; planning-grade georeferencing, not a survey.
layout_note:
color: #6fa8dc
source: planning/households/me.md
saved_x_ft: 238.5
saved_y_ft: 270.25
rotation_deg: -91
z: 5</description>
      <ExtendedData>
        <Data name="id">
          <value>me_support</value>
        </Data>
        <Data name="name">
          <value>M. + E. — Pass B / Support</value>
        </Data>
        <Data name="role">
          <value>pass</value>
        </Data>
        <Data name="area_sqft">
          <value>600</value>
        </Data>
        <Data name="status">
          <value>Accepted saved layout; planning-grade georeferencing, not a survey.</value>
        </Data>
        <Data name="layout_note">
          <value />
        </Data>
        <Data name="color">
          <value>#6fa8dc</value>
        </Data>
        <Data name="source">
          <value>planning/households/me.md</value>
        </Data>
        <Data name="saved_x_ft">
          <value>238.5</value>
        </Data>
        <Data name="saved_y_ft">
          <value>270.25</value>
        </Data>
        <Data name="rotation_deg">
          <value>-91</value>
        </Data>
        <Data name="z">
          <value>5</value>
        </Data>
      </ExtendedData>
      <Polygon>
        <tessellate>1</tessellate>
        <outerBoundaryIs>
          <LinearRing>
            <coordinates>-95.845994373,30.255277082,0 -95.845993624,30.255331840,0 -95.845898535,30.255330870,0 -95.845899284,30.255276112,0 -95.845994373,30.255277082,0</coordinates>
          </LinearRing>
        </outerBoundaryIs>
      </Polygon>
    </Placemark>
    <Placemark>
      <name>A. — Sleeping Camp</name>
      <styleUrl>#role-pass</styleUrl>
      <description>id: a
role: pass
area_sqft: 300
status: Accepted saved layout; planning-grade georeferencing, not a survey.
layout_note: 300 sq ft section; Yoga / smoking tent detached
color: #76a5af
source: planning/a-site-notes.md
saved_x_ft: 170.25
saved_y_ft: 209.75
rotation_deg: -8
z: 6</description>
      <ExtendedData>
        <Data name="id">
          <value>a</value>
        </Data>
        <Data name="name">
          <value>A. — Sleeping Camp</value>
        </Data>
        <Data name="role">
          <value>pass</value>
        </Data>
        <Data name="area_sqft">
          <value>300</value>
        </Data>
        <Data name="status">
          <value>Accepted saved layout; planning-grade georeferencing, not a survey.</value>
        </Data>
        <Data name="layout_note">
          <value>300 sq ft section; Yoga / smoking tent detached</value>
        </Data>
        <Data name="color">
          <value>#76a5af</value>
        </Data>
        <Data name="source">
          <value>planning/a-site-notes.md</value>
        </Data>
        <Data name="saved_x_ft">
          <value>170.25</value>
        </Data>
        <Data name="saved_y_ft">
          <value>209.75</value>
        </Data>
        <Data name="rotation_deg">
          <value>-8</value>
        </Data>
        <Data name="z">
          <value>6</value>
        </Data>
      </ExtendedData>
      <Polygon>
        <tessellate>1</tessellate>
        <outerBoundaryIs>
          <LinearRing>
            <coordinates>-95.846189813,30.255512017,0 -95.846111049,30.255519556,0 -95.846106859,30.255486899,0 -95.846185623,30.255479360,0 -95.846189813,30.255512017,0</coordinates>
          </LinearRing>
        </outerBoundaryIs>
      </Polygon>
    </Placemark>
    <Placemark>
      <name>Sleeping tent provisional clearance</name>
      <styleUrl>#role-clearance_placeholder</styleUrl>
      <description>id: a_sleep_buffer
role: clearance_placeholder
status: Planning buffer only; verify actual operating clearance.
source_pass_id: a</description>
      <ExtendedData>
        <Data name="id">
          <value>a_sleep_buffer</value>
        </Data>
        <Data name="name">
          <value>Sleeping tent provisional clearance</value>
        </Data>
        <Data name="role">
          <value>clearance_placeholder</value>
        </Data>
        <Data name="status">
          <value>Planning buffer only; verify actual operating clearance.</value>
        </Data>
        <Data name="source_pass_id">
          <value>a</value>
        </Data>
      </ExtendedData>
      <Polygon>
        <tessellate>1</tessellate>
        <outerBoundaryIs>
          <LinearRing>
            <coordinates>-95.846183337,30.255511260,0 -95.846117175,30.255517593,0 -95.846113335,30.255487657,0 -95.846179497,30.255481324,0 -95.846183337,30.255511260,0</coordinates>
          </LinearRing>
        </outerBoundaryIs>
      </Polygon>
    </Placemark>
    <Placemark>
      <name>Sleeping tent</name>
      <styleUrl>#role-known_equipment</styleUrl>
      <description>id: a_sleep
role: known_equipment
status: confirmed
dimensions_ft: 20 x 10 ft (rotated)
color: #76a5af
source_pass_id: a</description>
      <ExtendedData>
        <Data name="id">
          <value>a_sleep</value>
        </Data>
        <Data name="name">
          <value>Sleeping tent</value>
        </Data>
        <Data name="role">
          <value>known_equipment</value>
        </Data>
        <Data name="status">
          <value>confirmed</value>
        </Data>
        <Data name="dimensions_ft">
          <value>20 x 10 ft (rotated)</value>
        </Data>
        <Data name="color">
          <value>#76a5af</value>
        </Data>
        <Data name="source_pass_id">
          <value>a</value>
        </Data>
      </ExtendedData>
      <Polygon>
        <tessellate>1</tessellate>
        <outerBoundaryIs>
          <LinearRing>
            <coordinates>-95.846181587,30.255510050,0 -95.846118576,30.255516081,0 -95.846115085,30.255488867,0 -95.846178096,30.255482836,0 -95.846181587,30.255510050,0</coordinates>
          </LinearRing>
        </outerBoundaryIs>
      </Polygon>
    </Placemark>
    <Placemark>
      <name>C. + S.</name>
      <styleUrl>#role-pass</styleUrl>
      <description>id: cs
role: pass
area_sqft: 600
status: Accepted saved layout; planning-grade georeferencing, not a survey.
layout_note: 40 x 15 = 600 sq ft; equipment = 386 sq ft
color: #ffd966
source: planning/households/cs.md
saved_x_ft: 92.75
saved_y_ft: 247.75
rotation_deg: 25
z: 7</description>
      <ExtendedData>
        <Data name="id">
          <value>cs</value>
        </Data>
        <Data name="name">
          <value>C. + S.</value>
        </Data>
        <Data name="role">
          <value>pass</value>
        </Data>
        <Data name="area_sqft">
          <value>600</value>
        </Data>
        <Data name="status">
          <value>Accepted saved layout; planning-grade georeferencing, not a survey.</value>
        </Data>
        <Data name="layout_note">
          <value>40 x 15 = 600 sq ft; equipment = 386 sq ft</value>
        </Data>
        <Data name="color">
          <value>#ffd966</value>
        </Data>
        <Data name="source">
          <value>planning/households/cs.md</value>
        </Data>
        <Data name="saved_x_ft">
          <value>92.75</value>
        </Data>
        <Data name="saved_y_ft">
          <value>247.75</value>
        </Data>
        <Data name="rotation_deg">
          <value>25</value>
        </Data>
        <Data name="z">
          <value>7</value>
        </Data>
      </ExtendedData>
      <Polygon>
        <tessellate>1</tessellate>
        <outerBoundaryIs>
          <LinearRing>
            <coordinates>-95.846419769,30.255439894,0 -95.846306472,30.255390723,0 -95.846327819,30.255354024,0 -95.846441116,30.255403195,0 -95.846419769,30.255439894,0</coordinates>
          </LinearRing>
        </outerBoundaryIs>
      </Polygon>
    </Placemark>
    <Placemark>
      <name>Equipment-row border</name>
      <styleUrl>#role-known_equipment</styleUrl>
      <description>id: cs_row_border
role: known_equipment
status: continuous planning border around the complete canopy, tent, and add-on row
dimensions_ft:
color: none
source_pass_id: cs</description>
      <ExtendedData>
        <Data name="id">
          <value>cs_row_border</value>
        </Data>
        <Data name="name">
          <value>Equipment-row border</value>
        </Data>
        <Data name="role">
          <value>known_equipment</value>
        </Data>
        <Data name="status">
          <value>continuous planning border around the complete canopy, tent, and add-on row</value>
        </Data>
        <Data name="dimensions_ft">
          <value />
        </Data>
        <Data name="color">
          <value>none</value>
        </Data>
        <Data name="source_pass_id">
          <value>cs</value>
        </Data>
      </ExtendedData>
      <Polygon>
        <tessellate>1</tessellate>
        <outerBoundaryIs>
          <LinearRing>
            <coordinates>-95.846421192,30.255437447,0 -95.846310727,30.255389506,0 -95.846329228,30.255357700,0 -95.846439693,30.255405641,0 -95.846421192,30.255437447,0</coordinates>
          </LinearRing>
        </outerBoundaryIs>
      </Polygon>
    </Placemark>
    <Placemark>
      <name>Planning canopy provisional clearance</name>
      <styleUrl>#role-clearance_placeholder</styleUrl>
      <description>id: cs_canopy_placeholder_buffer
role: clearance_placeholder
status: Planning buffer only; verify actual operating clearance.
source_pass_id: cs</description>
      <ExtendedData>
        <Data name="id">
          <value>cs_canopy_placeholder_buffer</value>
        </Data>
        <Data name="name">
          <value>Planning canopy provisional clearance</value>
        </Data>
        <Data name="role">
          <value>clearance_placeholder</value>
        </Data>
        <Data name="status">
          <value>Planning buffer only; verify actual operating clearance.</value>
        </Data>
        <Data name="source_pass_id">
          <value>cs</value>
        </Data>
      </ExtendedData>
      <Polygon>
        <tessellate>1</tessellate>
        <outerBoundaryIs>
          <LinearRing>
            <coordinates>-95.846422615,30.255435001,0 -95.846382961,30.255417791,0 -95.846398616,30.255390878,0 -95.846438270,30.255408088,0 -95.846422615,30.255435001,0</coordinates>
          </LinearRing>
        </outerBoundaryIs>
      </Polygon>
    </Placemark>
    <Placemark>
      <name>Planning canopy</name>
      <styleUrl>#role-equipment_placeholder</styleUrl>
      <description>id: cs_canopy_placeholder
role: equipment_placeholder
status: 10 x 13 ft user-reported planning size; manufacturer/model, leg spacing, anchors, ropes, ballast, and exact relationship to tent require confirmation
dimensions_ft: 10 x 13 ft reported
color: #f1c232
source_pass_id: cs</description>
      <ExtendedData>
        <Data name="id">
          <value>cs_canopy_placeholder</value>
        </Data>
        <Data name="name">
          <value>Planning canopy</value>
        </Data>
        <Data name="role">
          <value>equipment_placeholder</value>
        </Data>
        <Data name="status">
          <value>10 x 13 ft user-reported planning size; manufacturer/model, leg spacing, anchors, ropes, ballast, and exact relationship to tent require confirmation</value>
        </Data>
        <Data name="dimensions_ft">
          <value>10 x 13 ft reported</value>
        </Data>
        <Data name="color">
          <value>#f1c232</value>
        </Data>
        <Data name="source_pass_id">
          <value>cs</value>
        </Data>
      </ExtendedData>
      <Polygon>
        <tessellate>1</tessellate>
        <outerBoundaryIs>
          <LinearRing>
            <coordinates>-95.846421911,30.255433163,0 -95.846385089,30.255417182,0 -95.846399320,30.255392716,0 -95.846436142,30.255408697,0 -95.846421911,30.255433163,0</coordinates>
          </LinearRing>
        </outerBoundaryIs>
      </Polygon>
    </Placemark>
    <Placemark>
      <name>Main tent provisional clearance</name>
      <styleUrl>#role-clearance_placeholder</styleUrl>
      <description>id: cs_tent_main_buffer
role: clearance_placeholder
status: Planning buffer only; verify actual operating clearance.
source_pass_id: cs</description>
      <ExtendedData>
        <Data name="id">
          <value>cs_tent_main_buffer</value>
        </Data>
        <Data name="name">
          <value>Main tent provisional clearance</value>
        </Data>
        <Data name="role">
          <value>clearance_placeholder</value>
        </Data>
        <Data name="status">
          <value>Planning buffer only; verify actual operating clearance.</value>
        </Data>
        <Data name="source_pass_id">
          <value>cs</value>
        </Data>
      </ExtendedData>
      <Polygon>
        <tessellate>1</tessellate>
        <outerBoundaryIs>
          <LinearRing>
            <coordinates>-95.846381538,30.255420238,0 -95.846333387,30.255399340,0 -95.846351887,30.255367534,0 -95.846400039,30.255388432,0 -95.846381538,30.255420238,0</coordinates>
          </LinearRing>
        </outerBoundaryIs>
      </Polygon>
    </Placemark>
    <Placemark>
      <name>Main tent</name>
      <styleUrl>#role-known_equipment</styleUrl>
      <description>id: cs_tent_main
role: known_equipment
status: 12 x 16 ft user-reported planning size; exact deployed footprint requires measurement
dimensions_ft: 12 x 16 ft reported
color: #e6b800
source_pass_id: cs</description>
      <ExtendedData>
        <Data name="id">
          <value>cs_tent_main</value>
        </Data>
        <Data name="name">
          <value>Main tent</value>
        </Data>
        <Data name="role">
          <value>known_equipment</value>
        </Data>
        <Data name="status">
          <value>12 x 16 ft user-reported planning size; exact deployed footprint requires measurement</value>
        </Data>
        <Data name="dimensions_ft">
          <value>12 x 16 ft reported</value>
        </Data>
        <Data name="color">
          <value>#e6b800</value>
        </Data>
        <Data name="source_pass_id">
          <value>cs</value>
        </Data>
      </ExtendedData>
      <Polygon>
        <tessellate>1</tessellate>
        <outerBoundaryIs>
          <LinearRing>
            <coordinates>-95.846380834,30.255418400,0 -95.846335515,30.255398731,0 -95.846352592,30.255369372,0 -95.846397911,30.255389040,0 -95.846380834,30.255418400,0</coordinates>
          </LinearRing>
        </outerBoundaryIs>
      </Polygon>
    </Placemark>
    <Placemark>
      <name>Add-on room provisional clearance</name>
      <styleUrl>#role-clearance_placeholder</styleUrl>
      <description>id: cs_tent_addon_buffer
role: clearance_placeholder
status: Planning buffer only; verify actual operating clearance.
source_pass_id: cs</description>
      <ExtendedData>
        <Data name="id">
          <value>cs_tent_addon_buffer</value>
        </Data>
        <Data name="name">
          <value>Add-on room provisional clearance</value>
        </Data>
        <Data name="role">
          <value>clearance_placeholder</value>
        </Data>
        <Data name="status">
          <value>Planning buffer only; verify actual operating clearance.</value>
        </Data>
        <Data name="source_pass_id">
          <value>cs</value>
        </Data>
      </ExtendedData>
      <Polygon>
        <tessellate>1</tessellate>
        <outerBoundaryIs>
          <LinearRing>
            <coordinates>-95.846339066,30.255395676,0 -95.846313574,30.255384612,0 -95.846326382,30.255362593,0 -95.846351874,30.255373656,0 -95.846339066,30.255395676,0</coordinates>
          </LinearRing>
        </outerBoundaryIs>
      </Polygon>
    </Placemark>
    <Placemark>
      <name>Add-on room</name>
      <styleUrl>#role-known_equipment</styleUrl>
      <description>id: cs_tent_addon
role: known_equipment
status: 8 x 8 ft user-reported size attached to one end; centered alignment is a planning assumption
dimensions_ft: 8 x 8 ft reported
color: #d9a900
source_pass_id: cs</description>
      <ExtendedData>
        <Data name="id">
          <value>cs_tent_addon</value>
        </Data>
        <Data name="name">
          <value>Add-on room</value>
        </Data>
        <Data name="role">
          <value>known_equipment</value>
        </Data>
        <Data name="status">
          <value>8 x 8 ft user-reported size attached to one end; centered alignment is a planning assumption</value>
        </Data>
        <Data name="dimensions_ft">
          <value>8 x 8 ft reported</value>
        </Data>
        <Data name="color">
          <value>#d9a900</value>
        </Data>
        <Data name="source_pass_id">
          <value>cs</value>
        </Data>
      </ExtendedData>
      <Polygon>
        <tessellate>1</tessellate>
        <outerBoundaryIs>
          <LinearRing>
            <coordinates>-95.846338361,30.255393838,0 -95.846315701,30.255384004,0 -95.846327086,30.255364431,0 -95.846349746,30.255374265,0 -95.846338361,30.255393838,0</coordinates>
          </LinearRing>
        </outerBoundaryIs>
      </Polygon>
    </Placemark>
    <Placemark>
      <name>B. + G. — Pass A / Two Tents</name>
      <styleUrl>#role-pass</styleUrl>
      <description>id: bg_primary
role: pass
area_sqft: 600
status: Accepted saved layout; planning-grade georeferencing, not a survey.
layout_note: 538 sq ft nominal tents; only 62 sq ft remains for all clearance and access
color: #c27ba0
source: planning/households/bg.md
saved_x_ft: 157.75
saved_y_ft: 177.5
rotation_deg: 172
z: 8</description>
      <ExtendedData>
        <Data name="id">
          <value>bg_primary</value>
        </Data>
        <Data name="name">
          <value>B. + G. — Pass A / Two Tents</value>
        </Data>
        <Data name="role">
          <value>pass</value>
        </Data>
        <Data name="area_sqft">
          <value>600</value>
        </Data>
        <Data name="status">
          <value>Accepted saved layout; planning-grade georeferencing, not a survey.</value>
        </Data>
        <Data name="layout_note">
          <value>538 sq ft nominal tents; only 62 sq ft remains for all clearance and access</value>
        </Data>
        <Data name="color">
          <value>#c27ba0</value>
        </Data>
        <Data name="source">
          <value>planning/households/bg.md</value>
        </Data>
        <Data name="saved_x_ft">
          <value>157.75</value>
        </Data>
        <Data name="saved_y_ft">
          <value>177.5</value>
        </Data>
        <Data name="rotation_deg">
          <value>172</value>
        </Data>
        <Data name="z">
          <value>8</value>
        </Data>
      </ExtendedData>
      <Polygon>
        <tessellate>1</tessellate>
        <outerBoundaryIs>
          <LinearRing>
            <coordinates>-95.846134848,30.255527263,0 -95.846219913,30.255519120,0 -95.846230387,30.255600763,0 -95.846164225,30.255607096,0 -95.846160384,30.255577160,0 -95.846217095,30.255571732,0 -95.846215000,30.255555403,0 -95.846139386,30.255562641,0 -95.846134848,30.255527263,0</coordinates>
          </LinearRing>
        </outerBoundaryIs>
      </Polygon>
    </Placemark>
    <Placemark>
      <name>Primary tent provisional clearance</name>
      <styleUrl>#role-clearance_placeholder</styleUrl>
      <description>id: bg_primary_tent_buffer
role: clearance_placeholder
status: Planning buffer only; verify actual operating clearance.
source_pass_id: bg_primary</description>
      <ExtendedData>
        <Data name="id">
          <value>bg_primary_tent_buffer</value>
        </Data>
        <Data name="name">
          <value>Primary tent provisional clearance</value>
        </Data>
        <Data name="role">
          <value>clearance_placeholder</value>
        </Data>
        <Data name="status">
          <value>Planning buffer only; verify actual operating clearance.</value>
        </Data>
        <Data name="source_pass_id">
          <value>bg_primary</value>
        </Data>
      </ExtendedData>
      <Polygon>
        <tessellate>1</tessellate>
        <outerBoundaryIs>
          <LinearRing>
            <coordinates>-95.846134673,30.255525902,0 -95.846219738,30.255517760,0 -95.846224626,30.255555859,0 -95.846139561,30.255564002,0 -95.846134673,30.255525902,0</coordinates>
          </LinearRing>
        </outerBoundaryIs>
      </Polygon>
    </Placemark>
    <Placemark>
      <name>Primary tent</name>
      <styleUrl>#role-known_equipment</styleUrl>
      <description>id: bg_primary_tent
role: known_equipment
status: confirmed for planning
dimensions_ft: 26 x 13 ft (rotated)
color: #a64d79
source_pass_id: bg_primary</description>
      <ExtendedData>
        <Data name="id">
          <value>bg_primary_tent</value>
        </Data>
        <Data name="name">
          <value>Primary tent</value>
        </Data>
        <Data name="role">
          <value>known_equipment</value>
        </Data>
        <Data name="status">
          <value>confirmed for planning</value>
        </Data>
        <Data name="dimensions_ft">
          <value>26 x 13 ft (rotated)</value>
        </Data>
        <Data name="color">
          <value>#a64d79</value>
        </Data>
        <Data name="source_pass_id">
          <value>bg_primary</value>
        </Data>
      </ExtendedData>
      <Polygon>
        <tessellate>1</tessellate>
        <outerBoundaryIs>
          <LinearRing>
            <coordinates>-95.846136423,30.255527112,0 -95.846218338,30.255519271,0 -95.846222876,30.255554649,0 -95.846140962,30.255562490,0 -95.846136423,30.255527112,0</coordinates>
          </LinearRing>
        </outerBoundaryIs>
      </Polygon>
    </Placemark>
    <Placemark>
      <name>Dressing / closet tent provisional clearance</name>
      <styleUrl>#role-clearance_placeholder</styleUrl>
      <description>id: bg_community_tent_buffer
role: clearance_placeholder
status: Planning buffer only; verify actual operating clearance.
source_pass_id: bg_primary</description>
      <ExtendedData>
        <Data name="id">
          <value>bg_community_tent_buffer</value>
        </Data>
        <Data name="name">
          <value>Dressing / closet tent provisional clearance</value>
        </Data>
        <Data name="role">
          <value>clearance_placeholder</value>
        </Data>
        <Data name="status">
          <value>Planning buffer only; verify actual operating clearance.</value>
        </Data>
        <Data name="source_pass_id">
          <value>bg_primary</value>
        </Data>
      </ExtendedData>
      <Polygon>
        <tessellate>1</tessellate>
        <outerBoundaryIs>
          <LinearRing>
            <coordinates>-95.846160384,30.255577160,0 -95.846226546,30.255570827,0 -95.846230387,30.255600763,0 -95.846164225,30.255607096,0 -95.846160384,30.255577160,0</coordinates>
          </LinearRing>
        </outerBoundaryIs>
      </Polygon>
    </Placemark>
    <Placemark>
      <name>Dressing / closet tent</name>
      <styleUrl>#role-equipment_placeholder</styleUrl>
      <description>id: bg_community_tent
role: equipment_placeholder
status: estimate; replacement model TBD
dimensions_ft: approx. 20 x 10 ft (rotated)
color: #c27ba0
source_pass_id: bg_primary</description>
      <ExtendedData>
        <Data name="id">
          <value>bg_community_tent</value>
        </Data>
        <Data name="name">
          <value>Dressing / closet tent</value>
        </Data>
        <Data name="role">
          <value>equipment_placeholder</value>
        </Data>
        <Data name="status">
          <value>estimate; replacement model TBD</value>
        </Data>
        <Data name="dimensions_ft">
          <value>approx. 20 x 10 ft (rotated)</value>
        </Data>
        <Data name="color">
          <value>#c27ba0</value>
        </Data>
        <Data name="source_pass_id">
          <value>bg_primary</value>
        </Data>
      </ExtendedData>
      <Polygon>
        <tessellate>1</tessellate>
        <outerBoundaryIs>
          <LinearRing>
            <coordinates>-95.846162134,30.255578370,0 -95.846225146,30.255572339,0 -95.846228637,30.255599553,0 -95.846165625,30.255605584,0 -95.846162134,30.255578370,0</coordinates>
          </LinearRing>
        </outerBoundaryIs>
      </Polygon>
    </Placemark>
    <Placemark>
      <name>G1</name>
      <styleUrl>#role-equipment_placeholder</styleUrl>
      <description>id: bg_generator_1
role: equipment_placeholder
status: generic 2 x 2 ft space reservation; B./G. generator model, dimensions, fuel, exhaust, and operating clearances unknown
dimensions_ft:
color: #cc0000
source_pass_id: bg_primary</description>
      <ExtendedData>
        <Data name="id">
          <value>bg_generator_1</value>
        </Data>
        <Data name="name">
          <value>G1</value>
        </Data>
        <Data name="role">
          <value>equipment_placeholder</value>
        </Data>
        <Data name="status">
          <value>generic 2 x 2 ft space reservation; B./G. generator model, dimensions, fuel, exhaust, and operating clearances unknown</value>
        </Data>
        <Data name="dimensions_ft">
          <value />
        </Data>
        <Data name="color">
          <value>#cc0000</value>
        </Data>
        <Data name="source_pass_id">
          <value>bg_primary</value>
        </Data>
      </ExtendedData>
      <Polygon>
        <tessellate>1</tessellate>
        <outerBoundaryIs>
          <LinearRing>
            <coordinates>-95.846216750,30.255556613,0 -95.846223051,30.255556010,0 -95.846223749,30.255561453,0 -95.846217448,30.255562056,0 -95.846216750,30.255556613,0</coordinates>
          </LinearRing>
        </outerBoundaryIs>
      </Polygon>
    </Placemark>
    <Placemark>
      <name>G2</name>
      <styleUrl>#role-equipment_placeholder</styleUrl>
      <description>id: bg_generator_2
role: equipment_placeholder
status: generic 2 x 2 ft space reservation; B./G. generator model, dimensions, fuel, exhaust, and operating clearances unknown
dimensions_ft:
color: #cc0000
source_pass_id: bg_primary</description>
      <ExtendedData>
        <Data name="id">
          <value>bg_generator_2</value>
        </Data>
        <Data name="name">
          <value>G2</value>
        </Data>
        <Data name="role">
          <value>equipment_placeholder</value>
        </Data>
        <Data name="status">
          <value>generic 2 x 2 ft space reservation; B./G. generator model, dimensions, fuel, exhaust, and operating clearances unknown</value>
        </Data>
        <Data name="dimensions_ft">
          <value />
        </Data>
        <Data name="color">
          <value>#cc0000</value>
        </Data>
        <Data name="source_pass_id">
          <value>bg_primary</value>
        </Data>
      </ExtendedData>
      <Polygon>
        <tessellate>1</tessellate>
        <outerBoundaryIs>
          <LinearRing>
            <coordinates>-95.846217797,30.255564777,0 -95.846224098,30.255564174,0 -95.846224796,30.255569617,0 -95.846218495,30.255570220,0 -95.846217797,30.255564777,0</coordinates>
          </LinearRing>
        </outerBoundaryIs>
      </Polygon>
    </Placemark>
    <Placemark>
      <name>B. + G. — Pass B / Community Tent</name>
      <styleUrl>#role-pass</styleUrl>
      <description>id: bg_community
role: pass
area_sqft: 600
status: Accepted saved layout; planning-grade georeferencing, not a survey.
layout_note: 20 x 30 ft tent fills the nominal pass; operational clearance remains unresolved
color: #c27ba0
source: planning/households/bg.md
saved_x_ft: 133.5
saved_y_ft: 249.25
rotation_deg: -1
z: 9</description>
      <ExtendedData>
        <Data name="id">
          <value>bg_community</value>
        </Data>
        <Data name="name">
          <value>B. + G. — Pass B / Community Tent</value>
        </Data>
        <Data name="role">
          <value>pass</value>
        </Data>
        <Data name="area_sqft">
          <value>600</value>
        </Data>
        <Data name="status">
          <value>Accepted saved layout; planning-grade georeferencing, not a survey.</value>
        </Data>
        <Data name="layout_note">
          <value>20 x 30 ft tent fills the nominal pass; operational clearance remains unresolved</value>
        </Data>
        <Data name="color">
          <value>#c27ba0</value>
        </Data>
        <Data name="source">
          <value>planning/households/bg.md</value>
        </Data>
        <Data name="saved_x_ft">
          <value>133.5</value>
        </Data>
        <Data name="saved_y_ft">
          <value>249.25</value>
        </Data>
        <Data name="rotation_deg">
          <value>-1</value>
        </Data>
        <Data name="z">
          <value>9</value>
        </Data>
      </ExtendedData>
      <Polygon>
        <tessellate>1</tessellate>
        <outerBoundaryIs>
          <LinearRing>
            <coordinates>-95.846308332,30.255411255,0 -95.846244940,30.255410608,0 -95.846246063,30.255328472,0 -95.846309455,30.255329118,0 -95.846308332,30.255411255,0</coordinates>
          </LinearRing>
        </outerBoundaryIs>
      </Polygon>
    </Placemark>
    <Placemark>
      <name>Community tent provisional clearance</name>
      <styleUrl>#role-clearance_placeholder</styleUrl>
      <description>id: bg_community_tent_buffer
role: clearance_placeholder
status: Planning buffer only; verify actual operating clearance.
source_pass_id: bg_community</description>
      <ExtendedData>
        <Data name="id">
          <value>bg_community_tent_buffer</value>
        </Data>
        <Data name="name">
          <value>Community tent provisional clearance</value>
        </Data>
        <Data name="role">
          <value>clearance_placeholder</value>
        </Data>
        <Data name="status">
          <value>Planning buffer only; verify actual operating clearance.</value>
        </Data>
        <Data name="source_pass_id">
          <value>bg_community</value>
        </Data>
      </ExtendedData>
      <Polygon>
        <tessellate>1</tessellate>
        <outerBoundaryIs>
          <LinearRing>
            <coordinates>-95.846309898,30.255412640,0 -95.846243336,30.255411961,0 -95.846244497,30.255327087,0 -95.846311059,30.255327766,0 -95.846309898,30.255412640,0</coordinates>
          </LinearRing>
        </outerBoundaryIs>
      </Polygon>
    </Placemark>
    <Placemark>
      <name>Community tent</name>
      <styleUrl>#role-equipment_placeholder</styleUrl>
      <description>id: bg_community_tent
role: equipment_placeholder
status: 20 x 30 ft specified by user; rainfly, stakes, guy lines, and entrances unverified
dimensions_ft: 20 x 30 ft
color: #8e5f83
source_pass_id: bg_community</description>
      <ExtendedData>
        <Data name="id">
          <value>bg_community_tent</value>
        </Data>
        <Data name="name">
          <value>Community tent</value>
        </Data>
        <Data name="role">
          <value>equipment_placeholder</value>
        </Data>
        <Data name="status">
          <value>20 x 30 ft specified by user; rainfly, stakes, guy lines, and entrances unverified</value>
        </Data>
        <Data name="dimensions_ft">
          <value>20 x 30 ft</value>
        </Data>
        <Data name="color">
          <value>#8e5f83</value>
        </Data>
        <Data name="source_pass_id">
          <value>bg_community</value>
        </Data>
      </ExtendedData>
      <Polygon>
        <tessellate>1</tessellate>
        <outerBoundaryIs>
          <LinearRing>
            <coordinates>-95.846308332,30.255411255,0 -95.846244940,30.255410608,0 -95.846246063,30.255328472,0 -95.846309455,30.255329118,0 -95.846308332,30.255411255,0</coordinates>
          </LinearRing>
        </outerBoundaryIs>
      </Polygon>
    </Placemark>
    <Placemark>
      <name>S. + T. — 20 ft Yurt</name>
      <styleUrl>#role-pass</styleUrl>
      <description>id: st
role: pass
area_sqft: 314.1593
status: Accepted saved layout; planning-grade georeferencing, not a survey.
layout_note: 20 ft diameter circle; entry and anchor envelope unverified
color: #b4a7d6
source: planning/households/st.md
saved_x_ft: 71.5
saved_y_ft: 236.25
rotation_deg: -180
z: 10</description>
      <ExtendedData>
        <Data name="id">
          <value>st</value>
        </Data>
        <Data name="name">
          <value>S. + T. — 20 ft Yurt</value>
        </Data>
        <Data name="role">
          <value>pass</value>
        </Data>
        <Data name="area_sqft">
          <value>314.1593</value>
        </Data>
        <Data name="status">
          <value>Accepted saved layout; planning-grade georeferencing, not a survey.</value>
        </Data>
        <Data name="layout_note">
          <value>20 ft diameter circle; entry and anchor envelope unverified</value>
        </Data>
        <Data name="color">
          <value>#b4a7d6</value>
        </Data>
        <Data name="source">
          <value>planning/households/st.md</value>
        </Data>
        <Data name="saved_x_ft">
          <value>71.5</value>
        </Data>
        <Data name="saved_y_ft">
          <value>236.25</value>
        </Data>
        <Data name="rotation_deg">
          <value>-180</value>
        </Data>
        <Data name="z">
          <value>10</value>
        </Data>
      </ExtendedData>
      <Polygon>
        <tessellate>1</tessellate>
        <outerBoundaryIs>
          <LinearRing>
            <coordinates>-95.846503659,30.255424896,0 -95.846503458,30.255427278,0 -95.846503017,30.255429636,0 -95.846502340,30.255431952,0 -95.846501431,30.255434208,0 -95.846500299,30.255436387,0 -95.846498951,30.255438473,0 -95.846497397,30.255440449,0 -95.846495650,30.255442301,0 -95.846493723,30.255444014,0 -95.846491631,30.255445575,0 -95.846489388,30.255446974,0 -95.846487014,30.255448197,0 -95.846484524,30.255449238,0 -95.846481940,30.255450087,0 -95.846479279,30.255450738,0 -95.846476563,30.255451187,0 -95.846473812,30.255451429,0 -95.846471047,30.255451464,0 -95.846468289,30.255451290,0 -95.846465559,30.255450909,0 -95.846462878,30.255450324,0 -95.846460266,30.255449539,0 -95.846457743,30.255448561,0 -95.846455329,30.255447396,0 -95.846453041,30.255446054,0 -95.846450897,30.255444546,0 -95.846448914,30.255442881,0 -95.846447106,30.255441073,0 -95.846445488,30.255439137,0 -95.846444071,30.255437085,0 -95.846442866,30.255434935,0 -95.846441883,30.255432703,0 -95.846441129,30.255430404,0 -95.846440610,30.255428058,0 -95.846440329,30.255425682,0 -95.846440290,30.255423293,0 -95.846440491,30.255420911,0 -95.846440932,30.255418553,0 -95.846441609,30.255416237,0 -95.846442518,30.255413981,0 -95.846443650,30.255411802,0 -95.846444998,30.255409716,0 -95.846446552,30.255407740,0 -95.846448299,30.255405888,0 -95.846450226,30.255404175,0 -95.846452318,30.255402614,0 -95.846454560,30.255401216,0 -95.846456935,30.255399992,0 -95.846459424,30.255398951,0 -95.846462009,30.255398102,0 -95.846464670,30.255397451,0 -95.846467386,30.255397002,0 -95.846470137,30.255396760,0 -95.846472902,30.255396726,0 -95.846475660,30.255396900,0 -95.846478390,30.255397281,0 -95.846481071,30.255397866,0 -95.846483683,30.255398650,0 -95.846486206,30.255399628,0 -95.846488620,30.255400793,0 -95.846490908,30.255402135,0 -95.846493052,30.255403644,0 -95.846495035,30.255405308,0 -95.846496843,30.255407116,0 -95.846498461,30.255409053,0 -95.846499878,30.255411104,0 -95.846501083,30.255413254,0 -95.846502066,30.255415487,0 -95.846502820,30.255417785,0 -95.846503339,30.255420131,0 -95.846503620,30.255422507,0 -95.846503659,30.255424896,0</coordinates>
          </LinearRing>
        </outerBoundaryIs>
      </Polygon>
    </Placemark>
    <Placemark>
      <name>A. — Yoga / Smoking Tent (detached)</name>
      <styleUrl>#role-pass</styleUrl>
      <description>id: a_yoga
role: pass
area_sqft: 300
status: Accepted saved layout; planning-grade georeferencing, not a survey.
layout_note:
color: #76a5af
source: planning/a-site-notes.md
saved_x_ft: 184.1983
saved_y_ft: 214.321
rotation_deg: 82
z: 11</description>
      <ExtendedData>
        <Data name="id">
          <value>a_yoga</value>
        </Data>
        <Data name="name">
          <value>A. — Yoga / Smoking Tent (detached)</value>
        </Data>
        <Data name="role">
          <value>pass</value>
        </Data>
        <Data name="area_sqft">
          <value>300</value>
        </Data>
        <Data name="status">
          <value>Accepted saved layout; planning-grade georeferencing, not a survey.</value>
        </Data>
        <Data name="layout_note">
          <value />
        </Data>
        <Data name="color">
          <value>#76a5af</value>
        </Data>
        <Data name="source">
          <value>planning/a-site-notes.md</value>
        </Data>
        <Data name="saved_x_ft">
          <value>184.1983</value>
        </Data>
        <Data name="saved_y_ft">
          <value>214.321</value>
        </Data>
        <Data name="rotation_deg">
          <value>82</value>
        </Data>
        <Data name="z">
          <value>11</value>
        </Data>
      </ExtendedData>
      <Polygon>
        <tessellate>1</tessellate>
        <outerBoundaryIs>
          <LinearRing>
            <coordinates>-95.846088476,30.255488659,0 -95.846084286,30.255456002,0 -95.846163050,30.255448463,0 -95.846167240,30.255481120,0 -95.846088476,30.255488659,0</coordinates>
          </LinearRing>
        </outerBoundaryIs>
      </Polygon>
    </Placemark>
    <Placemark>
      <name>Yoga Tent (COVERPRO canopy) provisional clearance</name>
      <styleUrl>#role-clearance_placeholder</styleUrl>
      <description>id: a_yoga_buffer
role: clearance_placeholder
status: Planning buffer only; verify actual operating clearance.
source_pass_id: a_yoga</description>
      <ExtendedData>
        <Data name="id">
          <value>a_yoga_buffer</value>
        </Data>
        <Data name="name">
          <value>Yoga Tent (COVERPRO canopy) provisional clearance</value>
        </Data>
        <Data name="role">
          <value>clearance_placeholder</value>
        </Data>
        <Data name="status">
          <value>Planning buffer only; verify actual operating clearance.</value>
        </Data>
        <Data name="source_pass_id">
          <value>a_yoga</value>
        </Data>
      </ExtendedData>
      <Polygon>
        <tessellate>1</tessellate>
        <outerBoundaryIs>
          <LinearRing>
            <coordinates>-95.846110355,30.255485188,0 -95.846106515,30.255455252,0 -95.846163225,30.255449824,0 -95.846167065,30.255479760,0 -95.846110355,30.255485188,0</coordinates>
          </LinearRing>
        </outerBoundaryIs>
      </Polygon>
    </Placemark>
    <Placemark>
      <name>Yoga Tent (COVERPRO canopy)</name>
      <styleUrl>#role-known_equipment</styleUrl>
      <description>id: a_yoga
role: known_equipment
status: confirmed; bottom-aligned in T stem with 8.5 ft nominal separation
dimensions_ft: 10 x 17 ft
color: #3d85c6
source_pass_id: a_yoga</description>
      <ExtendedData>
        <Data name="id">
          <value>a_yoga</value>
        </Data>
        <Data name="name">
          <value>Yoga Tent (COVERPRO canopy)</value>
        </Data>
        <Data name="role">
          <value>known_equipment</value>
        </Data>
        <Data name="status">
          <value>confirmed; bottom-aligned in T stem with 8.5 ft nominal separation</value>
        </Data>
        <Data name="dimensions_ft">
          <value>10 x 17 ft</value>
        </Data>
        <Data name="color">
          <value>#3d85c6</value>
        </Data>
        <Data name="source_pass_id">
          <value>a_yoga</value>
        </Data>
      </ExtendedData>
      <Polygon>
        <tessellate>1</tessellate>
        <outerBoundaryIs>
          <LinearRing>
            <coordinates>-95.846111756,30.255483676,0 -95.846108264,30.255456462,0 -95.846161824,30.255451336,0 -95.846165315,30.255478550,0 -95.846111756,30.255483676,0</coordinates>
          </LinearRing>
        </outerBoundaryIs>
      </Polygon>
    </Placemark>
    <Placemark>
      <name>S. + T. — Portapotty End (detached)</name>
      <styleUrl>#role-pass</styleUrl>
      <description>id: st_portapotty
role: pass
area_sqft: 100
status: Accepted saved layout; planning-grade georeferencing, not a survey.
layout_note:
color: #b4a7d6
source: planning/households/st.md
saved_x_ft: 139.5
saved_y_ft: 282
rotation_deg: -1
z: 12</description>
      <ExtendedData>
        <Data name="id">
          <value>st_portapotty</value>
        </Data>
        <Data name="name">
          <value>S. + T. — Portapotty End (detached)</value>
        </Data>
        <Data name="role">
          <value>pass</value>
        </Data>
        <Data name="area_sqft">
          <value>100</value>
        </Data>
        <Data name="status">
          <value>Accepted saved layout; planning-grade georeferencing, not a survey.</value>
        </Data>
        <Data name="layout_note">
          <value />
        </Data>
        <Data name="color">
          <value>#b4a7d6</value>
        </Data>
        <Data name="source">
          <value>planning/households/st.md</value>
        </Data>
        <Data name="saved_x_ft">
          <value>139.5</value>
        </Data>
        <Data name="saved_y_ft">
          <value>282</value>
        </Data>
        <Data name="rotation_deg">
          <value>-1</value>
        </Data>
        <Data name="z">
          <value>12</value>
        </Data>
      </ExtendedData>
      <Polygon>
        <tessellate>1</tessellate>
        <outerBoundaryIs>
          <LinearRing>
            <coordinates>-95.846291800,30.255321370,0 -95.846260104,30.255321046,0 -95.846260478,30.255293668,0 -95.846292174,30.255293991,0 -95.846291800,30.255321370,0</coordinates>
          </LinearRing>
        </outerBoundaryIs>
      </Polygon>
    </Placemark>
    <Placemark>
      <name>Handicap Portapotty</name>
      <styleUrl>#role-known_equipment</styleUrl>
      <description>id: st_portapotty
role: known_equipment
status: assumed 6 x 6 ft ADA unit; door direction, turning space, servicing route, and accessible approach remain unverified
dimensions_ft: 6 x 6 ft ADA
color: #674ea7
source_pass_id: st_portapotty</description>
      <ExtendedData>
        <Data name="id">
          <value>st_portapotty</value>
        </Data>
        <Data name="name">
          <value>Handicap Portapotty</value>
        </Data>
        <Data name="role">
          <value>known_equipment</value>
        </Data>
        <Data name="status">
          <value>assumed 6 x 6 ft ADA unit; door direction, turning space, servicing route, and accessible approach remain unverified</value>
        </Data>
        <Data name="dimensions_ft">
          <value>6 x 6 ft ADA</value>
        </Data>
        <Data name="color">
          <value>#674ea7</value>
        </Data>
        <Data name="source_pass_id">
          <value>st_portapotty</value>
        </Data>
      </ExtendedData>
      <Polygon>
        <tessellate>1</tessellate>
        <outerBoundaryIs>
          <LinearRing>
            <coordinates>-95.846285536,30.255315829,0 -95.846266518,30.255315635,0 -95.846266743,30.255299208,0 -95.846285760,30.255299402,0 -95.846285536,30.255315829,0</coordinates>
          </LinearRing>
        </outerBoundaryIs>
      </Polygon>
    </Placemark>
    <Placemark>
      <name>S. + S. — Fire-pit End (detached)</name>
      <styleUrl>#role-pass</styleUrl>
      <description>id: ss_firepit
role: pass
area_sqft: 102
status: Accepted saved layout; planning-grade georeferencing, not a survey.
layout_note:
color: #93c47d
source: equipment/ss-16ft-shower-trailer.md
saved_x_ft: 139
saved_y_ft: 229
rotation_deg: -91
z: 13</description>
      <ExtendedData>
        <Data name="id">
          <value>ss_firepit</value>
        </Data>
        <Data name="name">
          <value>S. + S. — Fire-pit End (detached)</value>
        </Data>
        <Data name="role">
          <value>pass</value>
        </Data>
        <Data name="area_sqft">
          <value>102</value>
        </Data>
        <Data name="status">
          <value>Accepted saved layout; planning-grade georeferencing, not a survey.</value>
        </Data>
        <Data name="layout_note">
          <value />
        </Data>
        <Data name="color">
          <value>#93c47d</value>
        </Data>
        <Data name="source">
          <value>equipment/ss-16ft-shower-trailer.md</value>
        </Data>
        <Data name="saved_x_ft">
          <value>139</value>
        </Data>
        <Data name="saved_y_ft">
          <value>229</value>
        </Data>
        <Data name="rotation_deg">
          <value>-91</value>
        </Data>
        <Data name="z">
          <value>13</value>
        </Data>
      </ExtendedData>
      <Polygon>
        <tessellate>1</tessellate>
        <outerBoundaryIs>
          <LinearRing>
            <coordinates>-95.846288530,30.255438805,0 -95.846288148,30.255466731,0 -95.846256452,30.255466408,0 -95.846256834,30.255438482,0 -95.846288530,30.255438805,0</coordinates>
          </LinearRing>
        </outerBoundaryIs>
      </Polygon>
    </Placemark>
    <Placemark>
      <name>Fire pit</name>
      <styleUrl>#role-equipment_placeholder</styleUrl>
      <description>id: ss_fire_pit
role: equipment_placeholder
status: provisional 3 x 3 ft fire-pit footprint inside a 10.2 x 10 ft end zone; actual pit, spark, fuel, extinguisher, and combustible clearances plus festival approval TBD
dimensions_ft: 3 x 3 ft assumed
color: #cc4125
source_pass_id: ss_firepit</description>
      <ExtendedData>
        <Data name="id">
          <value>ss_fire_pit</value>
        </Data>
        <Data name="name">
          <value>Fire pit</value>
        </Data>
        <Data name="role">
          <value>equipment_placeholder</value>
        </Data>
        <Data name="status">
          <value>provisional 3 x 3 ft fire-pit footprint inside a 10.2 x 10 ft end zone; actual pit, spark, fuel, extinguisher, and combustible clearances plus festival approval TBD</value>
        </Data>
        <Data name="dimensions_ft">
          <value>3 x 3 ft assumed</value>
        </Data>
        <Data name="color">
          <value>#cc4125</value>
        </Data>
        <Data name="source_pass_id">
          <value>ss_firepit</value>
        </Data>
      </ExtendedData>
      <Polygon>
        <tessellate>1</tessellate>
        <outerBoundaryIs>
          <LinearRing>
            <coordinates>-95.846277301,30.255448548,0 -95.846277189,30.255456762,0 -95.846267680,30.255456665,0 -95.846267792,30.255448451,0 -95.846277301,30.255448548,0</coordinates>
          </LinearRing>
        </outerBoundaryIs>
      </Polygon>
    </Placemark>
    <Placemark>
      <name>S. + S. — Fire-pit Walkway</name>
      <styleUrl>#role-connector</styleUrl>
      <description>id: ss_walkway
role: connector
area_sqft: 105
status: Accepted allocation connector; width is planning-only and not confirmed accessible.
layout_note: Accepted routed connector; planning-only width is not accessible
color: #93c47d
source: equipment/ss-16ft-shower-trailer.md
saved_x_ft: 146.7479
saved_y_ft: 237.6379
rotation_deg: 0
z: 0
connector_width_ft: 3.019
connector_length_ft: 34.7794</description>
      <ExtendedData>
        <Data name="id">
          <value>ss_walkway</value>
        </Data>
        <Data name="name">
          <value>S. + S. — Fire-pit Walkway</value>
        </Data>
        <Data name="role">
          <value>connector</value>
        </Data>
        <Data name="area_sqft">
          <value>105</value>
        </Data>
        <Data name="status">
          <value>Accepted allocation connector; width is planning-only and not confirmed accessible.</value>
        </Data>
        <Data name="layout_note">
          <value>Accepted routed connector; planning-only width is not accessible</value>
        </Data>
        <Data name="color">
          <value>#93c47d</value>
        </Data>
        <Data name="source">
          <value>equipment/ss-16ft-shower-trailer.md</value>
        </Data>
        <Data name="saved_x_ft">
          <value>146.7479</value>
        </Data>
        <Data name="saved_y_ft">
          <value>237.6379</value>
        </Data>
        <Data name="rotation_deg">
          <value>0</value>
        </Data>
        <Data name="z">
          <value>0</value>
        </Data>
        <Data name="connector_width_ft">
          <value>3.019</value>
        </Data>
        <Data name="connector_length_ft">
          <value>34.7794</value>
        </Data>
      </ExtendedData>
      <Polygon>
        <tessellate>1</tessellate>
        <outerBoundaryIs>
          <LinearRing>
            <coordinates>-95.846264623,30.255436994,0 -95.846240910,30.255412178,0 -95.846242792,30.255356648,0 -95.846243696,30.255353127,0 -95.846234353,30.255351337,0 -95.846233253,30.255355623,0 -95.846231239,30.255415043,0 -95.846257242,30.255442256,0 -95.846264623,30.255436994,0</coordinates>
          </LinearRing>
        </outerBoundaryIs>
      </Polygon>
    </Placemark>
    <Placemark>
      <name>S. + T. — Yurt-to-Portapotty Walkway</name>
      <styleUrl>#role-connector</styleUrl>
      <description>id: st_walkway
role: connector
area_sqft: 100
status: Accepted allocation connector; width is planning-only and not confirmed accessible.
layout_note: Accepted routed connector; planning-only width is not accessible
color: #b4a7d6
source: planning/households/st.md
saved_x_ft: 87.8361
saved_y_ft: 252.4505
rotation_deg: 0
z: 0
connector_width_ft: 1.4783
connector_length_ft: 67.6463</description>
      <ExtendedData>
        <Data name="id">
          <value>st_walkway</value>
        </Data>
        <Data name="name">
          <value>S. + T. — Yurt-to-Portapotty Walkway</value>
        </Data>
        <Data name="role">
          <value>connector</value>
        </Data>
        <Data name="area_sqft">
          <value>100</value>
        </Data>
        <Data name="status">
          <value>Accepted allocation connector; width is planning-only and not confirmed accessible.</value>
        </Data>
        <Data name="layout_note">
          <value>Accepted routed connector; planning-only width is not accessible</value>
        </Data>
        <Data name="color">
          <value>#b4a7d6</value>
        </Data>
        <Data name="source">
          <value>planning/households/st.md</value>
        </Data>
        <Data name="saved_x_ft">
          <value>87.8361</value>
        </Data>
        <Data name="saved_y_ft">
          <value>252.4505</value>
        </Data>
        <Data name="rotation_deg">
          <value>0</value>
        </Data>
        <Data name="z">
          <value>0</value>
        </Data>
        <Data name="connector_width_ft">
          <value>1.4783</value>
        </Data>
        <Data name="connector_length_ft">
          <value>67.6463</value>
        </Data>
      </ExtendedData>
      <Polygon>
        <tessellate>1</tessellate>
        <outerBoundaryIs>
          <LinearRing>
            <coordinates>-95.846452601,30.255402849,0 -95.846443252,30.255399414,0 -95.846330624,30.255350529,0 -95.846314471,30.255326403,0 -95.846315146,30.255306480,0 -95.846290469,30.255305856,0 -95.846290332,30.255309902,0 -95.846310325,30.255310408,0 -95.846309748,30.255327434,0 -95.846327268,30.255353602,0 -95.846441281,30.255403089,0 -95.846450767,30.255406574,0 -95.846452601,30.255402849,0</coordinates>
          </LinearRing>
        </outerBoundaryIs>
      </Polygon>
    </Placemark>
    <Placemark>
      <name>User-traced campsite-side road edge</name>
      <styleUrl>#role-road_edge</styleUrl>
      <description>id: road_edge
role: road_edge
status: planning-grade coordinate trace from current satellite view
source: 25 user-supplied WGS84 road-edge coordinates, 2026-07-27
warning: Not field surveyed; verify the physical west road edge and curvature before placement.
south_extent_local_y_ft: 343.161
extension_status: full curve replaced by 25 user-supplied road-edge coordinates
southern_extension_source: User trace from current Google Maps satellite view, 2026-07-27
trace_point_count: 25</description>
      <ExtendedData>
        <Data name="id">
          <value>road_edge</value>
        </Data>
        <Data name="name">
          <value>User-traced campsite-side road edge</value>
        </Data>
        <Data name="role">
          <value>road_edge</value>
        </Data>
        <Data name="status">
          <value>planning-grade coordinate trace from current satellite view</value>
        </Data>
        <Data name="source">
          <value>25 user-supplied WGS84 road-edge coordinates, 2026-07-27</value>
        </Data>
        <Data name="warning">
          <value>Not field surveyed; verify the physical west road edge and curvature before placement.</value>
        </Data>
        <Data name="south_extent_local_y_ft">
          <value>343.161</value>
        </Data>
        <Data name="extension_status">
          <value>full curve replaced by 25 user-supplied road-edge coordinates</value>
        </Data>
        <Data name="southern_extension_source">
          <value>User trace from current Google Maps satellite view, 2026-07-27</value>
        </Data>
        <Data name="trace_point_count">
          <value>25</value>
        </Data>
      </ExtendedData>
      <LineString>
        <tessellate>1</tessellate>
        <coordinates>-95.846850748,30.255345019,0 -95.846544976,30.255348494,0 -95.846469874,30.255339227,0 -95.846416230,30.255316058,0 -95.846369291,30.255278988,0 -95.846229816,30.255153878,0 -95.846209700,30.255155036,0 -95.846181537,30.255172413,0 -95.846150691,30.255250028,0 -95.846115823,30.255311424,0 -95.846079613,30.255371663,0 -95.846055473,30.255433060,0 -95.846062178,30.255492139,0 -95.846094365,30.255624200,0 -95.846118505,30.255705290,0 -95.846122528,30.255788697,0 -95.846122528,30.255872103,0 -95.846102412,30.255925391,0 -95.846109117,30.255958985,0 -95.846122528,30.255967094,0 -95.846194948,30.256004164,0 -95.846255297,30.256040075,0 -95.846290166,30.256070194,0 -95.846323694,30.256120006,0 -95.846347834,30.256173293,0</coordinates>
      </LineString>
    </Placemark>
    <Placemark>
      <name>10 ft minimum curved-road setback</name>
      <styleUrl>#role-setback_10</styleUrl>
      <description>id: setback_10
role: setback_10
offset_ft: 10
status: approximate perpendicular offset from user-traced road edge; not surveyed
south_extent_local_y_ft: 343.161
extension_status: full curve replaced by 25 user-supplied road-edge coordinates
southern_extension_source: User trace from current Google Maps satellite view, 2026-07-27
trace_point_count: 25</description>
      <ExtendedData>
        <Data name="id">
          <value>setback_10</value>
        </Data>
        <Data name="name">
          <value>10 ft minimum curved-road setback</value>
        </Data>
        <Data name="role">
          <value>setback_10</value>
        </Data>
        <Data name="offset_ft">
          <value>10</value>
        </Data>
        <Data name="status">
          <value>approximate perpendicular offset from user-traced road edge; not surveyed</value>
        </Data>
        <Data name="south_extent_local_y_ft">
          <value>343.161</value>
        </Data>
        <Data name="extension_status">
          <value>full curve replaced by 25 user-supplied road-edge coordinates</value>
        </Data>
        <Data name="southern_extension_source">
          <value>User trace from current Google Maps satellite view, 2026-07-27</value>
        </Data>
        <Data name="trace_point_count">
          <value>25</value>
        </Data>
      </ExtendedData>
      <LineString>
        <tessellate>1</tessellate>
        <coordinates>-95.846851165,30.255372397,0 -95.846542937,30.255375818,0 -95.846460423,30.255365362,0 -95.846398275,30.255338623,0 -95.846347169,30.255298598,0 -95.846218388,30.255179417,0 -95.846220373,30.255180818,0 -95.846206950,30.255188778,0 -95.846179969,30.255260523,0 -95.846144120,30.255323763,0 -95.846108770,30.255382405,0 -95.846086963,30.255436197,0 -95.846093508,30.255487977,0 -95.846125232,30.255617969,0 -95.846149863,30.255701289,0 -95.846154220,30.255788127,0 -95.846153834,30.255876401,0 -95.846134027,30.255927367,0 -95.846135882,30.255944316,0 -95.846139709,30.255944084,0 -95.846212029,30.255981098,0 -95.846275580,30.256019033,0 -95.846315285,30.256053493,0 -95.846352239,30.256108101,0 -95.846377353,30.256163316,0</coordinates>
      </LineString>
    </Placemark>
    <Placemark>
      <name>14 ft preferred curved-road setback</name>
      <styleUrl>#role-setback_14</styleUrl>
      <description>id: setback_14
role: setback_14
offset_ft: 14
status: approximate perpendicular offset from user-traced road edge; not surveyed
south_extent_local_y_ft: 343.161
extension_status: full curve replaced by 25 user-supplied road-edge coordinates
southern_extension_source: User trace from current Google Maps satellite view, 2026-07-27
trace_point_count: 25</description>
      <ExtendedData>
        <Data name="id">
          <value>setback_14</value>
        </Data>
        <Data name="name">
          <value>14 ft preferred curved-road setback</value>
        </Data>
        <Data name="role">
          <value>setback_14</value>
        </Data>
        <Data name="offset_ft">
          <value>14</value>
        </Data>
        <Data name="status">
          <value>approximate perpendicular offset from user-traced road edge; not surveyed</value>
        </Data>
        <Data name="south_extent_local_y_ft">
          <value>343.161</value>
        </Data>
        <Data name="extension_status">
          <value>full curve replaced by 25 user-supplied road-edge coordinates</value>
        </Data>
        <Data name="southern_extension_source">
          <value>User trace from current Google Maps satellite view, 2026-07-27</value>
        </Data>
        <Data name="trace_point_count">
          <value>25</value>
        </Data>
      </ExtendedData>
      <LineString>
        <tessellate>1</tessellate>
        <coordinates>-95.846851332,30.255383349,0 -95.846542121,30.255386748,0 -95.846456642,30.255375816,0 -95.846391094,30.255347649,0 -95.846338320,30.255306442,0 -95.846213816,30.255189633,0 -95.846224642,30.255191131,0 -95.846217116,30.255195324,0 -95.846191680,30.255264721,0 -95.846155439,30.255328699,0 -95.846120433,30.255386702,0 -95.846099558,30.255437452,0 -95.846106040,30.255486312,0 -95.846137578,30.255615476,0 -95.846162406,30.255699688,0 -95.846166896,30.255787899,0 -95.846166356,30.255878120,0 -95.846146674,30.255928158,0 -95.846146588,30.255938448,0 -95.846146582,30.255934880,0 -95.846218861,30.255971872,0 -95.846283693,30.256010616,0 -95.846325332,30.256046812,0 -95.846363657,30.256103339,0 -95.846389160,30.256159325,0</coordinates>
      </LineString>
    </Placemark>
    <Placemark>
      <name>Hard western limit</name>
      <styleUrl>#role-west_limit</styleUrl>
      <description>id: west_limit
role: west_limit
status: no planned pass or equipment may lie west
source: 30°15'20.86"N 95°50'47.36"W to 30°15'19.63"N 95°50'47.44"W
note: The planning constraint uses the infinite alignment through these endpoints.</description>
      <ExtendedData>
        <Data name="id">
          <value>west_limit</value>
        </Data>
        <Data name="name">
          <value>Hard western limit</value>
        </Data>
        <Data name="role">
          <value>west_limit</value>
        </Data>
        <Data name="status">
          <value>no planned pass or equipment may lie west</value>
        </Data>
        <Data name="source">
          <value>30°15'20.86"N 95°50'47.36"W to 30°15'19.63"N 95°50'47.44"W</value>
        </Data>
        <Data name="note">
          <value>The planning constraint uses the infinite alignment through these endpoints.</value>
        </Data>
      </ExtendedData>
      <LineString>
        <tessellate>1</tessellate>
        <coordinates>-95.846488889,30.255794444,0 -95.846511111,30.255452778,0</coordinates>
      </LineString>
    </Placemark>
  </Document>
</kml>